Date,avg_sentiment_score,avg_sentiment_label_score,pos_count,neut_count,neg_count,total,pct_positive,pct_neutral,pct_negative,sentiment_score_combined,sentiment_polarization,log_total_sentiment,z_sentiment_score_combined,z_sentiment_polarization,z_log_total_sentiment
2015-01-01,0.9208459258079528,-1.0,0.0,0.0,1.0,1.0,0.0,0.0,1.0,0.3445921480655669,-1.0,0.6931471805599453,-1.1423126738822376,-3.297529182661571,-1.320819012610393
2015-01-02,0.9972523748874664,0.0,1.0,2.0,1.0,4.0,0.25,0.5,0.25,0.6980766624212265,0.0,1.6094379124341003,0.4371631631206415,-0.08115763447485524,-0.6488850763600583
2015-01-03,0.9999414682388306,0.0,0.0,1.0,0.0,1.0,0.0,1.0,0.0,0.6999590277671813,0.0,0.6931471805599453,0.4455741414226665,-0.08115763447485524,-1.320819012610393
2015-01-04,0.6739664673805237,-1.0,0.0,0.0,1.0,1.0,0.0,0.0,1.0,0.17177652716636654,-1.0,0.6931471805599453,-1.9145051925969303,-3.297529182661571,-1.320819012610393
2015-01-05,0.9451522366567092,0.0,1.0,9.0,1.0,11.0,0.0909090909090909,0.8181818181818182,0.0909090909090909,0.6616065656596964,0.0,2.4849066497880004,0.274203728495917,-0.08115763447485524,-0.006886708057115773
2015-01-06,0.9912649137633188,-0.4285714285714285,0.0,4.0,3.0,7.0,0.0,0.5714285714285714,0.4285714285714285,0.5653140110628946,-0.4285714285714285,2.0794415416798357,-0.15606056058097714,-1.4596025836977333,-0.3042222115452213
2015-01-07,0.935170328617096,-0.4,0.0,3.0,2.0,5.0,0.0,0.6,0.4,0.5346192300319672,-0.4,1.791759469228055,-0.29321413589054257,-1.3677062537495417,-0.5151851085897018
2015-01-08,0.9013129770755768,0.25,1.0,3.0,0.0,4.0,0.25,0.75,0.0,0.7059190839529037,0.25,1.6094379124341003,0.4722054770263992,0.7229352525718238,-0.6488850763600583
2015-01-09,0.997582624355952,0.1666666666666666,1.0,5.0,0.0,6.0,0.1666666666666666,0.8333333333333334,0.0,0.7483078370491663,0.1666666666666666,1.9459101490553132,0.661611260185725,0.45490429022293055,-0.40214339653381637
2015-01-10,0.0,0.0,,,,0.0,0.0,0.0,0.0,0.0,0.0,0.0,-2.682054725899988,-0.08115763447485524,-1.829117413142979
2015-01-11,0.0,0.0,,,,0.0,0.0,0.0,0.0,0.0,0.0,0.0,-2.682054725899988,-0.08115763447485524,-1.829117413142979
2015-01-12,0.9989262521266936,0.5,1.0,1.0,0.0,2.0,0.5,0.5,0.0,0.8492483764886856,0.5,1.0986122886681098,1.1126441528412225,1.5270281396185026,-1.0234835091222876
2015-01-13,0.9979259570439656,0.0,0.0,3.0,0.0,3.0,0.0,1.0,0.0,0.6985481699307758,0.0,1.3862943611198906,0.4392700014347786,-0.08115763447485524,-0.8125206120778071
2015-01-14,0.9993946850299836,-0.75,0.0,1.0,3.0,4.0,0.0,0.25,0.75,0.4745762795209886,-0.75,1.6094379124341003,-0.5615042183778067,-2.493436295614892,-0.6488850763600583
2015-01-15,0.8545374393463134,0.0,1.0,3.0,1.0,5.0,0.2,0.6,0.2,0.5981762075424194,0.0,1.791759469228055,-0.009222316804260807,-0.08115763447485524,-0.5151851085897018
2015-01-16,0.9787516593933104,-0.25,0.0,3.0,1.0,4.0,0.0,0.75,0.25,0.6101261615753173,-0.25,1.6094379124341003,0.044173695981935886,-0.8852505215215343,-0.6488850763600583
2015-01-17,0.9164223670959472,-1.0,0.0,0.0,1.0,1.0,0.0,0.0,1.0,0.34149565696716294,-1.0,0.6931471805599453,-1.156148733655149,-3.297529182661571,-1.320819012610393
2015-01-18,0.9996678829193116,-1.0,0.0,0.0,1.0,1.0,0.0,0.0,1.0,0.3997675180435181,-1.0,0.6931471805599453,-0.895772415006332,-3.297529182661571,-1.320819012610393
2015-01-19,0.8129962980747223,0.5,1.0,1.0,0.0,2.0,0.5,0.5,0.0,0.7190974086523055,0.5,1.0986122886681098,0.5310902218725072,1.5270281396185026,-1.0234835091222876
2015-01-20,0.9992279940181308,0.3333333333333333,3.0,6.0,0.0,9.0,0.3333333333333333,0.6666666666666666,0.0,0.7994595958126914,0.3333333333333333,2.302585092994046,0.8901728058999969,0.9909662149207167,-0.14058667582747214
2015-01-21,0.9314399659633636,0.1666666666666666,1.0,5.0,0.0,6.0,0.1666666666666666,0.8333333333333334,0.0,0.7020079761743544,0.1666666666666666,1.9459101490553132,0.4547294632796778,0.45490429022293055,-0.40214339653381637
2015-01-22,0.9921062290668488,0.0,1.0,4.0,1.0,6.0,0.1666666666666666,0.6666666666666666,0.1666666666666666,0.6944743603467941,0.0,1.9459101490553132,0.4210669867590754,-0.08115763447485524,-0.40214339653381637
2015-01-23,0.9543157087432014,0.0,2.0,5.0,2.0,9.0,0.2222222222222222,0.5555555555555556,0.2222222222222222,0.6680209961202409,0.0,2.302585092994046,0.3028653459334816,-0.08115763447485524,-0.14058667582747214
2015-01-24,0.0,0.0,,,,0.0,0.0,0.0,0.0,0.0,0.0,0.0,-2.682054725899988,-0.08115763447485524,-1.829117413142979
2015-01-25,0.985029399394989,1.0,1.0,0.0,0.0,1.0,1.0,0.0,0.0,0.9895205795764923,1.0,0.6931471805599453,1.7394228273871508,3.1352139137118606,-1.320819012610393
2015-01-26,0.984377145767212,0.0,1.0,3.0,1.0,5.0,0.2,0.6,0.2,0.6890640020370484,0.0,1.791759469228055,0.39689186770089535,-0.08115763447485524,-0.5151851085897018
2015-01-27,0.9859328667322794,0.0,0.0,3.0,0.0,3.0,0.0,1.0,0.0,0.6901530067125956,0.0,1.3862943611198906,0.4017578703164421,-0.08115763447485524,-0.8125206120778071
2015-01-28,0.8410379588603973,0.0,0.0,2.0,0.0,2.0,0.0,1.0,0.0,0.5887265712022781,0.0,1.0986122886681098,-0.05144615310137274,-0.08115763447485524,-1.0234835091222876
2015-01-29,0.9258825659751893,0.4,2.0,3.0,0.0,5.0,0.4,0.6,0.0,0.7681177961826324,0.4,1.791759469228055,0.7501281555873789,1.2053909847998312,-0.5151851085897018
2015-01-30,0.860257109006246,0.6666666666666666,2.0,1.0,0.0,3.0,0.6666666666666666,0.3333333333333333,0.0,0.8021799763043721,0.6666666666666666,1.3862943611198906,0.9023282896045544,2.0630900643162886,-0.8125206120778071
2015-01-31,0.916333258152008,-0.3333333333333333,0.0,2.0,1.0,3.0,0.0,0.6666666666666666,0.3333333333333333,0.5414332807064055,-0.3333333333333333,1.3862943611198906,-0.26276689434162537,-1.1532814838704273,-0.8125206120778071
2015-02-01,0.9991148412227632,0.0,0.0,2.0,0.0,2.0,0.0,1.0,0.0,0.6993803888559342,0.0,1.0986122886681098,0.44298860756885566,-0.08115763447485524,-1.0234835091222876
2015-02-02,0.0,0.0,,,,0.0,0.0,0.0,0.0,0.0,0.0,0.0,-2.682054725899988,-0.08115763447485524,-1.829117413142979
2015-02-03,0.9453075528144836,0.5,1.0,1.0,0.0,2.0,0.5,0.5,0.0,0.8117152869701385,0.5,1.0986122886681098,0.9449349447287458,1.5270281396185026,-1.0234835091222876
2015-02-04,0.8367287367582321,-0.5,0.0,2.0,2.0,4.0,0.0,0.5,0.5,0.43571011573076246,-0.5,1.6094379124341003,-0.7351700059599255,-1.6893434085682133,-0.6488850763600583
2015-02-05,0.9320878585179648,0.3333333333333333,3.0,2.0,1.0,6.0,0.5,0.3333333333333333,0.1666666666666666,0.7524615009625754,0.33333333333333337,1.9459101490553132,0.6801710881833372,0.9909662149207168,-0.40214339653381637
2015-02-06,0.999946117401123,-0.3333333333333333,1.0,0.0,2.0,3.0,0.3333333333333333,0.0,0.6666666666666666,0.5999622821807861,-0.3333333333333333,1.3862943611198906,-0.001241594538319108,-1.1532814838704273,-0.8125206120778071
2015-02-07,0.0,0.0,,,,0.0,0.0,0.0,0.0,0.0,0.0,0.0,-2.682054725899988,-0.08115763447485524,-1.829117413142979
2015-02-08,0.0,0.0,,,,0.0,0.0,0.0,0.0,0.0,0.0,0.0,-2.682054725899988,-0.08115763447485524,-1.829117413142979
2015-02-09,0.9978517492612204,0.0,1.0,1.0,1.0,3.0,0.3333333333333333,0.3333333333333333,0.3333333333333333,0.6984962244828543,0.0,1.3862943611198906,0.43903789344559585,-0.08115763447485524,-0.8125206120778071
2015-02-10,0.976026177406311,-0.4444444444444444,1.0,3.0,5.0,9.0,0.1111111111111111,0.3333333333333333,0.5555555555555556,0.5498849908510843,-0.4444444444444445,2.302585092994046,-0.2250020944346034,-1.510656100335618,-0.14058667582747214
2015-02-11,0.9721956253051758,0.0,1.0,3.0,1.0,5.0,0.2,0.6,0.2,0.680536937713623,0.0,1.791759469228055,0.35879036250774676,-0.08115763447485524,-0.5151851085897018
2015-02-12,0.9802418053150176,0.5,2.0,2.0,0.0,4.0,0.5,0.5,0.0,0.8361692637205123,0.5,1.6094379124341003,1.0542027169429011,1.5270281396185026,-0.6488850763600583
2015-02-13,0.8541579331670489,0.1428571428571428,2.0,4.0,1.0,7.0,0.2857142857142857,0.5714285714285714,0.1428571428571428,0.640767696074077,0.1428571428571429,2.0794415416798357,0.1810893496639689,0.3783240152661044,-0.3042222115452213
2015-02-14,0.8404508233070374,-1.0,0.0,0.0,1.0,1.0,0.0,0.0,1.0,0.28831557631492616,-1.0,0.6931471805599453,-1.3937734356967182,-3.297529182661571,-1.320819012610393
2015-02-15,0.0,0.0,,,,0.0,0.0,0.0,0.0,0.0,0.0,0.0,-2.682054725899988,-0.08115763447485524,-1.829117413142979
2015-02-16,0.5485436916351318,-1.0,0.0,0.0,1.0,1.0,0.0,0.0,1.0,0.08398058414459225,-1.0,0.6931471805599453,-2.3068040485808994,-3.297529182661571,-1.320819012610393
2015-02-17,0.991386353969574,0.5,1.0,1.0,0.0,2.0,0.5,0.5,0.0,0.8439704477787018,0.5,1.0986122886681098,1.089060769331371,1.5270281396185026,-1.0234835091222876
2015-02-18,0.9654563069343568,0.3333333333333333,1.0,2.0,0.0,3.0,0.3333333333333333,0.6666666666666666,0.0,0.7758194148540497,0.3333333333333333,1.3862943611198906,0.7845413196816747,0.9909662149207167,-0.8125206120778071
2015-02-19,0.915889883041382,-0.2,0.0,4.0,1.0,5.0,0.0,0.8,0.2,0.5811229181289674,-0.2,1.791759469228055,-0.08542157724163144,-0.7244319441121985,-0.5151851085897018
2015-02-20,0.8140409787495931,-0.3333333333333333,0.0,2.0,1.0,3.0,0.0,0.6666666666666666,0.3333333333333333,0.4698286851247152,-0.3333333333333333,1.3862943611198906,-0.5827179076011463,-1.1532814838704273,-0.8125206120778071
2015-02-21,0.9702607989311218,-1.0,0.0,0.0,1.0,1.0,0.0,0.0,1.0,0.3791825592517853,-1.0,0.6931471805599453,-0.9877522435329319,-3.297529182661571,-1.320819012610393
2015-02-22,0.0,0.0,,,,0.0,0.0,0.0,0.0,0.0,0.0,0.0,-2.682054725899988,-0.08115763447485524,-1.829117413142979
2015-02-23,0.8927809993426005,0.0,1.0,1.0,1.0,3.0,0.3333333333333333,0.3333333333333333,0.3333333333333333,0.6249466995398203,0.0,1.3862943611198906,0.1103963469203688,-0.08115763447485524,-0.8125206120778071
2015-02-24,0.8299400607744852,0.3333333333333333,2.0,0.0,1.0,3.0,0.6666666666666666,0.0,0.3333333333333333,0.6809580425421397,0.3333333333333333,1.3862943611198906,0.36067198638227405,0.9909662149207167,-0.8125206120778071
2015-02-25,0.8988730758428574,0.0,1.0,2.0,1.0,4.0,0.25,0.5,0.25,0.6292111530900001,0.0,1.6094379124341003,0.1294512165595889,-0.08115763447485524,-0.6488850763600583
2015-02-26,0.898263692855835,0.2,1.0,4.0,0.0,5.0,0.2,0.8,0.0,0.6887845849990843,0.2,1.791759469228055,0.39564334777431337,0.562116675162488,-0.5151851085897018
2015-02-27,0.9023424386978148,0.6666666666666666,2.0,1.0,0.0,3.0,0.6666666666666666,0.3333333333333333,0.0,0.8316397070884703,0.6666666666666666,1.3862943611198906,1.0339632864668946,2.0630900643162886,-0.8125206120778071
2015-02-28,0.999947428703308,0.0,0.0,1.0,0.0,1.0,0.0,1.0,0.0,0.6999632000923156,0.0,0.6931471805599453,0.44559278463464913,-0.08115763447485524,-1.320819012610393
2015-03-01,0.0,0.0,,,,0.0,0.0,0.0,0.0,0.0,0.0,0.0,-2.682054725899988,-0.08115763447485524,-1.829117413142979
2015-03-02,0.9968690805965,-0.2222222222222222,1.0,5.0,3.0,9.0,0.1111111111111111,0.5555555555555556,0.3333333333333333,0.6311416897508834,-0.2222222222222222,2.302585092994046,0.138077438881864,-0.7959068674052365,-0.14058667582747214
2015-03-03,0.966668739914894,0.25,1.0,3.0,0.0,4.0,0.25,0.75,0.0,0.7516681179404258,0.25,1.6094379124341003,0.6766260126225087,0.7229352525718238,-0.6488850763600583
2015-03-04,0.9959414601325988,0.0,0.0,1.0,0.0,1.0,0.0,1.0,0.0,0.6971590220928191,0.0,0.6931471805599453,0.4330628682932407,-0.08115763447485524,-1.320819012610393
2015-03-05,0.999998927116394,0.0,0.0,1.0,0.0,1.0,0.0,1.0,0.0,0.6999992489814758,0.0,0.6931471805599453,0.4457538619861793,-0.08115763447485524,-1.320819012610393
2015-03-06,0.9804456532001496,0.5,1.0,1.0,0.0,2.0,0.5,0.5,0.0,0.8363119572401048,0.5,1.0986122886681098,1.0548403147927081,1.5270281396185026,-1.0234835091222876
2015-03-07,0.0,0.0,,,,0.0,0.0,0.0,0.0,0.0,0.0,0.0,-2.682054725899988,-0.08115763447485524,-1.829117413142979
2015-03-08,0.0,0.0,,,,0.0,0.0,0.0,0.0,0.0,0.0,0.0,-2.682054725899988,-0.08115763447485524,-1.829117413142979
2015-03-09,0.9223295748233796,0.0,1.0,2.0,1.0,4.0,0.25,0.5,0.25,0.6456307023763657,0.0,1.6094379124341003,0.20281873422741648,-0.08115763447485524,-0.6488850763600583
2015-03-10,0.8400444984436035,0.0,0.0,2.0,0.0,2.0,0.0,1.0,0.0,0.5880311489105224,0.0,1.0986122886681098,-0.054553510458578196,-0.08115763447485524,-1.0234835091222876
2015-03-11,0.8229867517948151,0.25,1.0,3.0,0.0,4.0,0.25,0.75,0.0,0.6510907262563704,0.25,1.6094379124341003,0.2272157740910898,0.7229352525718238,-0.6488850763600583
2015-03-12,0.8772488832473755,0.0,1.0,1.0,1.0,3.0,0.3333333333333333,0.3333333333333333,0.3333333333333333,0.6140742182731628,0.0,1.3862943611198906,0.06181480868734307,-0.08115763447485524,-0.8125206120778071
2015-03-13,0.978586807847023,-0.5,0.0,2.0,2.0,4.0,0.0,0.5,0.5,0.535010765492916,-0.5,1.6094379124341003,-0.2914646369032228,-1.6893434085682133,-0.6488850763600583
2015-03-14,0.0,0.0,,,,0.0,0.0,0.0,0.0,0.0,0.0,0.0,-2.682054725899988,-0.08115763447485524,-1.829117413142979
2015-03-15,0.9994670748710632,0.0,0.0,1.0,0.0,1.0,0.0,1.0,0.0,0.6996269524097443,0.0,0.6931471805599453,0.444090328180969,-0.08115763447485524,-1.320819012610393
2015-03-16,0.8593939145406088,0.1666666666666666,2.0,3.0,1.0,6.0,0.3333333333333333,0.5,0.1666666666666666,0.651575740178426,0.1666666666666667,1.9459101490553132,0.22938296314573112,0.45490429022293094,-0.40214339653381637
2015-03-17,0.957169473171234,1.0,2.0,0.0,0.0,2.0,1.0,0.0,0.0,0.9700186312198638,1.0,1.0986122886681098,1.6522822173948826,3.1352139137118606,-1.0234835091222876
2015-03-18,0.920088827610016,0.25,2.0,1.0,1.0,4.0,0.5,0.25,0.25,0.7190621793270111,0.25,1.6094379124341003,0.5309328065804741,0.7229352525718238,-0.6488850763600583
2015-03-19,0.8214389582475027,0.0,0.0,3.0,0.0,3.0,0.0,1.0,0.0,0.5750072707732519,0.0,1.3862943611198906,-0.11274814130226901,-0.08115763447485524,-0.8125206120778071
2015-03-20,0.9978042244911194,0.5,1.0,1.0,0.0,2.0,0.5,0.5,0.0,0.8484629571437835,0.5,1.0986122886681098,1.1091346614015516,1.5270281396185026,-1.0234835091222876
2015-03-21,0.0,0.0,,,,0.0,0.0,0.0,0.0,0.0,0.0,0.0,-2.682054725899988,-0.08115763447485524,-1.829117413142979
2015-03-22,0.0,0.0,,,,0.0,0.0,0.0,0.0,0.0,0.0,0.0,-2.682054725899988,-0.08115763447485524,-1.829117413142979
2015-03-23,0.932404124736786,0.0,1.0,3.0,1.0,5.0,0.2,0.6,0.2,0.6526828873157502,0.0,1.791759469228055,0.2343300317736116,-0.08115763447485524,-0.5151851085897018
2015-03-24,0.73734583457311,0.0,0.0,3.0,0.0,3.0,0.0,1.0,0.0,0.5161420842011769,0.0,1.3862943611198906,-0.37577561791107594,-0.08115763447485524,-0.8125206120778071
2015-03-25,0.9958885192871094,0.6,3.0,2.0,0.0,5.0,0.6,0.4,0.0,0.8771219635009766,0.6,1.791759469228055,1.2371917790838094,1.8486652944371742,-0.5151851085897018
2015-03-26,0.9848057627677916,0.0,0.0,3.0,0.0,3.0,0.0,1.0,0.0,0.6893640339374542,0.0,1.3862943611198906,0.3982325010745658,-0.08115763447485524,-0.8125206120778071
2015-03-27,0.8459986925125123,0.0,2.0,1.0,2.0,5.0,0.4,0.2,0.4,0.5921990847587585,0.0,1.791759469228055,-0.03592991113495047,-0.08115763447485524,-0.5151851085897018
2015-03-28,0.0,0.0,,,,0.0,0.0,0.0,0.0,0.0,0.0,0.0,-2.682054725899988,-0.08115763447485524,-1.829117413142979
2015-03-29,0.0,0.0,,,,0.0,0.0,0.0,0.0,0.0,0.0,0.0,-2.682054725899988,-0.08115763447485524,-1.829117413142979
2015-03-30,0.9383692294359208,-0.25,1.0,1.0,2.0,4.0,0.25,0.25,0.5,0.5818584606051446,-0.25,1.6094379124341003,-0.08213495075297535,-0.8852505215215343,-0.6488850763600583
2015-03-31,0.9986008803049724,0.3333333333333333,2.0,4.0,0.0,6.0,0.3333333333333333,0.6666666666666666,0.0,0.7990206162134806,0.3333333333333333,1.9459101490553132,0.8882113121379448,0.9909662149207167,-0.40214339653381637
2015-04-01,0.9780840873718262,0.0,1.0,1.0,1.0,3.0,0.3333333333333333,0.3333333333333333,0.3333333333333333,0.6846588611602783,0.0,1.3862943611198906,0.37720836448963024,-0.08115763447485524,-0.8125206120778071
2015-04-02,0.9820162355899812,0.5,1.0,1.0,0.0,2.0,0.5,0.5,0.0,0.8374113649129868,0.5,1.0986122886681098,1.0597528011501323,1.5270281396185026,-1.0234835091222876
2015-04-03,0.976350486278534,0.0,0.0,1.0,0.0,1.0,0.0,1.0,0.0,0.6834453403949738,0.0,0.6931471805599453,0.3717859862844818,-0.08115763447485524,-1.320819012610393
2015-04-04,0.0,0.0,,,,0.0,0.0,0.0,0.0,0.0,0.0,0.0,-2.682054725899988,-0.08115763447485524,-1.829117413142979
2015-04-05,0.0,0.0,,,,0.0,0.0,0.0,0.0,0.0,0.0,0.0,-2.682054725899988,-0.08115763447485524,-1.829117413142979
2015-04-06,0.8830004135767618,-0.3333333333333333,0.0,2.0,1.0,3.0,0.0,0.6666666666666666,0.3333333333333333,0.5181002895037333,-0.3333333333333333,1.3862943611198906,-0.3670257637203863,-1.1532814838704273,-0.8125206120778071
2015-04-07,0.9988276958465576,0.25,1.0,3.0,0.0,4.0,0.25,0.75,0.0,0.7741793870925903,0.25,1.6094379124341003,0.7772131790813406,0.7229352525718238,-0.6488850763600583
2015-04-08,0.9305897057056428,0.5,1.0,1.0,0.0,2.0,0.5,0.5,0.0,0.8014127939939499,0.5,1.0986122886681098,0.8989002867566881,1.5270281396185026,-1.0234835091222876
2015-04-09,0.9832312762737274,-0.5,0.0,1.0,1.0,2.0,0.0,0.5,0.5,0.5382618933916091,-0.5,1.0986122886681098,-0.27693761308620485,-1.6893434085682133,-1.0234835091222876
2015-04-10,0.8434008359909058,1.0,2.0,0.0,0.0,2.0,1.0,0.0,0.0,0.8903805851936339,1.0,1.0986122886681098,1.2964353152078387,3.1352139137118606,-1.0234835091222876
2015-04-11,0.0,0.0,,,,0.0,0.0,0.0,0.0,0.0,0.0,0.0,-2.682054725899988,-0.08115763447485524,-1.829117413142979
2015-04-12,0.0,0.0,,,,0.0,0.0,0.0,0.0,0.0,0.0,0.0,-2.682054725899988,-0.08115763447485524,-1.829117413142979
2015-04-13,0.992722749710083,0.5,1.0,1.0,0.0,2.0,0.5,0.5,0.0,0.8449059247970581,0.5,1.0986122886681098,1.093240763889997,1.5270281396185026,-1.0234835091222876
2015-04-14,0.926203578710556,0.25,1.0,3.0,0.0,4.0,0.25,0.75,0.0,0.7233425050973892,0.25,1.6094379124341003,0.550058598105278,0.7229352525718238,-0.6488850763600583
2015-04-15,0.9351072510083516,-0.1666666666666666,1.0,3.0,2.0,6.0,0.1666666666666666,0.5,0.3333333333333333,0.6045750757058461,-0.1666666666666667,1.9459101490553132,0.01936976357788132,-0.6172195591726414,-0.40214339653381637
2015-04-16,0.9810426235198976,0.5,2.0,2.0,0.0,4.0,0.5,0.5,0.0,0.8367298364639283,0.5,1.6094379124341003,1.0567075256888288,1.5270281396185026,-0.6488850763600583
2015-04-17,0.9999815821647644,0.5,1.0,1.0,0.0,2.0,0.5,0.5,0.0,0.849987107515335,0.5,1.0986122886681098,1.1159450267388078,1.5270281396185026,-1.0234835091222876
2015-04-18,0.0,0.0,,,,0.0,0.0,0.0,0.0,0.0,0.0,0.0,-2.682054725899988,-0.08115763447485524,-1.829117413142979
2015-04-19,0.0,0.0,,,,0.0,0.0,0.0,0.0,0.0,0.0,0.0,-2.682054725899988,-0.08115763447485524,-1.829117413142979
2015-04-20,0.9194610516230264,1.0,3.0,0.0,0.0,3.0,1.0,0.0,0.0,0.9436227361361185,1.0,1.3862943611198906,1.53433736609967,3.1352139137118606,-0.8125206120778071
2015-04-21,0.0,0.0,,,,0.0,0.0,0.0,0.0,0.0,0.0,0.0,-2.682054725899988,-0.08115763447485524,-1.829117413142979
2015-04-22,0.99969781935215,-0.25,1.0,1.0,2.0,4.0,0.25,0.25,0.5,0.624788473546505,-0.25,1.6094379124341003,0.10968934527509784,-0.8852505215215343,-0.6488850763600583
2015-04-23,0.92232745885849,0.0,1.0,1.0,1.0,3.0,0.3333333333333333,0.3333333333333333,0.3333333333333333,0.6456292212009429,0.0,1.3862943611198906,0.20281211588716222,-0.08115763447485524,-0.8125206120778071
2015-04-24,0.9956179857254028,0.0,1.0,2.0,1.0,4.0,0.25,0.5,0.25,0.696932590007782,0.0,1.6094379124341003,0.4320511011789436,-0.08115763447485524,-0.6488850763600583
2015-04-25,0.0,0.0,,,,0.0,0.0,0.0,0.0,0.0,0.0,0.0,-2.682054725899988,-0.08115763447485524,-1.829117413142979
2015-04-26,0.0,0.0,,,,0.0,0.0,0.0,0.0,0.0,0.0,0.0,-2.682054725899988,-0.08115763447485524,-1.829117413142979
2015-04-27,0.9978163242340088,0.0,0.0,1.0,0.0,1.0,0.0,1.0,0.0,0.6984714269638062,0.0,0.6931471805599453,0.4389270906223786,-0.08115763447485524,-1.320819012610393
2015-04-28,0.980227530002594,0.3333333333333333,1.0,2.0,0.0,3.0,0.3333333333333333,0.6666666666666666,0.0,0.7861592710018157,0.3333333333333333,1.3862943611198906,0.8307429276170369,0.9909662149207167,-0.8125206120778071
2015-04-29,0.9756687730550768,0.25,1.0,3.0,0.0,4.0,0.25,0.75,0.0,0.7579681411385537,0.25,1.6094379124341003,0.7047764237717471,0.7229352525718238,-0.6488850763600583
2015-04-30,0.9207658105426364,-0.3333333333333333,0.0,6.0,3.0,9.0,0.0,0.6666666666666666,0.3333333333333333,0.5445360673798455,-0.3333333333333333,2.302585092994046,-0.24890270403329948,-1.1532814838704273,-0.14058667582747214
2015-05-01,0.9470758318901062,0.2,1.0,4.0,0.0,5.0,0.2,0.8,0.0,0.7229530823230743,0.2,1.791759469228055,0.548318539241511,0.562116675162488,-0.5151851085897018
2015-05-02,0.0,0.0,,,,0.0,0.0,0.0,0.0,0.0,0.0,0.0,-2.682054725899988,-0.08115763447485524,-1.829117413142979
2015-05-03,0.9999035596847534,0.0,0.0,1.0,0.0,1.0,0.0,1.0,0.0,0.6999324917793274,0.0,0.6931471805599453,0.4454555705944571,-0.08115763447485524,-1.320819012610393
2015-05-04,0.907435268163681,0.0,0.0,4.0,0.0,4.0,0.0,1.0,0.0,0.6352046877145767,0.0,1.6094379124341003,0.15623214396461246,-0.08115763447485524,-0.6488850763600583
2015-05-05,0.9995228052139282,-0.3333333333333333,0.0,2.0,1.0,3.0,0.0,0.6666666666666666,0.3333333333333333,0.5996659636497498,-0.3333333333333333,1.3862943611198906,-0.0025656354533253505,-1.1532814838704273,-0.8125206120778071
2015-05-06,0.8974819779396057,0.0,0.0,1.0,0.0,1.0,0.0,1.0,0.0,0.6282373845577239,0.0,0.6931471805599453,0.12510012392299202,-0.08115763447485524,-1.320819012610393
2015-05-07,0.9929978847503662,0.0,0.0,2.0,0.0,2.0,0.0,1.0,0.0,0.6950985193252563,0.0,1.0986122886681098,0.42385591805561756,-0.08115763447485524,-1.0234835091222876
2015-05-08,0.9148409366607666,0.5,3.0,3.0,0.0,6.0,0.5,0.5,0.0,0.7903886556625366,0.5,1.9459101490553132,0.8496410988401132,1.5270281396185026,-0.40214339653381637
2015-05-09,0.0,0.0,,,,0.0,0.0,0.0,0.0,0.0,0.0,0.0,-2.682054725899988,-0.08115763447485524,-1.829117413142979
2015-05-10,0.9999775886535645,0.0,0.0,1.0,0.0,1.0,0.0,1.0,0.0,0.6999843120574951,0.0,0.6931471805599453,0.44568711928728155,-0.08115763447485524,-1.320819012610393
2015-05-11,0.987084686756134,0.0,0.0,1.0,0.0,1.0,0.0,1.0,0.0,0.6909592807292938,0.0,0.6931471805599453,0.4053605467440062,-0.08115763447485524,-1.320819012610393
2015-05-12,0.9999893009662628,0.5,2.0,2.0,0.0,4.0,0.5,0.5,0.0,0.8499925106763839,0.5,1.6094379124341003,1.1159691696983254,1.5270281396185026,-0.6488850763600583
2015-05-13,0.7523182233174642,0.3333333333333333,1.0,2.0,0.0,3.0,0.3333333333333333,0.6666666666666666,0.0,0.6266227563222249,0.3333333333333333,1.3862943611198906,0.11788547609503251,0.9909662149207167,-0.8125206120778071
2015-05-14,0.9999996423721312,1.0,1.0,0.0,0.0,1.0,1.0,0.0,0.0,0.9999997496604918,1.0,0.6931471805599453,1.7862469321706127,3.1352139137118606,-1.320819012610393
2015-05-15,0.8426098823547363,0.25,2.0,1.0,1.0,4.0,0.5,0.25,0.25,0.6648269176483154,0.25,1.6094379124341003,0.28859323622849614,0.7229352525718238,-0.6488850763600583
2015-05-16,0.0,0.0,,,,0.0,0.0,0.0,0.0,0.0,0.0,0.0,-2.682054725899988,-0.08115763447485524,-1.829117413142979
2015-05-17,0.0,0.0,,,,0.0,0.0,0.0,0.0,0.0,0.0,0.0,-2.682054725899988,-0.08115763447485524,-1.829117413142979
2015-05-18,0.8840174078941345,0.3333333333333333,1.0,2.0,0.0,3.0,0.3333333333333333,0.6666666666666666,0.0,0.7188121855258941,0.3333333333333333,1.3862943611198906,0.5298157585847943,0.9909662149207167,-0.8125206120778071
2015-05-19,0.9587656259536744,0.25,1.0,3.0,0.0,4.0,0.25,0.75,0.0,0.7461359381675721,0.25,1.6094379124341003,0.6519065583824658,0.7229352525718238,-0.6488850763600583
2015-05-20,0.8577842116355896,-0.5,0.0,1.0,1.0,2.0,0.0,0.5,0.5,0.45044894814491265,-0.5,1.0986122886681098,-0.6693124401590028,-1.6893434085682133,-1.0234835091222876
2015-05-21,0.954827586809794,0.6666666666666666,2.0,1.0,0.0,3.0,0.6666666666666666,0.3333333333333333,0.0,0.8683793107668557,0.6666666666666666,1.3862943611198906,1.1981269595965338,2.0630900643162886,-0.8125206120778071
2015-05-22,0.0,0.0,,,,0.0,0.0,0.0,0.0,0.0,0.0,0.0,-2.682054725899988,-0.08115763447485524,-1.829117413142979
2015-05-23,0.0,0.0,,,,0.0,0.0,0.0,0.0,0.0,0.0,0.0,-2.682054725899988,-0.08115763447485524,-1.829117413142979
2015-05-24,0.0,0.0,,,,0.0,0.0,0.0,0.0,0.0,0.0,0.0,-2.682054725899988,-0.08115763447485524,-1.829117413142979
2015-05-25,0.0,0.0,,,,0.0,0.0,0.0,0.0,0.0,0.0,0.0,-2.682054725899988,-0.08115763447485524,-1.829117413142979
2015-05-26,0.9615536332130432,-0.5,0.0,1.0,1.0,2.0,0.0,0.5,0.5,0.5230875432491302,-0.5,1.0986122886681098,-0.3447412039619049,-1.6893434085682133,-1.0234835091222876
2015-05-27,0.0,0.0,,,,0.0,0.0,0.0,0.0,0.0,0.0,0.0,-2.682054725899988,-0.08115763447485524,-1.829117413142979
2015-05-28,0.9992560744285583,-0.6666666666666666,0.0,1.0,2.0,3.0,0.0,0.3333333333333333,0.6666666666666666,0.4994792520999909,-0.6666666666666666,1.3862943611198906,-0.45023019685588017,-2.225405333265999,-0.8125206120778071
2015-05-29,0.9941611886024476,0.0,0.0,1.0,0.0,1.0,0.0,1.0,0.0,0.6959128320217133,0.0,0.6931471805599453,0.4274945137382683,-0.08115763447485524,-1.320819012610393
2015-05-30,0.0,0.0,,,,0.0,0.0,0.0,0.0,0.0,0.0,0.0,-2.682054725899988,-0.08115763447485524,-1.829117413142979
2015-05-31,0.0,0.0,,,,0.0,0.0,0.0,0.0,0.0,0.0,0.0,-2.682054725899988,-0.08115763447485524,-1.829117413142979
2015-06-01,0.9999910593032836,0.0,0.0,1.0,0.0,1.0,0.0,1.0,0.0,0.6999937415122984,0.0,0.6931471805599453,0.4457292529463616,-0.08115763447485524,-1.320819012610393
2015-06-02,0.8793783187866211,-1.0,0.0,0.0,1.0,1.0,0.0,0.0,1.0,0.3155648231506348,-1.0,0.6931471805599453,-1.2720155503987371,-3.297529182661571,-1.320819012610393
2015-06-03,0.8820294260978698,0.2,1.0,4.0,0.0,5.0,0.2,0.8,0.0,0.6774205982685089,0.2,1.791759469228055,0.3448656143121178,0.562116675162488,-0.5151851085897018
2015-06-04,0.963374400138855,0.0,1.0,3.0,1.0,5.0,0.2,0.6,0.2,0.6743620800971984,0.0,1.791759469228055,0.3311992290747763,-0.08115763447485524,-0.5151851085897018
2015-06-05,0.8045057058334351,0.0,0.0,2.0,0.0,2.0,0.0,1.0,0.0,0.5631539940834045,0.0,1.0986122886681098,-0.16571217044807263,-0.08115763447485524,-1.0234835091222876
2015-06-06,0.0,0.0,,,,0.0,0.0,0.0,0.0,0.0,0.0,0.0,-2.682054725899988,-0.08115763447485524,-1.829117413142979
2015-06-07,0.0,0.0,,,,0.0,0.0,0.0,0.0,0.0,0.0,0.0,-2.682054725899988,-0.08115763447485524,-1.829117413142979
2015-06-08,0.7247292995452881,1.0,1.0,0.0,0.0,1.0,1.0,0.0,0.0,0.8073105096817017,1.0,0.6931471805599453,0.9252530661402402,3.1352139137118606,-1.320819012610393
2015-06-09,0.8792593876520792,0.0,0.0,3.0,0.0,3.0,0.0,1.0,0.0,0.6154815713564554,0.0,1.3862943611198906,0.06810328837716531,-0.08115763447485524,-0.8125206120778071
2015-06-10,0.8882176876068115,0.5,1.0,1.0,0.0,2.0,0.5,0.5,0.0,0.7717523813247681,0.5,1.0986122886681098,0.766368582470003,1.5270281396185026,-1.0234835091222876
2015-06-11,0.6895387172698975,0.0,0.0,1.0,0.0,1.0,0.0,1.0,0.0,0.48267710208892817,0.0,0.6931471805599453,-0.5253072904042254,-0.08115763447485524,-1.320819012610393
2015-06-12,0.944944163163503,-0.3333333333333333,0.0,2.0,1.0,3.0,0.0,0.6666666666666666,0.3333333333333333,0.5614609142144521,-0.3333333333333333,1.3862943611198906,-0.17327736392762538,-1.1532814838704273,-0.8125206120778071
2015-06-13,0.9988570213317872,-1.0,0.0,0.0,1.0,1.0,0.0,0.0,1.0,0.399199914932251,-1.0,0.6931471805599453,-0.8983086375644497,-3.297529182661571,-1.320819012610393
2015-06-14,0.0,0.0,,,,0.0,0.0,0.0,0.0,0.0,0.0,0.0,-2.682054725899988,-0.08115763447485524,-1.829117413142979
2015-06-15,0.9998698433240256,0.3333333333333333,1.0,2.0,0.0,3.0,0.3333333333333333,0.6666666666666666,0.0,0.7999088903268179,0.3333333333333333,1.3862943611198906,0.8921803898250078,0.9909662149207167,-0.8125206120778071
2015-06-16,0.7568311010088239,0.5714285714285714,4.0,3.0,0.0,7.0,0.5714285714285714,0.4285714285714285,0.0,0.7012103421347481,0.5714285714285714,2.0794415416798357,0.45116539288574375,1.7567689644889823,-0.3042222115452213
2015-06-17,0.999983549118042,0.0,0.0,2.0,0.0,2.0,0.0,1.0,0.0,0.6999884843826294,0.0,1.0986122886681098,0.4457057624992642,-0.08115763447485524,-1.0234835091222876
2015-06-18,0.9421133995056152,-0.25,1.0,1.0,2.0,4.0,0.25,0.25,0.5,0.5844793796539307,-0.25,1.6094379124341003,-0.07042389088987444,-0.8852505215215343,-0.6488850763600583
2015-06-19,0.9411365240812302,0.0,1.0,2.0,1.0,4.0,0.25,0.5,0.25,0.658795566856861,0.0,1.6094379124341003,0.2616433347400102,-0.08115763447485524,-0.6488850763600583
2015-06-20,0.0,0.0,,,,0.0,0.0,0.0,0.0,0.0,0.0,0.0,-2.682054725899988,-0.08115763447485524,-1.829117413142979
2015-06-21,0.0,0.0,,,,0.0,0.0,0.0,0.0,0.0,0.0,0.0,-2.682054725899988,-0.08115763447485524,-1.829117413142979
2015-06-22,0.993532419204712,0.0,0.0,1.0,0.0,1.0,0.0,1.0,0.0,0.6954726934432984,0.0,0.6931471805599453,0.42552784130622057,-0.08115763447485524,-1.320819012610393
2015-06-23,0.9999608993530272,0.0,0.0,2.0,0.0,2.0,0.0,1.0,0.0,0.699972629547119,0.0,1.0986122886681098,0.4456349182937297,-0.08115763447485524,-1.0234835091222876
2015-06-24,0.0,0.0,,,,0.0,0.0,0.0,0.0,0.0,0.0,0.0,-2.682054725899988,-0.08115763447485524,-1.829117413142979
2015-06-25,0.9784173965454102,-0.25,1.0,1.0,2.0,4.0,0.25,0.25,0.5,0.6098921775817872,-0.25,1.6094379124341003,0.04312818465395039,-0.8852505215215343,-0.6488850763600583
2015-06-26,0.9382016857465107,-0.6666666666666666,0.0,1.0,2.0,3.0,0.0,0.3333333333333333,0.6666666666666666,0.4567411800225575,-0.6666666666666666,1.3862943611198906,-0.641196842988713,-2.225405333265999,-0.8125206120778071
2015-06-27,0.0,0.0,,,,0.0,0.0,0.0,0.0,0.0,0.0,0.0,-2.682054725899988,-0.08115763447485524,-1.829117413142979
2015-06-28,0.0,0.0,,,,0.0,0.0,0.0,0.0,0.0,0.0,0.0,-2.682054725899988,-0.08115763447485524,-1.829117413142979
2015-06-29,0.0,0.0,,,,0.0,0.0,0.0,0.0,0.0,0.0,0.0,-2.682054725899988,-0.08115763447485524,-1.829117413142979
2015-06-30,0.9524977087974548,0.0,0.0,5.0,0.0,5.0,0.0,1.0,0.0,0.6667483961582183,0.0,1.791759469228055,0.2971789839895946,-0.08115763447485524,-0.5151851085897018
2015-07-01,0.999947190284729,-0.5,0.0,1.0,1.0,2.0,0.0,0.5,0.5,0.5499630331993103,-0.5,1.0986122886681098,-0.22465337759332807,-1.6893434085682133,-1.0234835091222876
2015-07-02,0.9998351335525512,0.0,1.0,0.0,1.0,2.0,0.5,0.0,0.5,0.6998845934867858,0.0,1.0986122886681098,0.4452415465208961,-0.08115763447485524,-1.0234835091222876
2015-07-03,0.958434502283732,0.0,0.0,3.0,0.0,3.0,0.0,1.0,0.0,0.6709041515986123,0.0,1.3862943611198906,0.3157481575630404,-0.08115763447485524,-0.8125206120778071
2015-07-04,0.9679192900657654,-1.0,0.0,0.0,1.0,1.0,0.0,0.0,1.0,0.37754350304603573,-1.0,0.6931471805599453,-0.9950760429281899,-3.297529182661571,-1.320819012610393
2015-07-05,0.0,0.0,,,,0.0,0.0,0.0,0.0,0.0,0.0,0.0,-2.682054725899988,-0.08115763447485524,-1.829117413142979
2015-07-06,0.9373475193977356,-0.2,1.0,2.0,2.0,5.0,0.2,0.4,0.4,0.596143263578415,-0.2,1.791759469228055,-0.01830612596342279,-0.7244319441121985,-0.5151851085897018
2015-07-07,0.9998577535152436,-0.5,0.0,1.0,1.0,2.0,0.0,0.5,0.5,0.5499004274606705,-0.5,1.0986122886681098,-0.22493311898912738,-1.6893434085682133,-1.0234835091222876
2015-07-08,0.9959110617637634,0.0,0.0,2.0,0.0,2.0,0.0,1.0,0.0,0.6971377432346344,0.0,1.0986122886681098,0.43296778791212975,-0.08115763447485524,-1.0234835091222876
2015-07-09,0.99980229139328,0.0,1.0,1.0,1.0,3.0,0.3333333333333333,0.3333333333333333,0.3333333333333333,0.699861603975296,0.0,1.3862943611198906,0.445138822422872,-0.08115763447485524,-0.8125206120778071
2015-07-10,0.929822047551473,0.5,3.0,3.0,0.0,6.0,0.5,0.5,0.0,0.8008754332860311,0.5,1.9459101490553132,0.8964991964134243,1.5270281396185026,-0.40214339653381637
2015-07-11,0.9999675750732422,0.0,0.0,1.0,0.0,1.0,0.0,1.0,0.0,0.6999773025512694,0.0,0.6931471805599453,0.44565579869115035,-0.08115763447485524,-1.320819012610393
2015-07-12,0.0,0.0,,,,0.0,0.0,0.0,0.0,0.0,0.0,0.0,-2.682054725899988,-0.08115763447485524,-1.829117413142979
2015-07-13,0.0,0.0,,,,0.0,0.0,0.0,0.0,0.0,0.0,0.0,-2.682054725899988,-0.08115763447485524,-1.829117413142979
2015-07-14,0.9999790191650392,0.0,0.0,1.0,0.0,1.0,0.0,1.0,0.0,0.6999853134155274,0.0,0.6931471805599453,0.4456915936581576,-0.08115763447485524,-1.320819012610393
2015-07-15,0.8667474190394083,0.0,1.0,1.0,1.0,3.0,0.3333333333333333,0.3333333333333333,0.3333333333333333,0.6067231933275858,0.0,1.3862943611198906,0.028968203511700322,-0.08115763447485524,-0.8125206120778071
2015-07-16,0.99763685464859,0.5,1.0,1.0,0.0,2.0,0.5,0.5,0.0,0.848345798254013,0.5,1.0986122886681098,1.1086111600090793,1.5270281396185026,-1.0234835091222876
2015-07-17,0.9957974553108216,0.5,2.0,2.0,0.0,4.0,0.5,0.5,0.0,0.8470582187175751,0.5,1.6094379124341003,1.1028578647912393,1.5270281396185026,-0.6488850763600583
2015-07-18,0.0,0.0,,,,0.0,0.0,0.0,0.0,0.0,0.0,0.0,-2.682054725899988,-0.08115763447485524,-1.829117413142979
2015-07-19,0.0,0.0,,,,0.0,0.0,0.0,0.0,0.0,0.0,0.0,-2.682054725899988,-0.08115763447485524,-1.829117413142979
2015-07-20,0.999982476234436,-1.0,0.0,0.0,1.0,1.0,0.0,0.0,1.0,0.39998773336410515,-1.0,0.6931471805599453,-0.8947884262778892,-3.297529182661571,-1.320819012610393
2015-07-21,0.869094967842102,-0.5,0.0,1.0,1.0,2.0,0.0,0.5,0.5,0.45836647748947135,-0.5,1.0986122886681098,-0.6339345218043979,-1.6893434085682133,-1.0234835091222876
2015-07-22,0.9959791898727416,1.0,2.0,0.0,0.0,2.0,1.0,0.0,0.0,0.9971854329109191,1.0,1.0986122886681098,1.773671712824087,3.1352139137118606,-1.0234835091222876
2015-07-23,0.9933291375637054,-0.5,0.0,2.0,2.0,4.0,0.0,0.5,0.5,0.5453303962945938,-0.5,1.6094379124341003,-0.24535340193794575,-1.6893434085682133,-0.6488850763600583
2015-07-24,0.91079576810201,0.0,0.0,3.0,0.0,3.0,0.0,1.0,0.0,0.6375570376714069,0.0,1.3862943611198906,0.16674315580840068,-0.08115763447485524,-0.8125206120778071
2015-07-25,0.0,0.0,,,,0.0,0.0,0.0,0.0,0.0,0.0,0.0,-2.682054725899988,-0.08115763447485524,-1.829117413142979
2015-07-26,0.0,0.0,,,,0.0,0.0,0.0,0.0,0.0,0.0,0.0,-2.682054725899988,-0.08115763447485524,-1.829117413142979
2015-07-27,0.9090564846992492,0.0,0.0,1.0,0.0,1.0,0.0,1.0,0.0,0.6363395392894744,0.0,0.6931471805599453,0.1613030044078285,-0.08115763447485524,-1.320819012610393
2015-07-28,0.9985411465168,0.0,0.0,2.0,0.0,2.0,0.0,1.0,0.0,0.69897880256176,0.0,1.0986122886681098,0.44119419841552715,-0.08115763447485524,-1.0234835091222876
2015-07-29,0.9964789152145386,1.0,2.0,0.0,0.0,2.0,1.0,0.0,0.0,0.997535240650177,1.0,1.0986122886681098,1.7752347597167113,3.1352139137118606,-1.0234835091222876
2015-07-30,0.9985911548137664,0.25,1.0,3.0,0.0,4.0,0.25,0.75,0.0,0.7740138083696364,0.25,1.6094379124341003,0.7764733232138095,0.7229352525718238,-0.6488850763600583
2015-07-31,0.0,0.0,,,,0.0,0.0,0.0,0.0,0.0,0.0,0.0,-2.682054725899988,-0.08115763447485524,-1.829117413142979
2015-08-01,0.0,0.0,,,,0.0,0.0,0.0,0.0,0.0,0.0,0.0,-2.682054725899988,-0.08115763447485524,-1.829117413142979
2015-08-02,0.0,0.0,,,,0.0,0.0,0.0,0.0,0.0,0.0,0.0,-2.682054725899988,-0.08115763447485524,-1.829117413142979
2015-08-03,0.9790902137756348,-1.0,0.0,0.0,1.0,1.0,0.0,0.0,1.0,0.3853631496429443,-1.0,0.6931471805599453,-0.9601354943266973,-3.297529182661571,-1.320819012610393
2015-08-04,0.9241872131824492,-1.0,0.0,0.0,2.0,2.0,0.0,0.0,1.0,0.3469310492277144,-1.0,1.0986122886681098,-1.1318617553250727,-3.297529182661571,-1.0234835091222876
2015-08-05,0.0,0.0,,,,0.0,0.0,0.0,0.0,0.0,0.0,0.0,-2.682054725899988,-0.08115763447485524,-1.829117413142979
2015-08-06,0.9999960660934448,0.0,0.0,1.0,0.0,1.0,0.0,1.0,0.0,0.6999972462654114,0.0,0.6931471805599453,0.4457449132444277,-0.08115763447485524,-1.320819012610393
2015-08-07,0.9871101528406144,-0.25,1.0,1.0,2.0,4.0,0.25,0.25,0.5,0.6159771069884301,-0.25,1.6094379124341003,0.07031749161745342,-0.8852505215215343,-0.6488850763600583
2015-08-08,0.0,0.0,,,,0.0,0.0,0.0,0.0,0.0,0.0,0.0,-2.682054725899988,-0.08115763447485524,-1.829117413142979
2015-08-09,0.0,0.0,,,,0.0,0.0,0.0,0.0,0.0,0.0,0.0,-2.682054725899988,-0.08115763447485524,-1.829117413142979
2015-08-10,0.9999916553497314,1.0,1.0,0.0,0.0,1.0,1.0,0.0,0.0,0.999994158744812,1.0,0.6931471805599453,1.7862219502665568,3.1352139137118606,-1.320819012610393
2015-08-11,0.9999829530715942,0.0,0.0,1.0,0.0,1.0,0.0,1.0,0.0,0.699988067150116,0.0,0.6931471805599453,0.44570389817806594,-0.08115763447485524,-1.320819012610393
2015-08-12,0.7804914116859436,0.0,0.0,1.0,0.0,1.0,0.0,1.0,0.0,0.5463439881801605,0.0,0.6931471805599453,-0.2408243665012646,-0.08115763447485524,-1.320819012610393
2015-08-13,0.9984281063079834,1.0,1.0,0.0,0.0,1.0,1.0,0.0,0.0,0.9988996744155882,1.0,0.6931471805599453,1.7813314628992718,3.1352139137118606,-1.320819012610393
2015-08-14,0.0,0.0,,,,0.0,0.0,0.0,0.0,0.0,0.0,0.0,-2.682054725899988,-0.08115763447485524,-1.829117413142979
2015-08-15,0.0,0.0,,,,0.0,0.0,0.0,0.0,0.0,0.0,0.0,-2.682054725899988,-0.08115763447485524,-1.829117413142979
2015-08-16,0.0,0.0,,,,0.0,0.0,0.0,0.0,0.0,0.0,0.0,-2.682054725899988,-0.08115763447485524,-1.829117413142979
2015-08-17,0.0,0.0,,,,0.0,0.0,0.0,0.0,0.0,0.0,0.0,-2.682054725899988,-0.08115763447485524,-1.829117413142979
2015-08-18,0.9950631260871888,0.0,1.0,0.0,1.0,2.0,0.5,0.0,0.5,0.6965441882610321,0.0,1.0986122886681098,0.4303156045754805,-0.08115763447485524,-1.0234835091222876
2015-08-19,0.9991357922554016,0.5,1.0,1.0,0.0,2.0,0.5,0.5,0.0,0.8493950545787811,0.5,1.0986122886681098,1.113299554958472,1.5270281396185026,-1.0234835091222876
2015-08-20,0.7901503046353658,0.3333333333333333,1.0,2.0,0.0,3.0,0.3333333333333333,0.6666666666666666,0.0,0.653105213244756,0.3333333333333333,1.3862943611198906,0.23621711189484523,0.9909662149207167,-0.8125206120778071
2015-08-21,0.9643632620573044,0.0,0.0,4.0,0.0,4.0,0.0,1.0,0.0,0.675054283440113,0.0,1.6094379124341003,0.3342922031939369,-0.08115763447485524,-0.6488850763600583
2015-08-22,0.0,0.0,,,,0.0,0.0,0.0,0.0,0.0,0.0,0.0,-2.682054725899988,-0.08115763447485524,-1.829117413142979
2015-08-23,0.9999297857284546,0.0,0.0,1.0,0.0,1.0,0.0,1.0,0.0,0.6999508500099182,0.0,0.6931471805599453,0.44553760072718074,-0.08115763447485524,-1.320819012610393
2015-08-24,0.0,0.0,,,,0.0,0.0,0.0,0.0,0.0,0.0,0.0,-2.682054725899988,-0.08115763447485524,-1.829117413142979
2015-08-25,0.9998815059661864,1.0,1.0,0.0,0.0,1.0,1.0,0.0,0.0,0.9999170541763305,1.0,0.6931471805599453,1.7858774237091173,3.1352139137118606,-1.320819012610393
2015-08-26,0.972989559173584,1.0,1.0,0.0,0.0,1.0,1.0,0.0,0.0,0.9810926914215088,1.0,0.6931471805599453,1.70176447134283,3.1352139137118606,-1.320819012610393
2015-08-27,0.9999454021453856,0.0,0.0,1.0,0.0,1.0,0.0,1.0,0.0,0.6999617815017699,0.0,0.6931471805599453,0.44558644594257485,-0.08115763447485524,-1.320819012610393
2015-08-28,0.978144347667694,-0.5,0.0,1.0,1.0,2.0,0.0,0.5,0.5,0.5347010433673858,-0.5,1.0986122886681098,-0.2928485691367237,-1.6893434085682133,-1.0234835091222876
2015-08-29,0.0,0.0,,,,0.0,0.0,0.0,0.0,0.0,0.0,0.0,-2.682054725899988,-0.08115763447485524,-1.829117413142979
2015-08-30,0.0,0.0,,,,0.0,0.0,0.0,0.0,0.0,0.0,0.0,-2.682054725899988,-0.08115763447485524,-1.829117413142979
2015-08-31,0.9998382776975632,0.0,1.0,2.0,1.0,4.0,0.25,0.5,0.25,0.6998867943882942,0.0,1.6094379124341003,0.44525138081521715,-0.08115763447485524,-0.6488850763600583
2015-09-01,0.7924345334370931,0.6666666666666666,2.0,1.0,0.0,3.0,0.6666666666666666,0.3333333333333333,0.0,0.7547041734059651,0.6666666666666666,1.3862943611198906,0.6901920276892818,2.0630900643162886,-0.8125206120778071
2015-09-02,0.7517509460449219,0.0,0.0,2.0,0.0,2.0,0.0,1.0,0.0,0.5262256622314453,0.0,1.0986122886681098,-0.3307191381997265,-0.08115763447485524,-1.0234835091222876
2015-09-03,0.0,0.0,,,,0.0,0.0,0.0,0.0,0.0,0.0,0.0,-2.682054725899988,-0.08115763447485524,-1.829117413142979
2015-09-04,0.9999101161956788,1.0,1.0,0.0,0.0,1.0,1.0,0.0,0.0,0.9999370813369752,1.0,0.6931471805599453,1.785966911126635,3.1352139137118606,-1.320819012610393
2015-09-05,0.0,0.0,,,,0.0,0.0,0.0,0.0,0.0,0.0,0.0,-2.682054725899988,-0.08115763447485524,-1.829117413142979
2015-09-06,0.0,0.0,,,,0.0,0.0,0.0,0.0,0.0,0.0,0.0,-2.682054725899988,-0.08115763447485524,-1.829117413142979
2015-09-07,0.0,0.0,,,,0.0,0.0,0.0,0.0,0.0,0.0,0.0,-2.682054725899988,-0.08115763447485524,-1.829117413142979
2015-09-08,0.9828169345855712,0.0,0.0,1.0,0.0,1.0,0.0,1.0,0.0,0.6879718542098998,0.0,0.6931471805599453,0.39201182053232037,-0.08115763447485524,-1.320819012610393
2015-09-09,0.8892408907413483,0.25,2.0,1.0,1.0,4.0,0.5,0.25,0.25,0.6974686235189437,0.25,1.6094379124341003,0.43444626120525204,0.7229352525718238,-0.6488850763600583
2015-09-10,0.8860892454783121,0.3333333333333333,1.0,2.0,0.0,3.0,0.3333333333333333,0.6666666666666666,0.0,0.7202624718348184,0.3333333333333333,1.3862943611198906,0.5362960769259176,0.9909662149207167,-0.8125206120778071
2015-09-11,0.9979687333106996,-1.0,0.0,0.0,1.0,1.0,0.0,0.0,1.0,0.39857811331748966,-1.0,0.6931471805599453,-0.9010870354462215,-3.297529182661571,-1.320819012610393
2015-09-12,0.0,0.0,,,,0.0,0.0,0.0,0.0,0.0,0.0,0.0,-2.682054725899988,-0.08115763447485524,-1.829117413142979
2015-09-13,0.0,0.0,,,,0.0,0.0,0.0,0.0,0.0,0.0,0.0,-2.682054725899988,-0.08115763447485524,-1.829117413142979
2015-09-14,0.9992826581001282,0.0,0.0,1.0,0.0,1.0,0.0,1.0,0.0,0.6994978606700897,0.0,0.6931471805599453,0.4435135072022261,-0.08115763447485524,-1.320819012610393
2015-09-15,0.8363868445158005,0.0,1.0,2.0,1.0,4.0,0.25,0.5,0.25,0.5854707911610603,0.0,1.6094379124341003,-0.06599396409975147,-0.08115763447485524,-0.6488850763600583
2015-09-16,0.8727982044219971,0.0,0.0,2.0,0.0,2.0,0.0,1.0,0.0,0.6109587430953979,0.0,1.0986122886681098,0.047893922299910546,-0.08115763447485524,-1.0234835091222876
2015-09-17,0.9978041052818298,1.0,1.0,0.0,0.0,1.0,1.0,0.0,0.0,0.9984628736972809,1.0,0.6931471805599453,1.7793797050368105,3.1352139137118606,-1.320819012610393
2015-09-18,0.9838147163391112,0.3333333333333333,1.0,2.0,0.0,3.0,0.3333333333333333,0.6666666666666666,0.0,0.7886703014373778,0.3333333333333333,1.3862943611198906,0.8419629718845452,0.9909662149207167,-0.8125206120778071
2015-09-19,0.0,0.0,,,,0.0,0.0,0.0,0.0,0.0,0.0,0.0,-2.682054725899988,-0.08115763447485524,-1.829117413142979
2015-09-20,0.9315484762191772,1.0,1.0,0.0,0.0,1.0,1.0,0.0,0.0,0.9520839333534241,1.0,0.6931471805599453,1.5721445571196526,3.1352139137118606,-1.320819012610393
2015-09-21,0.8090649545192719,0.0,1.0,0.0,1.0,2.0,0.5,0.0,0.5,0.5663454681634903,0.0,1.0986122886681098,-0.15145169795437624,-0.08115763447485524,-1.0234835091222876
2015-09-22,0.9993692934513092,0.0,0.0,2.0,0.0,2.0,0.0,1.0,0.0,0.6995585054159164,0.0,1.0986122886681098,0.4437844862883935,-0.08115763447485524,-1.0234835091222876
2015-09-23,0.9905840357144674,-0.3333333333333333,0.0,2.0,1.0,3.0,0.0,0.6666666666666666,0.3333333333333333,0.5934088250001271,-0.3333333333333333,1.3862943611198906,-0.030524425455401523,-1.1532814838704273,-0.8125206120778071
2015-09-24,0.0,0.0,,,,0.0,0.0,0.0,0.0,0.0,0.0,0.0,-2.682054725899988,-0.08115763447485524,-1.829117413142979
2015-09-25,0.9205235640207926,0.6666666666666666,2.0,1.0,0.0,3.0,0.6666666666666666,0.3333333333333333,0.0,0.8443664948145547,0.6666666666666666,1.3862943611198906,1.090830427401362,2.0630900643162886,-0.8125206120778071
2015-09-26,0.0,0.0,,,,0.0,0.0,0.0,0.0,0.0,0.0,0.0,-2.682054725899988,-0.08115763447485524,-1.829117413142979
2015-09-27,0.0,0.0,,,,0.0,0.0,0.0,0.0,0.0,0.0,0.0,-2.682054725899988,-0.08115763447485524,-1.829117413142979
2015-09-28,0.9978949427604676,1.0,1.0,0.0,0.0,1.0,1.0,0.0,0.0,0.9985264599323274,1.0,0.6931471805599453,1.7796638275874261,3.1352139137118606,-1.320819012610393
2015-09-29,0.9999780654907228,-1.0,0.0,0.0,1.0,1.0,0.0,0.0,1.0,0.39998464584350596,-1.0,0.6931471805599453,-0.8948022222547556,-3.297529182661571,-1.320819012610393
2015-09-30,0.9999892711639404,1.0,1.0,0.0,0.0,1.0,1.0,0.0,0.0,0.9999924898147583,1.0,0.6931471805599453,1.7862144929817636,3.1352139137118606,-1.320819012610393
2015-10-01,0.9318860769271852,-0.5,0.0,1.0,1.0,2.0,0.0,0.5,0.5,0.5023202538490296,-0.5,1.0986122886681098,-0.4375357408521453,-1.6893434085682133,-1.0234835091222876
2015-10-02,0.8759168982505798,-1.0,0.0,0.0,2.0,2.0,0.0,0.0,1.0,0.3131418287754058,-1.0,1.0986122886681098,-1.2828422228934122,-3.297529182661571,-1.0234835091222876
2015-10-03,0.0,0.0,,,,0.0,0.0,0.0,0.0,0.0,0.0,0.0,-2.682054725899988,-0.08115763447485524,-1.829117413142979
2015-10-04,0.9999868869781494,-1.0,0.0,0.0,2.0,2.0,0.0,0.0,1.0,0.39999082088470456,-1.0,1.0986122886681098,-0.8947746303010219,-3.297529182661571,-1.0234835091222876
2015-10-05,0.9225537180900574,-0.3333333333333333,0.0,2.0,1.0,3.0,0.0,0.6666666666666666,0.3333333333333333,0.5457876026630402,-0.3333333333333333,1.3862943611198906,-0.24331046545230867,-1.1532814838704273,-0.8125206120778071
2015-10-06,0.9986526966094972,0.0,0.0,1.0,0.0,1.0,0.0,1.0,0.0,0.699056887626648,0.0,0.6931471805599453,0.44154310612778186,-0.08115763447485524,-1.320819012610393
2015-10-07,0.8150765001773834,-0.5,0.0,1.0,1.0,2.0,0.0,0.5,0.5,0.4205535501241683,-0.5,1.0986122886681098,-0.80289413014455,-1.6893434085682133,-1.0234835091222876
2015-10-08,0.7048789858818054,-1.0,0.0,0.0,1.0,1.0,0.0,0.0,1.0,0.19341529011726377,-1.0,0.6931471805599453,-1.8178166480198767,-3.297529182661571,-1.320819012610393
2015-10-09,0.9766982197761536,0.0,0.0,1.0,0.0,1.0,0.0,1.0,0.0,0.6836887538433074,0.0,0.6931471805599453,0.3728736312715478,-0.08115763447485524,-1.320819012610393
2015-10-10,0.0,0.0,,,,0.0,0.0,0.0,0.0,0.0,0.0,0.0,-2.682054725899988,-0.08115763447485524,-1.829117413142979
2015-10-11,0.0,0.0,,,,0.0,0.0,0.0,0.0,0.0,0.0,0.0,-2.682054725899988,-0.08115763447485524,-1.829117413142979
2015-10-12,0.9999151229858398,1.0,1.0,0.0,0.0,1.0,1.0,0.0,0.0,0.9999405860900878,1.0,0.6931471805599453,1.7859825714246995,3.1352139137118606,-1.320819012610393
2015-10-13,0.9999496936798096,-1.0,0.0,0.0,1.0,1.0,0.0,0.0,1.0,0.3999647855758666,-1.0,0.6931471805599453,-0.8948909639437937,-3.297529182661571,-1.320819012610393
2015-10-14,0.0,0.0,,,,0.0,0.0,0.0,0.0,0.0,0.0,0.0,-2.682054725899988,-0.08115763447485524,-1.829117413142979
2015-10-15,0.8499130308628082,-0.5,0.0,1.0,1.0,2.0,0.0,0.5,0.5,0.44493912160396565,-0.5,1.0986122886681098,-0.6939320133908496,-1.6893434085682133,-1.0234835091222876
2015-10-16,0.9397450983524324,0.0,1.0,0.0,1.0,2.0,0.5,0.0,0.5,0.6578215688467026,0.0,1.0986122886681098,0.25729121672675487,-0.08115763447485524,-1.0234835091222876
2015-10-17,0.0,0.0,,,,0.0,0.0,0.0,0.0,0.0,0.0,0.0,-2.682054725899988,-0.08115763447485524,-1.829117413142979
2015-10-18,0.0,0.0,,,,0.0,0.0,0.0,0.0,0.0,0.0,0.0,-2.682054725899988,-0.08115763447485524,-1.829117413142979
2015-10-19,0.0,0.0,,,,0.0,0.0,0.0,0.0,0.0,0.0,0.0,-2.682054725899988,-0.08115763447485524,-1.829117413142979
2015-10-20,0.0,0.0,,,,0.0,0.0,0.0,0.0,0.0,0.0,0.0,-2.682054725899988,-0.08115763447485524,-1.829117413142979
2015-10-21,0.9964710772037506,-0.5,0.0,1.0,1.0,2.0,0.0,0.5,0.5,0.5475297540426254,-0.5,1.0986122886681098,-0.23552600560554018,-1.6893434085682133,-1.0234835091222876
2015-10-22,0.995827853679657,0.0,0.0,1.0,0.0,1.0,0.0,1.0,0.0,0.6970794975757598,0.0,0.6931471805599453,0.4327075286728519,-0.08115763447485524,-1.320819012610393
2015-10-23,0.0,0.0,,,,0.0,0.0,0.0,0.0,0.0,0.0,0.0,-2.682054725899988,-0.08115763447485524,-1.829117413142979
2015-10-24,0.0,0.0,,,,0.0,0.0,0.0,0.0,0.0,0.0,0.0,-2.682054725899988,-0.08115763447485524,-1.829117413142979
2015-10-25,0.0,0.0,,,,0.0,0.0,0.0,0.0,0.0,0.0,0.0,-2.682054725899988,-0.08115763447485524,-1.829117413142979
2015-10-26,0.0,0.0,,,,0.0,0.0,0.0,0.0,0.0,0.0,0.0,-2.682054725899988,-0.08115763447485524,-1.829117413142979
2015-10-27,0.9990210135777792,0.0,0.0,3.0,0.0,3.0,0.0,1.0,0.0,0.6993147095044454,0.0,1.3862943611198906,0.44269513234022867,-0.08115763447485524,-0.8125206120778071
2015-10-28,0.8558186888694763,-0.4,1.0,1.0,3.0,5.0,0.2,0.2,0.6,0.4790730822086334,-0.39999999999999997,1.791759469228055,-0.5414111424424961,-1.3677062537495417,-0.5151851085897018
2015-10-29,0.0,0.0,,,,0.0,0.0,0.0,0.0,0.0,0.0,0.0,-2.682054725899988,-0.08115763447485524,-1.829117413142979
2015-10-30,0.9998466968536376,0.5,1.0,1.0,0.0,2.0,0.5,0.5,0.0,0.8498926877975463,0.5,1.0986122886681098,1.115523130851641,1.5270281396185026,-1.0234835091222876
2015-10-31,0.9996222257614136,0.0,0.0,1.0,0.0,1.0,0.0,1.0,0.0,0.6997355580329895,0.0,0.6931471805599453,0.4445756109888768,-0.08115763447485524,-1.320819012610393
2015-11-01,0.9989643096923828,0.0,0.0,1.0,0.0,1.0,0.0,1.0,0.0,0.699275016784668,0.0,0.6931471805599453,0.44251777325023384,-0.08115763447485524,-1.320819012610393
2015-11-02,0.9999861717224122,0.0,1.0,0.0,1.0,2.0,0.5,0.0,0.5,0.6999903202056885,0.0,1.0986122886681098,0.4457139655125367,-0.08115763447485524,-1.0234835091222876
2015-11-03,0.9985771775245668,0.3333333333333333,1.0,2.0,0.0,3.0,0.3333333333333333,0.6666666666666666,0.0,0.7990040242671966,0.3333333333333333,1.3862943611198906,0.8881371742982938,0.9909662149207167,-0.8125206120778071
2015-11-04,0.993700404961904,0.0,1.0,1.0,1.0,3.0,0.3333333333333333,0.3333333333333333,0.3333333333333333,0.6955902834733327,0.0,1.3862943611198906,0.42605326916393077,-0.08115763447485524,-0.8125206120778071
2015-11-05,0.9332032680511476,0.4,2.0,3.0,0.0,5.0,0.4,0.6,0.0,0.7732422876358033,0.4,1.791759469228055,0.7730259349765696,1.2053909847998312,-0.5151851085897018
2015-11-06,0.996719777584076,0.0,0.0,1.0,0.0,1.0,0.0,1.0,0.0,0.6977038443088532,0.0,0.6931471805599453,0.4354972989139339,-0.08115763447485524,-1.320819012610393
2015-11-07,0.0,0.0,,,,0.0,0.0,0.0,0.0,0.0,0.0,0.0,-2.682054725899988,-0.08115763447485524,-1.829117413142979
2015-11-08,0.9999042749404908,1.0,1.0,0.0,0.0,1.0,1.0,0.0,0.0,0.9999329924583436,1.0,0.6931471805599453,1.7859486407788916,3.1352139137118606,-1.320819012610393
2015-11-09,0.9979837834835052,0.0,0.0,2.0,0.0,2.0,0.0,1.0,0.0,0.6985886484384536,0.0,1.0986122886681098,0.4394508716630303,-0.08115763447485524,-1.0234835091222876
2015-11-10,0.9999159574508668,0.0,0.0,1.0,0.0,1.0,0.0,1.0,0.0,0.6999411702156068,0.0,0.6931471805599453,0.44549434847538144,-0.08115763447485524,-1.320819012610393
2015-11-11,0.0,0.0,,,,0.0,0.0,0.0,0.0,0.0,0.0,0.0,-2.682054725899988,-0.08115763447485524,-1.829117413142979
2015-11-12,0.0,0.0,,,,0.0,0.0,0.0,0.0,0.0,0.0,0.0,-2.682054725899988,-0.08115763447485524,-1.829117413142979
2015-11-13,0.9864112138748168,0.0,0.0,3.0,0.0,3.0,0.0,1.0,0.0,0.6904878497123718,0.0,1.3862943611198906,0.4032540502220882,-0.08115763447485524,-0.8125206120778071
2015-11-14,0.0,0.0,,,,0.0,0.0,0.0,0.0,0.0,0.0,0.0,-2.682054725899988,-0.08115763447485524,-1.829117413142979
2015-11-15,0.0,0.0,,,,0.0,0.0,0.0,0.0,0.0,0.0,0.0,-2.682054725899988,-0.08115763447485524,-1.829117413142979
2015-11-16,0.985461413860321,0.0,0.0,3.0,0.0,3.0,0.0,1.0,0.0,0.6898229897022247,0.0,1.3862943611198906,0.4002832543926555,-0.08115763447485524,-0.8125206120778071
2015-11-17,0.0,0.0,,,,0.0,0.0,0.0,0.0,0.0,0.0,0.0,-2.682054725899988,-0.08115763447485524,-1.829117413142979
2015-11-18,0.0,0.0,,,,0.0,0.0,0.0,0.0,0.0,0.0,0.0,-2.682054725899988,-0.08115763447485524,-1.829117413142979
2015-11-19,0.8882254660129547,0.0,0.0,2.0,0.0,2.0,0.0,1.0,0.0,0.6217578262090683,0.0,1.0986122886681098,0.09614749536214194,-0.08115763447485524,-1.0234835091222876
2015-11-20,0.9484134912490844,-1.0,0.0,0.0,1.0,1.0,0.0,0.0,1.0,0.363889443874359,-1.0,0.6931471805599453,-1.0560865134377182,-3.297529182661571,-1.320819012610393
2015-11-21,0.0,0.0,,,,0.0,0.0,0.0,0.0,0.0,0.0,0.0,-2.682054725899988,-0.08115763447485524,-1.829117413142979
2015-11-22,0.0,0.0,,,,0.0,0.0,0.0,0.0,0.0,0.0,0.0,-2.682054725899988,-0.08115763447485524,-1.829117413142979
2015-11-23,0.0,0.0,,,,0.0,0.0,0.0,0.0,0.0,0.0,0.0,-2.682054725899988,-0.08115763447485524,-1.829117413142979
2015-11-24,0.9154065847396852,0.0,0.0,3.0,0.0,3.0,0.0,1.0,0.0,0.6407846093177796,0.0,1.3862943611198906,0.18116492315776744,-0.08115763447485524,-0.8125206120778071
2015-11-25,0.9999394416809082,-1.0,0.0,0.0,1.0,1.0,0.0,0.0,1.0,0.39995760917663575,-1.0,0.6931471805599453,-0.8949230302684035,-3.297529182661571,-1.320819012610393
2015-11-26,0.0,0.0,,,,0.0,0.0,0.0,0.0,0.0,0.0,0.0,-2.682054725899988,-0.08115763447485524,-1.829117413142979
2015-11-27,0.9999939203262328,-1.0,0.0,0.0,1.0,1.0,0.0,0.0,1.0,0.399995744228363,-1.0,0.6931471805599453,-0.8947526313108825,-3.297529182661571,-1.320819012610393
2015-11-28,0.0,0.0,,,,0.0,0.0,0.0,0.0,0.0,0.0,0.0,-2.682054725899988,-0.08115763447485524,-1.829117413142979
2015-11-29,0.0,0.0,,,,0.0,0.0,0.0,0.0,0.0,0.0,0.0,-2.682054725899988,-0.08115763447485524,-1.829117413142979
2015-11-30,0.9918038249015808,-0.3333333333333333,0.0,2.0,1.0,3.0,0.0,0.6666666666666666,0.3333333333333333,0.5942626774311065,-0.3333333333333333,1.3862943611198906,-0.02670915426719576,-1.1532814838704273,-0.8125206120778071
2015-12-01,0.7624151110649109,-0.25,0.0,3.0,1.0,4.0,0.0,0.75,0.25,0.4586905777454376,-0.25,1.6094379124341003,-0.6324863437307466,-0.8852505215215343,-0.6488850763600583
2015-12-02,0.0,0.0,,,,0.0,0.0,0.0,0.0,0.0,0.0,0.0,-2.682054725899988,-0.08115763447485524,-1.829117413142979
2015-12-03,0.9861028492450714,0.0,0.0,2.0,0.0,2.0,0.0,1.0,0.0,0.69027199447155,0.0,1.0986122886681098,0.40228954365016684,-0.08115763447485524,-1.0234835091222876
2015-12-04,0.99491548538208,0.0,0.0,1.0,0.0,1.0,0.0,1.0,0.0,0.696440839767456,0.0,0.6931471805599453,0.42985381221467006,-0.08115763447485524,-1.320819012610393
2015-12-05,0.0,0.0,,,,0.0,0.0,0.0,0.0,0.0,0.0,0.0,-2.682054725899988,-0.08115763447485524,-1.829117413142979
2015-12-06,0.0,0.0,,,,0.0,0.0,0.0,0.0,0.0,0.0,0.0,-2.682054725899988,-0.08115763447485524,-1.829117413142979
2015-12-07,0.0,0.0,,,,0.0,0.0,0.0,0.0,0.0,0.0,0.0,-2.682054725899988,-0.08115763447485524,-1.829117413142979
2015-12-08,0.9777865409851074,0.3333333333333333,1.0,2.0,0.0,3.0,0.3333333333333333,0.6666666666666666,0.0,0.7844505786895751,0.3333333333333333,1.3862943611198906,0.823107973013789,0.9909662149207167,-0.8125206120778071
2015-12-09,0.9999632239341736,0.5,1.0,1.0,0.0,2.0,0.5,0.5,0.0,0.8499742567539215,0.5,1.0986122886681098,1.1158876056459013,1.5270281396185026,-1.0234835091222876
2015-12-10,0.0,0.0,,,,0.0,0.0,0.0,0.0,0.0,0.0,0.0,-2.682054725899988,-0.08115763447485524,-1.829117413142979
2015-12-11,0.996274987856547,-0.6666666666666666,0.0,1.0,2.0,3.0,0.0,0.3333333333333333,0.6666666666666666,0.49739249149958287,-0.6666666666666666,1.3862943611198906,-0.45955447504091496,-2.225405333265999,-0.8125206120778071
2015-12-12,0.9999725818634032,1.0,1.0,0.0,0.0,1.0,1.0,0.0,0.0,0.9999808073043821,1.0,0.6931471805599453,1.7861622919882114,3.1352139137118606,-1.320819012610393
2015-12-13,0.0,0.0,,,,0.0,0.0,0.0,0.0,0.0,0.0,0.0,-2.682054725899988,-0.08115763447485524,-1.829117413142979
2015-12-14,0.0,0.0,,,,0.0,0.0,0.0,0.0,0.0,0.0,0.0,-2.682054725899988,-0.08115763447485524,-1.829117413142979
2015-12-15,0.0,0.0,,,,0.0,0.0,0.0,0.0,0.0,0.0,0.0,-2.682054725899988,-0.08115763447485524,-1.829117413142979
2015-12-16,0.6284535229206085,0.0,0.0,2.0,0.0,2.0,0.0,1.0,0.0,0.43991746604442594,0.0,1.0986122886681098,-0.7163702908709877,-0.08115763447485524,-1.0234835091222876
2015-12-17,0.9852707386016846,0.0,0.0,1.0,0.0,1.0,0.0,1.0,0.0,0.6896895170211792,0.0,0.6931471805599453,0.39968685804133136,-0.08115763447485524,-1.320819012610393
2015-12-18,0.998299926519394,0.0,0.0,2.0,0.0,2.0,0.0,1.0,0.0,0.6988099485635758,0.0,1.0986122886681098,0.4404397076265899,-0.08115763447485524,-1.0234835091222876
2015-12-19,0.0,0.0,,,,0.0,0.0,0.0,0.0,0.0,0.0,0.0,-2.682054725899988,-0.08115763447485524,-1.829117413142979
2015-12-20,0.0,0.0,,,,0.0,0.0,0.0,0.0,0.0,0.0,0.0,-2.682054725899988,-0.08115763447485524,-1.829117413142979
2015-12-21,0.0,0.0,,,,0.0,0.0,0.0,0.0,0.0,0.0,0.0,-2.682054725899988,-0.08115763447485524,-1.829117413142979
2015-12-22,0.0,0.0,,,,0.0,0.0,0.0,0.0,0.0,0.0,0.0,-2.682054725899988,-0.08115763447485524,-1.829117413142979
2015-12-23,0.7825097441673279,-1.0,0.0,0.0,2.0,2.0,0.0,0.0,1.0,0.24775682091712953,-1.0,1.0986122886681098,-1.5750022350587012,-3.297529182661571,-1.0234835091222876
2015-12-24,0.9980208277702332,-1.0,0.0,0.0,2.0,2.0,0.0,0.0,1.0,0.3986145794391632,-1.0,1.0986122886681098,-0.9009240937734936,-3.297529182661571,-1.0234835091222876
2015-12-25,0.0,0.0,,,,0.0,0.0,0.0,0.0,0.0,0.0,0.0,-2.682054725899988,-0.08115763447485524,-1.829117413142979
2015-12-26,0.0,0.0,,,,0.0,0.0,0.0,0.0,0.0,0.0,0.0,-2.682054725899988,-0.08115763447485524,-1.829117413142979
2015-12-27,0.0,0.0,,,,0.0,0.0,0.0,0.0,0.0,0.0,0.0,-2.682054725899988,-0.08115763447485524,-1.829117413142979
2015-12-28,0.0,0.0,,,,0.0,0.0,0.0,0.0,0.0,0.0,0.0,-2.682054725899988,-0.08115763447485524,-1.829117413142979
2015-12-29,0.9921476046244304,0.3333333333333333,1.0,2.0,0.0,3.0,0.3333333333333333,0.6666666666666666,0.0,0.7945033232371013,0.3333333333333333,1.3862943611198906,0.8680266793885871,0.9909662149207167,-0.8125206120778071
2015-12-30,0.0,0.0,,,,0.0,0.0,0.0,0.0,0.0,0.0,0.0,-2.682054725899988,-0.08115763447485524,-1.829117413142979
2015-12-31,0.9993207156658171,0.0,1.0,0.0,1.0,2.0,0.5,0.0,0.5,0.699524500966072,0.0,1.0986122886681098,0.443632544110735,-0.08115763447485524,-1.0234835091222876
2016-01-01,0.0,0.0,,,,0.0,0.0,0.0,0.0,0.0,0.0,0.0,-2.682054725899988,-0.08115763447485524,-1.829117413142979
2016-01-02,0.0,0.0,,,,0.0,0.0,0.0,0.0,0.0,0.0,0.0,-2.682054725899988,-0.08115763447485524,-1.829117413142979
2016-01-03,0.0,0.0,,,,0.0,0.0,0.0,0.0,0.0,0.0,0.0,-2.682054725899988,-0.08115763447485524,-1.829117413142979
2016-01-04,0.9958924055099488,0.5,1.0,1.0,0.0,2.0,0.5,0.5,0.0,0.8471246838569642,0.5,1.0986122886681098,1.1031548511581224,1.5270281396185026,-1.0234835091222876
2016-01-05,0.0,0.0,,,,0.0,0.0,0.0,0.0,0.0,0.0,0.0,-2.682054725899988,-0.08115763447485524,-1.829117413142979
2016-01-06,0.9947003722190856,0.5,1.0,1.0,0.0,2.0,0.5,0.5,0.0,0.8462902605533599,0.5,1.0986122886681098,1.0994263951937149,1.5270281396185026,-1.0234835091222876
2016-01-07,0.9427534639835358,0.5,1.0,1.0,0.0,2.0,0.5,0.5,0.0,0.809927424788475,0.5,1.0986122886681098,0.9369462351781275,1.5270281396185026,-1.0234835091222876
2016-01-08,0.8800854484240214,0.6666666666666666,2.0,1.0,0.0,3.0,0.6666666666666666,0.3333333333333333,0.0,0.8160598138968149,0.6666666666666666,1.3862943611198906,0.9643476064585026,2.0630900643162886,-0.8125206120778071
2016-01-09,0.0,0.0,,,,0.0,0.0,0.0,0.0,0.0,0.0,0.0,-2.682054725899988,-0.08115763447485524,-1.829117413142979
2016-01-10,0.0,0.0,,,,0.0,0.0,0.0,0.0,0.0,0.0,0.0,-2.682054725899988,-0.08115763447485524,-1.829117413142979
2016-01-11,0.0,0.0,,,,0.0,0.0,0.0,0.0,0.0,0.0,0.0,-2.682054725899988,-0.08115763447485524,-1.829117413142979
2016-01-12,0.0,0.0,,,,0.0,0.0,0.0,0.0,0.0,0.0,0.0,-2.682054725899988,-0.08115763447485524,-1.829117413142979
2016-01-13,0.0,0.0,,,,0.0,0.0,0.0,0.0,0.0,0.0,0.0,-2.682054725899988,-0.08115763447485524,-1.829117413142979
2016-01-14,0.98531973361969,-0.6666666666666666,0.0,1.0,2.0,3.0,0.0,0.3333333333333333,0.6666666666666666,0.489723813533783,-0.6666666666666666,1.3862943611198906,-0.4938204500888352,-2.225405333265999,-0.8125206120778071
2016-01-15,0.997117668390274,-1.0,0.0,0.0,2.0,2.0,0.0,0.0,1.0,0.3979823678731918,-1.0,1.0986122886681098,-0.9037490064691621,-3.297529182661571,-1.0234835091222876
2016-01-16,0.0,0.0,,,,0.0,0.0,0.0,0.0,0.0,0.0,0.0,-2.682054725899988,-0.08115763447485524,-1.829117413142979
2016-01-17,0.0,0.0,,,,0.0,0.0,0.0,0.0,0.0,0.0,0.0,-2.682054725899988,-0.08115763447485524,-1.829117413142979
2016-01-18,0.9999962449073792,0.5,1.0,1.0,0.0,2.0,0.5,0.5,0.0,0.8499973714351654,0.5,1.0986122886681098,1.1159908890402852,1.5270281396185026,-1.0234835091222876
2016-01-19,0.959580421447754,0.0,0.0,2.0,0.0,2.0,0.0,1.0,0.0,0.6717062950134278,0.0,1.0986122886681098,0.319332377210743,-0.08115763447485524,-1.0234835091222876
2016-01-20,0.999988317489624,0.0,0.0,1.0,0.0,1.0,0.0,1.0,0.0,0.6999918222427368,0.0,0.6931471805599453,0.44572067706885027,-0.08115763447485524,-1.320819012610393
2016-01-21,0.9981880784034728,-1.0,0.0,0.0,2.0,2.0,0.0,0.0,1.0,0.39873165488243095,-1.0,1.0986122886681098,-0.900400965245261,-3.297529182661571,-1.0234835091222876
2016-01-22,0.9999006986618042,0.0,0.0,1.0,0.0,1.0,0.0,1.0,0.0,0.6999304890632629,0.0,0.6931471805599453,0.44544662185270556,-0.08115763447485524,-1.320819012610393
2016-01-23,0.0,0.0,,,,0.0,0.0,0.0,0.0,0.0,0.0,0.0,-2.682054725899988,-0.08115763447485524,-1.829117413142979
2016-01-24,0.0,0.0,,,,0.0,0.0,0.0,0.0,0.0,0.0,0.0,-2.682054725899988,-0.08115763447485524,-1.829117413142979
2016-01-25,0.0,0.0,,,,0.0,0.0,0.0,0.0,0.0,0.0,0.0,-2.682054725899988,-0.08115763447485524,-1.829117413142979
2016-01-26,0.9247474372386932,-0.5,0.0,1.0,1.0,2.0,0.0,0.5,0.5,0.49732320606708524,-0.5,1.0986122886681098,-0.4598640633313264,-1.6893434085682133,-1.0234835091222876
2016-01-27,0.8894227147102356,0.0,0.0,1.0,0.0,1.0,0.0,1.0,0.0,0.6225959002971648,0.0,0.6931471805599453,0.09989226413703335,-0.08115763447485524,-1.320819012610393
2016-01-28,0.9935262600580852,0.3333333333333333,1.0,2.0,0.0,3.0,0.3333333333333333,0.6666666666666666,0.0,0.7954683820406596,0.3333333333333333,1.3862943611198906,0.8723388543201703,0.9909662149207167,-0.8125206120778071
2016-01-29,0.8488876024881998,-0.3333333333333333,0.0,2.0,1.0,3.0,0.0,0.6666666666666666,0.3333333333333333,0.4942213217417398,-0.3333333333333333,1.3862943611198906,-0.47372422167515577,-1.1532814838704273,-0.8125206120778071
2016-01-30,0.0,0.0,,,,0.0,0.0,0.0,0.0,0.0,0.0,0.0,-2.682054725899988,-0.08115763447485524,-1.829117413142979
2016-01-31,0.9925256669521332,0.0,0.0,2.0,0.0,2.0,0.0,1.0,0.0,0.6947679668664932,0.0,1.0986122886681098,0.4223789095862934,-0.08115763447485524,-1.0234835091222876
2016-02-01,0.998043417930603,-1.0,0.0,0.0,1.0,1.0,0.0,0.0,1.0,0.39863039255142213,-1.0,0.6931471805599453,-0.9008534360000792,-3.297529182661571,-1.320819012610393
2016-02-02,0.9996268351872762,0.3333333333333333,1.0,2.0,0.0,3.0,0.3333333333333333,0.6666666666666666,0.0,0.7997387846310933,0.3333333333333333,1.3862943611198906,0.8914203060724752,0.9909662149207167,-0.8125206120778071
2016-02-03,0.9985411167144777,0.0,0.0,1.0,0.0,1.0,0.0,1.0,0.0,0.6989787817001343,0.0,0.6931471805599453,0.44119410519946684,-0.08115763447485524,-1.320819012610393
2016-02-04,0.9999260306358336,0.0,1.0,0.0,1.0,2.0,0.5,0.0,0.5,0.6999482214450835,0.0,1.0986122886681098,0.4455258555036313,-0.08115763447485524,-1.0234835091222876
2016-02-05,0.0,0.0,,,,0.0,0.0,0.0,0.0,0.0,0.0,0.0,-2.682054725899988,-0.08115763447485524,-1.829117413142979
2016-02-06,0.0,0.0,,,,0.0,0.0,0.0,0.0,0.0,0.0,0.0,-2.682054725899988,-0.08115763447485524,-1.829117413142979
2016-02-07,0.0,0.0,,,,0.0,0.0,0.0,0.0,0.0,0.0,0.0,-2.682054725899988,-0.08115763447485524,-1.829117413142979
2016-02-08,0.0,0.0,,,,0.0,0.0,0.0,0.0,0.0,0.0,0.0,-2.682054725899988,-0.08115763447485524,-1.829117413142979
2016-02-09,0.0,0.0,,,,0.0,0.0,0.0,0.0,0.0,0.0,0.0,-2.682054725899988,-0.08115763447485524,-1.829117413142979
2016-02-10,0.995519995689392,0.0,0.0,1.0,0.0,1.0,0.0,1.0,0.0,0.6968639969825744,0.0,0.6931471805599453,0.4317446067739489,-0.08115763447485524,-1.320819012610393
2016-02-11,0.0,0.0,,,,0.0,0.0,0.0,0.0,0.0,0.0,0.0,-2.682054725899988,-0.08115763447485524,-1.829117413142979
2016-02-12,0.0,0.0,,,,0.0,0.0,0.0,0.0,0.0,0.0,0.0,-2.682054725899988,-0.08115763447485524,-1.829117413142979
2016-02-13,0.0,0.0,,,,0.0,0.0,0.0,0.0,0.0,0.0,0.0,-2.682054725899988,-0.08115763447485524,-1.829117413142979
2016-02-14,0.0,0.0,,,,0.0,0.0,0.0,0.0,0.0,0.0,0.0,-2.682054725899988,-0.08115763447485524,-1.829117413142979
2016-02-15,0.0,0.0,,,,0.0,0.0,0.0,0.0,0.0,0.0,0.0,-2.682054725899988,-0.08115763447485524,-1.829117413142979
2016-02-16,0.9999778270721436,0.0,0.0,3.0,0.0,3.0,0.0,1.0,0.0,0.6999844789505004,0.0,1.3862943611198906,0.4456878650157606,-0.08115763447485524,-0.8125206120778071
2016-02-17,0.8682617023587227,0.0,0.0,4.0,0.0,4.0,0.0,1.0,0.0,0.6077831916511058,0.0,1.6094379124341003,0.03370459696394318,-0.08115763447485524,-0.6488850763600583
2016-02-18,0.9998751878738404,1.0,1.0,0.0,0.0,1.0,1.0,0.0,0.0,0.9999126315116882,1.0,0.6931471805599453,1.785857661904416,3.1352139137118606,-1.320819012610393
2016-02-19,0.0,0.0,,,,0.0,0.0,0.0,0.0,0.0,0.0,0.0,-2.682054725899988,-0.08115763447485524,-1.829117413142979
2016-02-20,0.0,0.0,,,,0.0,0.0,0.0,0.0,0.0,0.0,0.0,-2.682054725899988,-0.08115763447485524,-1.829117413142979
2016-02-21,0.6037968993186951,1.0,1.0,0.0,0.0,1.0,1.0,0.0,0.0,0.7226578295230865,1.0,0.6931471805599453,0.546999260335508,3.1352139137118606,-1.320819012610393
2016-02-22,1.0,1.0,1.0,0.0,0.0,1.0,1.0,0.0,0.0,1.0,1.0,0.6931471805599453,1.7862480507633325,3.1352139137118606,-1.320819012610393
2016-02-23,0.9997119307518004,0.0,0.0,1.0,0.0,1.0,0.0,1.0,0.0,0.6997983515262602,0.0,0.6931471805599453,0.444856191329215,-0.08115763447485524,-1.320819012610393
2016-02-24,0.9801244735717772,1.0,1.0,0.0,0.0,1.0,1.0,0.0,0.0,0.986087131500244,1.0,0.6931471805599453,1.724081141814521,3.1352139137118606,-1.320819012610393
2016-02-25,0.9868344068527222,-0.5,0.0,1.0,1.0,2.0,0.0,0.5,0.5,0.5407840847969054,-0.5,1.0986122886681098,-0.265667698226643,-1.6893434085682133,-1.0234835091222876
2016-02-26,0.9685949683189392,0.0,0.0,2.0,0.0,2.0,0.0,1.0,0.0,0.6780164778232574,0.0,1.0986122886681098,0.3475281845811574,-0.08115763447485524,-1.0234835091222876
2016-02-27,0.9685949683189392,0.0,0.0,2.0,0.0,2.0,0.0,1.0,0.0,0.6780164778232574,0.0,1.0986122886681098,0.3475281845811574,-0.08115763447485524,-1.0234835091222876
2016-02-28,0.0,0.0,,,,0.0,0.0,0.0,0.0,0.0,0.0,0.0,-2.682054725899988,-0.08115763447485524,-1.829117413142979
2016-02-29,0.9999955892562866,0.0,0.0,1.0,0.0,1.0,0.0,1.0,0.0,0.6999969124794005,0.0,0.6931471805599453,0.44574342178746873,-0.08115763447485524,-1.320819012610393
2016-03-01,0.0,0.0,,,,0.0,0.0,0.0,0.0,0.0,0.0,0.0,-2.682054725899988,-0.08115763447485524,-1.829117413142979
2016-03-02,0.80544513463974,0.5,1.0,1.0,0.0,2.0,0.5,0.5,0.0,0.7138115942478179,0.5,1.0986122886681098,0.5074716026920082,1.5270281396185026,-1.0234835091222876
2016-03-03,0.9990257918834686,0.0,0.0,2.0,0.0,2.0,0.0,1.0,0.0,0.699318054318428,0.0,1.0986122886681098,0.4427100779818344,-0.08115763447485524,-1.0234835091222876
2016-03-04,0.9835590124130248,0.25,1.0,3.0,0.0,4.0,0.25,0.75,0.0,0.7634913086891173,0.25,1.6094379124341003,0.7294556086739071,0.7229352525718238,-0.6488850763600583
2016-03-05,0.0,0.0,,,,0.0,0.0,0.0,0.0,0.0,0.0,0.0,-2.682054725899988,-0.08115763447485524,-1.829117413142979
2016-03-06,0.0,0.0,,,,0.0,0.0,0.0,0.0,0.0,0.0,0.0,-2.682054725899988,-0.08115763447485524,-1.829117413142979
2016-03-07,0.0,0.0,,,,0.0,0.0,0.0,0.0,0.0,0.0,0.0,-2.682054725899988,-0.08115763447485524,-1.829117413142979
2016-03-08,0.0,0.0,,,,0.0,0.0,0.0,0.0,0.0,0.0,0.0,-2.682054725899988,-0.08115763447485524,-1.829117413142979
2016-03-09,0.9999995231628418,1.0,1.0,0.0,0.0,1.0,1.0,0.0,0.0,0.9999996662139892,1.0,0.6931471805599453,1.7862465593063734,3.1352139137118606,-1.320819012610393
2016-03-10,0.9999969005584716,0.0,0.0,1.0,0.0,1.0,0.0,1.0,0.0,0.6999978303909301,0.0,0.6931471805599453,0.445747523294105,-0.08115763447485524,-1.320819012610393
2016-03-11,0.9985156655311584,0.0,0.0,1.0,0.0,1.0,0.0,1.0,0.0,0.6989609658718109,0.0,0.6931471805599453,0.4411144986843009,-0.08115763447485524,-1.320819012610393
2016-03-12,0.0,0.0,,,,0.0,0.0,0.0,0.0,0.0,0.0,0.0,-2.682054725899988,-0.08115763447485524,-1.829117413142979
2016-03-13,0.0,0.0,,,,0.0,0.0,0.0,0.0,0.0,0.0,0.0,-2.682054725899988,-0.08115763447485524,-1.829117413142979
2016-03-14,0.718343722820282,-0.4,1.0,1.0,3.0,5.0,0.2,0.2,0.6,0.38284060597419745,-0.39999999999999997,1.791759469228055,-0.9714069832060135,-1.3677062537495417,-0.5151851085897018
2016-03-15,0.649711012840271,-1.0,0.0,0.0,2.0,2.0,0.0,0.0,1.0,0.15479770898818968,-1.0,1.0986122886681098,-1.9903716930069395,-3.297529182661571,-1.0234835091222876
2016-03-16,0.0,0.0,,,,0.0,0.0,0.0,0.0,0.0,0.0,0.0,-2.682054725899988,-0.08115763447485524,-1.829117413142979
2016-03-17,0.0,0.0,,,,0.0,0.0,0.0,0.0,0.0,0.0,0.0,-2.682054725899988,-0.08115763447485524,-1.829117413142979
2016-03-18,0.9999999701976776,1.0,4.0,0.0,0.0,4.0,1.0,0.0,0.0,0.9999999791383742,1.0,1.6094379124341003,1.786247957547272,3.1352139137118606,-0.6488850763600583
2016-03-19,0.0,0.0,,,,0.0,0.0,0.0,0.0,0.0,0.0,0.0,-2.682054725899988,-0.08115763447485524,-1.829117413142979
2016-03-20,0.0,0.0,,,,0.0,0.0,0.0,0.0,0.0,0.0,0.0,-2.682054725899988,-0.08115763447485524,-1.829117413142979
2016-03-21,0.0,0.0,,,,0.0,0.0,0.0,0.0,0.0,0.0,0.0,-2.682054725899988,-0.08115763447485524,-1.829117413142979
2016-03-22,0.9998599290847778,1.0,1.0,0.0,0.0,1.0,1.0,0.0,0.0,0.9999019503593445,1.0,0.6931471805599453,1.7858099352817405,3.1352139137118606,-1.320819012610393
2016-03-23,0.9995345771312714,0.0,0.0,2.0,0.0,2.0,0.0,1.0,0.0,0.69967420399189,0.0,1.0986122886681098,0.4443014625566723,-0.08115763447485524,-1.0234835091222876
2016-03-24,0.8981395661830902,0.5,1.0,1.0,0.0,2.0,0.5,0.5,0.0,0.7786976963281631,0.5,1.0986122886681098,0.7974023527844742,1.5270281396185026,-1.0234835091222876
2016-03-25,0.0,0.0,,,,0.0,0.0,0.0,0.0,0.0,0.0,0.0,-2.682054725899988,-0.08115763447485524,-1.829117413142979
2016-03-26,0.0,0.0,,,,0.0,0.0,0.0,0.0,0.0,0.0,0.0,-2.682054725899988,-0.08115763447485524,-1.829117413142979
2016-03-27,0.0,0.0,,,,0.0,0.0,0.0,0.0,0.0,0.0,0.0,-2.682054725899988,-0.08115763447485524,-1.829117413142979
2016-03-28,0.9999977350234984,-1.0,0.0,0.0,2.0,2.0,0.0,0.0,1.0,0.39999841451644885,-1.0,1.0986122886681098,-0.8947406996552139,-3.297529182661571,-1.0234835091222876
2016-03-29,0.0,0.0,,,,0.0,0.0,0.0,0.0,0.0,0.0,0.0,-2.682054725899988,-0.08115763447485524,-1.829117413142979
2016-03-30,0.0,0.0,,,,0.0,0.0,0.0,0.0,0.0,0.0,0.0,-2.682054725899988,-0.08115763447485524,-1.829117413142979
2016-03-31,0.0,0.0,,,,0.0,0.0,0.0,0.0,0.0,0.0,0.0,-2.682054725899988,-0.08115763447485524,-1.829117413142979
2016-04-01,0.9998452663421632,0.0,0.0,1.0,0.0,1.0,0.0,1.0,0.0,0.6998916864395142,0.0,0.6931471805599453,0.4452732399812671,-0.08115763447485524,-1.320819012610393
2016-04-02,0.0,0.0,,,,0.0,0.0,0.0,0.0,0.0,0.0,0.0,-2.682054725899988,-0.08115763447485524,-1.829117413142979
2016-04-03,0.0,0.0,,,,0.0,0.0,0.0,0.0,0.0,0.0,0.0,-2.682054725899988,-0.08115763447485524,-1.829117413142979
2016-04-04,0.0,0.0,,,,0.0,0.0,0.0,0.0,0.0,0.0,0.0,-2.682054725899988,-0.08115763447485524,-1.829117413142979
2016-04-05,0.0,0.0,,,,0.0,0.0,0.0,0.0,0.0,0.0,0.0,-2.682054725899988,-0.08115763447485524,-1.829117413142979
2016-04-06,0.6978685259819031,-0.5,0.0,1.0,1.0,2.0,0.0,0.5,0.5,0.3385079681873321,-0.5,1.0986122886681098,-1.169498631725873,-1.6893434085682133,-1.0234835091222876
2016-04-07,0.9999802112579346,0.0,0.0,1.0,0.0,1.0,0.0,1.0,0.0,0.6999861478805541,0.0,0.6931471805599453,0.4456953223005536,-0.08115763447485524,-1.320819012610393
2016-04-08,0.9999918937683104,1.0,1.0,0.0,0.0,1.0,1.0,0.0,0.0,0.9999943256378172,1.0,0.6931471805599453,1.7862226959950354,3.1352139137118606,-1.320819012610393
2016-04-09,0.7452688813209534,-1.0,0.0,0.0,1.0,1.0,0.0,0.0,1.0,0.2216882169246674,-1.0,0.6931471805599453,-1.6914846506619563,-3.297529182661571,-1.320819012610393
2016-04-10,0.0,0.0,,,,0.0,0.0,0.0,0.0,0.0,0.0,0.0,-2.682054725899988,-0.08115763447485524,-1.829117413142979
2016-04-11,0.9934730132420858,0.3333333333333333,1.0,2.0,0.0,3.0,0.3333333333333333,0.6666666666666666,0.0,0.79543110926946,0.3333333333333333,1.3862943611198906,0.8721723082931253,0.9909662149207167,-0.8125206120778071
2016-04-12,0.8019753098487854,0.5,1.0,1.0,0.0,2.0,0.5,0.5,0.0,0.7113827168941498,0.5,1.0986122886681098,0.4966186432684382,1.5270281396185026,-1.0234835091222876
2016-04-13,0.9970545470714568,0.5,1.0,1.0,0.0,2.0,0.5,0.5,0.0,0.8479381829500198,0.5,1.0986122886681098,1.1067898114144359,1.5270281396185026,-1.0234835091222876
2016-04-14,0.989938497543335,0.0,0.0,1.0,0.0,1.0,0.0,1.0,0.0,0.6929569482803344,0.0,0.6931471805599453,0.414286730209171,-0.08115763447485524,-1.320819012610393
2016-04-15,0.9106260240077972,0.0,1.0,2.0,1.0,4.0,0.25,0.5,0.25,0.637438216805458,0.0,1.6094379124341003,0.16621222820315548,-0.08115763447485524,-0.6488850763600583
2016-04-16,0.0,0.0,,,,0.0,0.0,0.0,0.0,0.0,0.0,0.0,-2.682054725899988,-0.08115763447485524,-1.829117413142979
2016-04-17,0.9999639987945556,1.0,1.0,0.0,0.0,1.0,1.0,0.0,0.0,0.9999747991561889,1.0,0.6931471805599453,1.786135445762957,3.1352139137118606,-1.320819012610393
2016-04-18,0.0,0.0,,,,0.0,0.0,0.0,0.0,0.0,0.0,0.0,-2.682054725899988,-0.08115763447485524,-1.829117413142979
2016-04-19,0.9996732175350188,-0.5,0.0,1.0,1.0,2.0,0.0,0.5,0.5,0.5497712522745131,-0.5,1.0986122886681098,-0.2255103128321105,-1.6893434085682133,-1.0234835091222876
2016-04-20,0.9985961019992828,1.0,2.0,0.0,0.0,2.0,1.0,0.0,0.0,0.999017271399498,1.0,1.0986122886681098,1.781856921829003,3.1352139137118606,-1.0234835091222876
2016-04-21,0.9997486670811973,0.0,1.0,1.0,1.0,3.0,0.3333333333333333,0.3333333333333333,0.3333333333333333,0.6998240669568381,0.0,1.3862943611198906,0.444971095659069,-0.08115763447485524,-0.8125206120778071
2016-04-22,0.5929993391036987,-1.0,0.0,0.0,1.0,1.0,0.0,0.0,1.0,0.1150995373725891,-1.0,0.6931471805599453,-2.1677551434653846,-3.297529182661571,-1.320819012610393
2016-04-23,0.0,0.0,,,,0.0,0.0,0.0,0.0,0.0,0.0,0.0,-2.682054725899988,-0.08115763447485524,-1.829117413142979
2016-04-24,0.0,0.0,,,,0.0,0.0,0.0,0.0,0.0,0.0,0.0,-2.682054725899988,-0.08115763447485524,-1.829117413142979
2016-04-25,0.0,0.0,,,,0.0,0.0,0.0,0.0,0.0,0.0,0.0,-2.682054725899988,-0.08115763447485524,-1.829117413142979
2016-04-26,0.9999468326568604,0.0,0.0,1.0,0.0,1.0,0.0,1.0,0.0,0.6999627828598022,0.0,0.6931471805599453,0.4455909203134509,-0.08115763447485524,-1.320819012610393
2016-04-27,0.0,0.0,,,,0.0,0.0,0.0,0.0,0.0,0.0,0.0,-2.682054725899988,-0.08115763447485524,-1.829117413142979
2016-04-28,0.96600604057312,0.0,0.0,1.0,0.0,1.0,0.0,1.0,0.0,0.676204228401184,0.0,0.6931471805599453,0.3394305054565005,-0.08115763447485524,-1.320819012610393
2016-04-29,0.9999879598617554,0.0,0.0,1.0,0.0,1.0,0.0,1.0,0.0,0.6999915719032287,0.0,0.6931471805599453,0.44571955847613104,-0.08115763447485524,-1.320819012610393
2016-04-30,0.0,0.0,,,,0.0,0.0,0.0,0.0,0.0,0.0,0.0,-2.682054725899988,-0.08115763447485524,-1.829117413142979
2016-05-01,0.0,0.0,,,,0.0,0.0,0.0,0.0,0.0,0.0,0.0,-2.682054725899988,-0.08115763447485524,-1.829117413142979
2016-05-02,0.9662367552518843,-0.0416666666666666,1.0,21.0,2.0,24.0,0.0416666666666666,0.875,0.0833333333333333,0.6638657286763191,-0.0416666666666667,3.2188758248682006,0.2842983528760271,-0.21517311564930186,0.5313472604228624
2016-05-03,0.999674156308174,-0.5,0.0,2.0,2.0,4.0,0.0,0.5,0.5,0.5497719094157217,-0.5,1.6094379124341003,-0.22550737652622316,-1.6893434085682133,-0.6488850763600583
2016-05-04,0.956476390361786,1.0,1.0,0.0,0.0,1.0,1.0,0.0,0.0,0.9695334732532501,1.0,0.6931471805599453,1.6501143847055426,3.1352139137118606,-1.320819012610393
2016-05-05,0.9990838674398568,0.0769230769230769,1.0,12.0,0.0,13.0,0.0769230769230769,0.9230769230769232,0.0,0.7224356302848228,0.0769230769230769,2.6390573296152584,0.5460064068622018,0.16625556153950746,0.10615500399876947
2016-05-06,0.607918131351471,-0.2,0.0,4.0,1.0,5.0,0.0,0.8,0.2,0.3655426919460297,-0.2,1.791759469228055,-1.048699300488559,-0.7244319441121985,-0.5151851085897018
2016-05-07,0.0,0.0,,,,0.0,0.0,0.0,0.0,0.0,0.0,0.0,-2.682054725899988,-0.08115763447485524,-1.829117413142979
2016-05-08,0.0,0.0,,,,0.0,0.0,0.0,0.0,0.0,0.0,0.0,-2.682054725899988,-0.08115763447485524,-1.829117413142979
2016-05-09,0.5384514331817627,-1.0,0.0,0.0,1.0,1.0,0.0,0.0,1.0,0.07691600322723385,-1.0,0.6931471805599453,-2.3383707351098946,-3.297529182661571,-1.320819012610393
2016-05-10,0.9567431211471558,1.0,2.0,0.0,0.0,2.0,1.0,0.0,0.0,0.969720184803009,1.0,1.0986122886681098,1.6509486684417656,3.1352139137118606,-1.0234835091222876
2016-05-11,0.9044241905212402,-0.3333333333333333,0.0,2.0,1.0,3.0,0.0,0.6666666666666666,0.3333333333333333,0.5330969333648682,-0.3333333333333333,1.3862943611198906,-0.30001621831504643,-1.1532814838704273,-0.8125206120778071
2016-05-12,0.0,0.0,,,,0.0,0.0,0.0,0.0,0.0,0.0,0.0,-2.682054725899988,-0.08115763447485524,-1.829117413142979
2016-05-13,0.9994073112805684,0.0,1.0,1.0,1.0,3.0,0.3333333333333333,0.3333333333333333,0.3333333333333333,0.6995851178963978,0.0,1.3862943611198906,0.44390339890882247,-0.08115763447485524,-0.8125206120778071
2016-05-14,0.8959000706672668,1.0,1.0,0.0,0.0,1.0,1.0,0.0,0.0,0.9271300494670867,1.0,0.6931471805599453,1.460643048461797,3.1352139137118606,-1.320819012610393
2016-05-15,0.9993683695793152,0.0,0.0,1.0,0.0,1.0,0.0,1.0,0.0,0.6995578587055206,0.0,0.6931471805599453,0.4437815965905363,-0.08115763447485524,-1.320819012610393
2016-05-16,0.9983023405075072,1.0,1.0,0.0,0.0,1.0,1.0,0.0,0.0,0.998811638355255,1.0,0.6931471805599453,1.780938091126438,3.1352139137118606,-1.320819012610393
2016-05-17,0.0,0.0,,,,0.0,0.0,0.0,0.0,0.0,0.0,0.0,-2.682054725899988,-0.08115763447485524,-1.829117413142979
2016-05-18,0.9870269596576692,0.5,1.0,1.0,0.0,2.0,0.5,0.5,0.0,0.8409188717603684,0.5,1.0986122886681098,1.0754254037354527,1.5270281396185026,-1.0234835091222876
2016-05-19,0.966575528894152,0.7142857142857143,5.0,2.0,0.0,7.0,0.7142857142857143,0.2857142857142857,0.0,0.8908885845116207,0.7142857142857143,2.0794415416798357,1.2987052099709417,2.216250614229942,-0.3042222115452213
2016-05-20,0.0,0.0,,,,0.0,0.0,0.0,0.0,0.0,0.0,0.0,-2.682054725899988,-0.08115763447485524,-1.829117413142979
2016-05-21,0.0,0.0,,,,0.0,0.0,0.0,0.0,0.0,0.0,0.0,-2.682054725899988,-0.08115763447485524,-1.829117413142979
2016-05-22,0.0,0.0,,,,0.0,0.0,0.0,0.0,0.0,0.0,0.0,-2.682054725899988,-0.08115763447485524,-1.829117413142979
2016-05-23,0.9999502897262572,-1.0,0.0,0.0,1.0,1.0,0.0,0.0,1.0,0.39996520280838005,-1.0,0.6931471805599453,-0.8948890996225954,-3.297529182661571,-1.320819012610393
2016-05-24,0.0,0.0,,,,0.0,0.0,0.0,0.0,0.0,0.0,0.0,-2.682054725899988,-0.08115763447485524,-1.829117413142979
2016-05-25,0.9999109506607056,1.0,1.0,0.0,0.0,1.0,1.0,0.0,0.0,0.9999376654624939,1.0,0.6931471805599453,1.7859695211763116,3.1352139137118606,-1.320819012610393
2016-05-26,0.8589074537158012,0.25,2.0,1.0,1.0,4.0,0.5,0.25,0.25,0.6762352176010608,0.25,1.6094379124341003,0.3395689745843564,0.7229352525718238,-0.6488850763600583
2016-05-27,0.0,0.0,,,,0.0,0.0,0.0,0.0,0.0,0.0,0.0,-2.682054725899988,-0.08115763447485524,-1.829117413142979
2016-05-28,0.0,0.0,,,,0.0,0.0,0.0,0.0,0.0,0.0,0.0,-2.682054725899988,-0.08115763447485524,-1.829117413142979
2016-05-29,0.0,0.0,,,,0.0,0.0,0.0,0.0,0.0,0.0,0.0,-2.682054725899988,-0.08115763447485524,-1.829117413142979
2016-05-30,0.969919204711914,-1.0,0.0,0.0,1.0,1.0,0.0,0.0,1.0,0.3789434432983398,-1.0,0.6931471805599453,-0.9888206860116568,-3.297529182661571,-1.320819012610393
2016-05-31,0.994472990433375,0.5,3.0,3.0,0.0,6.0,0.5,0.5,0.0,0.8461310933033624,0.5,1.9459101490553132,1.0987151877285974,1.5270281396185026,-0.40214339653381637
2016-06-01,0.9985965490341188,0.5,1.0,1.0,0.0,2.0,0.5,0.5,0.0,0.8490175843238831,0.5,1.0986122886681098,1.1116129035704034,1.5270281396185026,-1.0234835091222876
2016-06-02,0.9999979734420776,0.0,0.0,1.0,0.0,1.0,0.0,1.0,0.0,0.6999985814094543,0.0,0.6931471805599453,0.44575087907226174,-0.08115763447485524,-1.320819012610393
2016-06-03,0.0,0.0,,,,0.0,0.0,0.0,0.0,0.0,0.0,0.0,-2.682054725899988,-0.08115763447485524,-1.829117413142979
2016-06-04,0.0,0.0,,,,0.0,0.0,0.0,0.0,0.0,0.0,0.0,-2.682054725899988,-0.08115763447485524,-1.829117413142979
2016-06-05,0.0,0.0,,,,0.0,0.0,0.0,0.0,0.0,0.0,0.0,-2.682054725899988,-0.08115763447485524,-1.829117413142979
2016-06-06,0.9998363256454468,0.25,1.0,3.0,0.0,4.0,0.25,0.75,0.0,0.7748854279518127,0.25,1.6094379124341003,0.780367983413042,0.7229352525718238,-0.6488850763600583
2016-06-07,0.0,0.0,,,,0.0,0.0,0.0,0.0,0.0,0.0,0.0,-2.682054725899988,-0.08115763447485524,-1.829117413142979
2016-06-08,0.0,0.0,,,,0.0,0.0,0.0,0.0,0.0,0.0,0.0,-2.682054725899988,-0.08115763447485524,-1.829117413142979
2016-06-09,0.9476696252822876,0.0,0.0,2.0,0.0,2.0,0.0,1.0,0.0,0.6633687376976013,0.0,1.0986122886681098,0.28207764670584573,-0.08115763447485524,-1.0234835091222876
2016-06-10,0.9997172753016154,0.0,0.0,3.0,0.0,3.0,0.0,1.0,0.0,0.6998020927111307,0.0,1.3862943611198906,0.44487290807595964,-0.08115763447485524,-0.8125206120778071
2016-06-11,0.0,0.0,,,,0.0,0.0,0.0,0.0,0.0,0.0,0.0,-2.682054725899988,-0.08115763447485524,-1.829117413142979
2016-06-12,0.0,0.0,,,,0.0,0.0,0.0,0.0,0.0,0.0,0.0,-2.682054725899988,-0.08115763447485524,-1.829117413142979
2016-06-13,0.9999096989631652,0.75,3.0,1.0,0.0,4.0,0.75,0.25,0.0,0.9249367892742155,0.75,1.6094379124341003,1.4508428978520458,2.3311210266651816,-0.6488850763600583
2016-06-14,0.9999641180038452,-0.5,0.0,1.0,1.0,2.0,0.0,0.5,0.5,0.5499748826026916,-0.5,1.0986122886681098,-0.2246004308712977,-1.6893434085682133,-1.0234835091222876
2016-06-15,0.0,0.0,,,,0.0,0.0,0.0,0.0,0.0,0.0,0.0,-2.682054725899988,-0.08115763447485524,-1.829117413142979
2016-06-16,0.9999847173690796,0.2,1.0,4.0,0.0,5.0,0.2,0.8,0.0,0.7599893021583557,0.2,1.791759469228055,0.7138075831686119,0.562116675162488,-0.5151851085897018
2016-06-17,0.997901697953542,0.0,1.0,4.0,1.0,6.0,0.1666666666666666,0.6666666666666666,0.1666666666666666,0.6985311885674793,0.0,1.9459101490553132,0.4391941235620092,-0.08115763447485524,-0.40214339653381637
2016-06-18,0.0,0.0,,,,0.0,0.0,0.0,0.0,0.0,0.0,0.0,-2.682054725899988,-0.08115763447485524,-1.829117413142979
2016-06-19,0.9378122687339784,1.0,1.0,0.0,0.0,1.0,1.0,0.0,0.0,0.9564685881137849,1.0,0.6931471805599453,1.5917365221600828,3.1352139137118606,-1.320819012610393
2016-06-20,0.9820705652236938,-0.3333333333333333,0.0,2.0,1.0,3.0,0.0,0.6666666666666666,0.3333333333333333,0.5874493956565857,-0.3333333333333333,1.3862943611198906,-0.05715296013847658,-1.1532814838704273,-0.8125206120778071
2016-06-21,0.9990556836128236,0.3333333333333333,1.0,2.0,0.0,3.0,0.3333333333333333,0.6666666666666666,0.0,0.7993389785289765,0.3333333333333333,1.3862943611198906,0.8896338513562599,0.9909662149207167,-0.8125206120778071
2016-06-22,0.9882262647151948,0.5,1.0,1.0,0.0,2.0,0.5,0.5,0.0,0.8417583853006364,0.5,1.0986122886681098,1.0791766044184787,1.5270281396185026,-1.0234835091222876
2016-06-23,0.9718223363161088,-0.25,0.0,3.0,1.0,4.0,0.0,0.75,0.25,0.6052756354212762,-0.25,1.6094379124341003,0.022500076499555828,-0.8852505215215343,-0.6488850763600583
2016-06-24,0.8131912350654602,0.0,1.0,3.0,1.0,5.0,0.2,0.6,0.2,0.5692338645458221,0.0,1.791759469228055,-0.13854546837909856,-0.08115763447485524,-0.5151851085897018
2016-06-25,0.9258076548576356,0.0,0.0,1.0,0.0,1.0,0.0,1.0,0.0,0.6480653584003448,0.0,0.6931471805599453,0.21369751449958274,-0.08115763447485524,-1.320819012610393
2016-06-26,0.0,0.0,,,,0.0,0.0,0.0,0.0,0.0,0.0,0.0,-2.682054725899988,-0.08115763447485524,-1.829117413142979
2016-06-27,0.8778392970561981,0.0,1.0,0.0,1.0,2.0,0.5,0.0,0.5,0.6144875079393386,0.0,1.0986122886681098,0.06366151205028274,-0.08115763447485524,-1.0234835091222876
2016-06-28,0.8275132775306702,-0.5,0.0,1.0,1.0,2.0,0.0,0.5,0.5,0.429259294271469,-0.5,1.0986122886681098,-0.7639942293982457,-1.6893434085682133,-1.0234835091222876
2016-06-29,0.998423494398594,0.125,2.0,5.0,1.0,8.0,0.25,0.625,0.125,0.7363964460790158,0.125,2.1972245773362196,0.6083875588398793,0.32088880904848427,-0.2178496051015963
2016-06-30,0.9067549854516984,0.25,1.0,3.0,0.0,4.0,0.25,0.75,0.0,0.7097284898161889,0.25,1.6094379124341003,0.4892270558227538,0.7229352525718238,-0.6488850763600583
2016-07-01,0.812210988998413,-0.6,1.0,0.0,4.0,5.0,0.2,0.0,0.8,0.38854769229888914,-0.6000000000000001,1.791759469228055,-0.9459059935347364,-2.010980563386885,-0.5151851085897018
2016-07-02,0.0,0.0,,,,0.0,0.0,0.0,0.0,0.0,0.0,0.0,-2.682054725899988,-0.08115763447485524,-1.829117413142979
2016-07-03,0.0,0.0,,,,0.0,0.0,0.0,0.0,0.0,0.0,0.0,-2.682054725899988,-0.08115763447485524,-1.829117413142979
2016-07-04,0.6319188475608826,0.0,0.0,1.0,0.0,1.0,0.0,1.0,0.0,0.4423431932926178,0.0,0.6931471805599453,-0.7055314070724642,-0.08115763447485524,-1.320819012610393
2016-07-05,0.8927361766497294,0.3333333333333333,1.0,2.0,0.0,3.0,0.3333333333333333,0.6666666666666666,0.0,0.7249153236548105,0.3333333333333333,1.3862943611198906,0.5570864276325913,0.9909662149207167,-0.8125206120778071
2016-07-06,0.9994996786117554,0.0,0.0,1.0,0.0,1.0,0.0,1.0,0.0,0.6996497750282287,0.0,0.6931471805599453,0.4441923065505136,-0.08115763447485524,-1.320819012610393
2016-07-07,0.9965482155481974,-0.3333333333333333,0.0,2.0,1.0,3.0,0.0,0.6666666666666666,0.3333333333333333,0.5975837508837382,-0.3333333333333333,1.3862943611198906,-0.011869592537298863,-1.1532814838704273,-0.8125206120778071
2016-07-08,0.990877479314804,0.3333333333333333,2.0,4.0,0.0,6.0,0.3333333333333333,0.6666666666666666,0.0,0.7936142355203627,0.3333333333333333,1.9459101490553132,0.8640539662751869,0.9909662149207167,-0.40214339653381637
2016-07-09,0.9998955428600312,0.0,0.0,2.0,0.0,2.0,0.0,1.0,0.0,0.6999268800020219,0.0,1.0986122886681098,0.4454304954743409,-0.08115763447485524,-1.0234835091222876
2016-07-10,0.8793541789054871,0.0,0.0,1.0,0.0,1.0,0.0,1.0,0.0,0.6155479252338409,0.0,0.6931471805599453,0.06839977759172938,-0.08115763447485524,-1.320819012610393
2016-07-11,0.0,0.0,,,,0.0,0.0,0.0,0.0,0.0,0.0,0.0,-2.682054725899988,-0.08115763447485524,-1.829117413142979
2016-07-12,0.868165049288008,0.2222222222222222,2.0,7.0,0.0,9.0,0.2222222222222222,0.7777777777777778,0.0,0.6743822011682722,0.2222222222222222,2.302585092994046,0.33128913611252453,0.633591598455526,-0.14058667582747214
2016-07-13,0.9982302188873292,0.0,1.0,1.0,1.0,3.0,0.3333333333333333,0.3333333333333333,0.3333333333333333,0.6987611532211304,0.0,1.3862943611198906,0.44022167526245287,-0.08115763447485524,-0.8125206120778071
2016-07-14,0.9989853501319884,0.0,0.0,1.0,0.0,1.0,0.0,1.0,0.0,0.6992897450923918,0.0,0.6931471805599453,0.44258358378853196,-0.08115763447485524,-1.320819012610393
2016-07-15,0.9999470710754396,0.0,0.0,1.0,0.0,1.0,0.0,1.0,0.0,0.6999629497528077,0.0,0.6931471805599453,0.44559166604193085,-0.08115763447485524,-1.320819012610393
2016-07-16,0.0,0.0,,,,0.0,0.0,0.0,0.0,0.0,0.0,0.0,-2.682054725899988,-0.08115763447485524,-1.829117413142979
2016-07-17,0.0,0.0,,,,0.0,0.0,0.0,0.0,0.0,0.0,0.0,-2.682054725899988,-0.08115763447485524,-1.829117413142979
2016-07-18,0.953510284423828,0.0,0.0,1.0,0.0,1.0,0.0,1.0,0.0,0.6674571990966796,0.0,0.6931471805599453,0.3003461301276279,-0.08115763447485524,-1.320819012610393
2016-07-19,0.8030959367752075,1.0,2.0,0.0,0.0,2.0,1.0,0.0,0.0,0.8621671557426451,1.0,1.0986122886681098,1.1703691700527907,3.1352139137118606,-1.0234835091222876
2016-07-20,0.0,0.0,,,,0.0,0.0,0.0,0.0,0.0,0.0,0.0,-2.682054725899988,-0.08115763447485524,-1.829117413142979
2016-07-21,0.9973858339445932,0.2857142857142857,2.0,5.0,0.0,7.0,0.2857142857142857,0.7142857142857143,0.0,0.783884369475501,0.2857142857142857,2.0794415416798357,0.8205779788103692,0.8378056650070635,-0.3042222115452213
2016-07-22,0.9920667111873628,-0.5,0.0,1.0,1.0,2.0,0.0,0.5,0.5,0.5444466978311538,-0.5,1.0986122886681098,-0.24930203423586753,-1.6893434085682133,-1.0234835091222876
2016-07-23,0.0,0.0,,,,0.0,0.0,0.0,0.0,0.0,0.0,0.0,-2.682054725899988,-0.08115763447485524,-1.829117413142979
2016-07-24,0.0,0.0,,,,0.0,0.0,0.0,0.0,0.0,0.0,0.0,-2.682054725899988,-0.08115763447485524,-1.829117413142979
2016-07-25,0.9996204972267152,0.0,0.0,2.0,0.0,2.0,0.0,1.0,0.0,0.6997343480587006,0.0,1.0986122886681098,0.4445702044574022,-0.08115763447485524,-1.0234835091222876
2016-07-26,0.9991763532161712,0.0,0.0,2.0,0.0,2.0,0.0,1.0,0.0,0.6994234472513198,0.0,1.0986122886681098,0.4431810055165155,-0.08115763447485524,-1.0234835091222876
2016-07-27,0.9766691029071808,0.0,0.0,4.0,0.0,4.0,0.0,1.0,0.0,0.6836683720350265,0.0,1.6094379124341003,0.37278255918101283,-0.08115763447485524,-0.6488850763600583
2016-07-28,0.0,0.0,,,,0.0,0.0,0.0,0.0,0.0,0.0,0.0,-2.682054725899988,-0.08115763447485524,-1.829117413142979
2016-07-29,0.0,0.0,,,,0.0,0.0,0.0,0.0,0.0,0.0,0.0,-2.682054725899988,-0.08115763447485524,-1.829117413142979
2016-07-30,0.0,0.0,,,,0.0,0.0,0.0,0.0,0.0,0.0,0.0,-2.682054725899988,-0.08115763447485524,-1.829117413142979
2016-07-31,0.0,0.0,,,,0.0,0.0,0.0,0.0,0.0,0.0,0.0,-2.682054725899988,-0.08115763447485524,-1.829117413142979
2016-08-01,0.9857903003692629,0.4,2.0,3.0,0.0,5.0,0.4,0.6,0.0,0.810053210258484,0.4,1.791759469228055,0.9375082827430324,1.2053909847998312,-0.5151851085897018
2016-08-02,0.7099581105368478,0.0,0.0,7.0,0.0,7.0,0.0,1.0,0.0,0.4969706773757934,0.0,2.0794415416798357,-0.46143926826147913,-0.08115763447485524,-0.3042222115452213
2016-08-03,0.9455013248053464,-0.2272727272727272,2.0,13.0,7.0,22.0,0.0909090909090909,0.5909090909090909,0.3181818181818182,0.5936691091819244,-0.2272727272727273,3.1354942159291497,-0.02936139692315536,-0.8121511681536545,0.4702018938308565
2016-08-04,0.9850803216298422,-0.1666666666666666,1.0,3.0,2.0,6.0,0.1666666666666666,0.5,0.3333333333333333,0.6395562251408895,-0.1666666666666667,1.9459101490553132,0.1756761307293602,-0.6172195591726414,-0.40214339653381637
2016-08-05,0.8734924878392901,-0.2857142857142857,2.0,1.0,4.0,7.0,0.2857142857142857,0.1428571428571428,0.5714285714285714,0.5257304557732173,-0.2857142857142857,2.0794415416798357,-0.3329318705920482,-1.000120933956774,-0.3042222115452213
2016-08-06,0.0,0.0,,,,0.0,0.0,0.0,0.0,0.0,0.0,0.0,-2.682054725899988,-0.08115763447485524,-1.829117413142979
2016-08-07,0.9853179454803468,1.0,1.0,0.0,0.0,1.0,1.0,0.0,0.0,0.9897225618362426,1.0,0.6931471805599453,1.7403253452792298,3.1352139137118606,-1.320819012610393
2016-08-08,0.9972503185272216,0.0,1.0,1.0,1.0,3.0,0.3333333333333333,0.3333333333333333,0.3333333333333333,0.6980752229690551,0.0,1.3862943611198906,0.4371567312125074,-0.08115763447485524,-0.8125206120778071
2016-08-09,0.7556021213531494,0.5,1.0,1.0,0.0,2.0,0.5,0.5,0.0,0.6789214849472046,0.5,1.0986122886681098,0.351572030425991,1.5270281396185026,-1.0234835091222876
2016-08-10,0.8532527685165405,0.0,0.0,1.0,0.0,1.0,0.0,1.0,0.0,0.5972769379615783,0.0,0.6931471805599453,-0.013240525569301855,-0.08115763447485524,-1.320819012610393
2016-08-11,0.9969326257705688,0.0,0.0,1.0,0.0,1.0,0.0,1.0,0.0,0.6978528380393981,0.0,0.6931471805599453,0.43616304801383304,-0.08115763447485524,-1.320819012610393
2016-08-12,0.0,0.0,,,,0.0,0.0,0.0,0.0,0.0,0.0,0.0,-2.682054725899988,-0.08115763447485524,-1.829117413142979
2016-08-13,0.0,0.0,,,,0.0,0.0,0.0,0.0,0.0,0.0,0.0,-2.682054725899988,-0.08115763447485524,-1.829117413142979
2016-08-14,0.7922912538051605,0.5,1.0,1.0,0.0,2.0,0.5,0.5,0.0,0.7046038776636123,0.5,1.0986122886681098,0.46632873711207345,1.5270281396185026,-1.0234835091222876
2016-08-15,0.9992196460564932,-0.5,0.0,6.0,6.0,12.0,0.0,0.5,0.5,0.5494537522395452,-0.5,2.5649493574615367,-0.22692899911994824,-1.6893434085682133,0.05181017685539133
2016-08-16,0.9658717066049576,0.25,1.0,3.0,0.0,4.0,0.25,0.75,0.0,0.7511101946234702,0.25,1.6094379124341003,0.6741330423161908,0.7229352525718238,-0.6488850763600583
2016-08-17,0.886528730392456,0.0,0.0,1.0,0.0,1.0,0.0,1.0,0.0,0.6205701112747192,0.0,0.6931471805599453,0.09084042542310534,-0.08115763447485524,-1.320819012610393
2016-08-18,0.9939658045768738,1.0,1.0,0.0,0.0,1.0,1.0,0.0,0.0,0.9957760632038115,1.0,0.6931471805599453,1.767374222248473,3.1352139137118606,-1.320819012610393
2016-08-19,0.0,0.0,,,,0.0,0.0,0.0,0.0,0.0,0.0,0.0,-2.682054725899988,-0.08115763447485524,-1.829117413142979
2016-08-20,0.0,0.0,,,,0.0,0.0,0.0,0.0,0.0,0.0,0.0,-2.682054725899988,-0.08115763447485524,-1.829117413142979
2016-08-21,0.0,0.0,,,,0.0,0.0,0.0,0.0,0.0,0.0,0.0,-2.682054725899988,-0.08115763447485524,-1.829117413142979
2016-08-22,0.9938659071922302,0.0,0.0,1.0,0.0,1.0,0.0,1.0,0.0,0.6957061350345611,0.0,0.6931471805599453,0.42657092901664845,-0.08115763447485524,-1.320819012610393
2016-08-23,1.0,1.0,1.0,0.0,0.0,1.0,1.0,0.0,0.0,1.0,1.0,0.6931471805599453,1.7862480507633325,3.1352139137118606,-1.320819012610393
2016-08-24,0.9872942119836808,0.0,1.0,2.0,1.0,4.0,0.25,0.5,0.25,0.6911059483885765,0.0,1.6094379124341003,0.40601590225322587,-0.08115763447485524,-0.6488850763600583
2016-08-25,0.7989321152369181,0.6666666666666666,2.0,1.0,0.0,3.0,0.6666666666666666,0.3333333333333333,0.0,0.7592524806658426,0.6666666666666666,1.3862943611198906,0.7105152416477105,2.0630900643162886,-0.8125206120778071
2016-08-26,0.94366854429245,-0.25,0.0,6.0,2.0,8.0,0.0,0.75,0.25,0.585567981004715,-0.25,2.1972245773362196,-0.06555969045148571,-0.8852505215215343,-0.2178496051015963
2016-08-27,0.9962487816810608,1.0,1.0,0.0,0.0,1.0,1.0,0.0,0.0,0.9973741471767426,1.0,0.6931471805599453,1.7745149453020619,3.1352139137118606,-1.320819012610393
2016-08-28,0.0,0.0,,,,0.0,0.0,0.0,0.0,0.0,0.0,0.0,-2.682054725899988,-0.08115763447485524,-1.829117413142979
2016-08-29,0.9083212812741598,-0.6666666666666666,0.0,1.0,2.0,3.0,0.0,0.3333333333333333,0.6666666666666666,0.43582489689191184,-0.6666666666666666,1.3862943611198906,-0.734657128978853,-2.225405333265999,-0.8125206120778071
2016-08-30,0.7641745805740356,1.0,2.0,0.0,0.0,2.0,1.0,0.0,0.0,0.8349222064018249,1.0,1.0986122886681098,1.0486304872631522,3.1352139137118606,-1.0234835091222876
2016-08-31,0.0,0.0,,,,0.0,0.0,0.0,0.0,0.0,0.0,0.0,-2.682054725899988,-0.08115763447485524,-1.829117413142979
2016-09-01,0.0,0.0,,,,0.0,0.0,0.0,0.0,0.0,0.0,0.0,-2.682054725899988,-0.08115763447485524,-1.829117413142979
2016-09-02,0.9747544825077056,-0.5,0.0,1.0,1.0,2.0,0.0,0.5,0.5,0.5323281377553939,-0.5,1.0986122886681098,-0.303451429871547,-1.6893434085682133,-1.0234835091222876
2016-09-03,0.0,0.0,,,,0.0,0.0,0.0,0.0,0.0,0.0,0.0,-2.682054725899988,-0.08115763447485524,-1.829117413142979
2016-09-04,0.8789921402931213,0.0,0.0,1.0,0.0,1.0,0.0,1.0,0.0,0.6152944982051849,0.0,0.6931471805599453,0.06726738889590403,-0.08115763447485524,-1.320819012610393
2016-09-05,0.0,0.0,,,,0.0,0.0,0.0,0.0,0.0,0.0,0.0,-2.682054725899988,-0.08115763447485524,-1.829117413142979
2016-09-06,0.999881148338318,1.0,1.0,0.0,0.0,1.0,1.0,0.0,0.0,0.9999168038368225,1.0,0.6931471805599453,1.7858763051163986,3.1352139137118606,-1.320819012610393
2016-09-07,0.9999972581863404,-1.0,0.0,0.0,1.0,1.0,0.0,0.0,1.0,0.39999808073043824,-1.0,0.6931471805599453,-0.8947421911121719,-3.297529182661571,-1.320819012610393
2016-09-08,0.9981054365634918,0.0,0.0,2.0,0.0,2.0,0.0,1.0,0.0,0.6986738055944443,0.0,1.0986122886681098,0.4398313796195962,-0.08115763447485524,-1.0234835091222876
2016-09-09,0.9332953095436096,0.6666666666666666,2.0,1.0,0.0,3.0,0.6666666666666666,0.3333333333333333,0.0,0.8533067166805266,0.6666666666666666,1.3862943611198906,1.1307780455890704,2.0630900643162886,-0.8125206120778071
2016-09-10,0.0,0.0,,,,0.0,0.0,0.0,0.0,0.0,0.0,0.0,-2.682054725899988,-0.08115763447485524,-1.829117413142979
2016-09-11,0.550337553024292,-1.0,0.0,0.0,1.0,1.0,0.0,0.0,1.0,0.08523628711700437,-1.0,0.6931471805599453,-2.3011931875026055,-3.297529182661571,-1.320819012610393
2016-09-12,0.0,0.0,,,,0.0,0.0,0.0,0.0,0.0,0.0,0.0,-2.682054725899988,-0.08115763447485524,-1.829117413142979
2016-09-13,0.0,0.0,,,,0.0,0.0,0.0,0.0,0.0,0.0,0.0,-2.682054725899988,-0.08115763447485524,-1.829117413142979
2016-09-14,0.997164249420166,0.0,0.0,2.0,0.0,2.0,0.0,1.0,0.0,0.6980149745941162,0.0,1.0986122886681098,0.4368875232314785,-0.08115763447485524,-1.0234835091222876
2016-09-15,0.0,0.0,,,,0.0,0.0,0.0,0.0,0.0,0.0,0.0,-2.682054725899988,-0.08115763447485524,-1.829117413142979
2016-09-16,0.953018283843994,0.0,0.0,5.0,0.0,5.0,0.0,1.0,0.0,0.6671127986907958,0.0,1.791759469228055,0.29880724483773335,-0.08115763447485524,-0.5151851085897018
2016-09-17,0.0,0.0,,,,0.0,0.0,0.0,0.0,0.0,0.0,0.0,-2.682054725899988,-0.08115763447485524,-1.829117413142979
2016-09-18,0.0,0.0,,,,0.0,0.0,0.0,0.0,0.0,0.0,0.0,-2.682054725899988,-0.08115763447485524,-1.829117413142979
2016-09-19,0.8284891098737717,-0.25,0.0,6.0,2.0,8.0,0.0,0.75,0.25,0.5049423769116401,-0.25,2.1972245773362196,-0.42581930109072963,-0.8852505215215343,-0.2178496051015963
2016-09-20,0.8917395323514938,0.0,0.0,8.0,0.0,8.0,0.0,1.0,0.0,0.6242176726460457,0.0,2.1972245773362196,0.10713883402665338,-0.08115763447485524,-0.2178496051015963
2016-09-21,0.997461994489034,0.3333333333333333,1.0,2.0,0.0,3.0,0.3333333333333333,0.6666666666666666,0.0,0.7982233961423237,0.3333333333333333,1.3862943611198906,0.8846490914803827,0.9909662149207167,-0.8125206120778071
2016-09-22,0.8915275931358337,-1.0,0.0,0.0,5.0,5.0,0.0,0.0,1.0,0.3240693151950836,-1.0,1.791759469228055,-1.2340149049824154,-3.297529182661571,-0.5151851085897018
2016-09-23,0.0,0.0,,,,0.0,0.0,0.0,0.0,0.0,0.0,0.0,-2.682054725899988,-0.08115763447485524,-1.829117413142979
2016-09-24,0.0,0.0,,,,0.0,0.0,0.0,0.0,0.0,0.0,0.0,-2.682054725899988,-0.08115763447485524,-1.829117413142979
2016-09-25,0.0,0.0,,,,0.0,0.0,0.0,0.0,0.0,0.0,0.0,-2.682054725899988,-0.08115763447485524,-1.829117413142979
2016-09-26,0.0,0.0,,,,0.0,0.0,0.0,0.0,0.0,0.0,0.0,-2.682054725899988,-0.08115763447485524,-1.829117413142979
2016-09-27,0.0,0.0,,,,0.0,0.0,0.0,0.0,0.0,0.0,0.0,-2.682054725899988,-0.08115763447485524,-1.829117413142979
2016-09-28,0.9208164691925048,-0.6,0.0,2.0,3.0,5.0,0.0,0.4,0.6,0.4645715284347533,-0.6,1.791759469228055,-0.6062084754362572,-2.0109805633868847,-0.5151851085897018
2016-09-29,0.9990664521853128,0.1666666666666666,1.0,5.0,0.0,6.0,0.1666666666666666,0.8333333333333334,0.0,0.7493465165297188,0.1666666666666666,1.9459101490553132,0.6662523945927414,0.45490429022293055,-0.40214339653381637
2016-09-30,0.9998544454574584,0.0,0.0,1.0,0.0,1.0,0.0,1.0,0.0,0.6998981118202209,0.0,0.6931471805599453,0.44530195052772004,-0.08115763447485524,-1.320819012610393
2016-10-01,0.0,0.0,,,,0.0,0.0,0.0,0.0,0.0,0.0,0.0,-2.682054725899988,-0.08115763447485524,-1.829117413142979
2016-10-02,0.0,0.0,,,,0.0,0.0,0.0,0.0,0.0,0.0,0.0,-2.682054725899988,-0.08115763447485524,-1.829117413142979
2016-10-03,1.0,1.0,1.0,0.0,0.0,1.0,1.0,0.0,0.0,1.0,1.0,0.6931471805599453,1.7862480507633325,3.1352139137118606,-1.320819012610393
2016-10-04,0.9881316423416138,0.75,3.0,1.0,0.0,4.0,0.75,0.25,0.0,0.9166921496391296,0.75,1.6094379124341003,1.4140033516780028,2.3311210266651816,-0.6488850763600583
2016-10-05,0.995976984500885,0.0,0.0,1.0,0.0,1.0,0.0,1.0,0.0,0.6971838891506195,0.0,0.6931471805599453,0.4331739818366575,-0.08115763447485524,-1.320819012610393
2016-10-06,0.99998676776886,-1.0,0.0,0.0,1.0,1.0,0.0,0.0,1.0,0.39999073743820196,-1.0,0.6931471805599453,-0.8947750031652612,-3.297529182661571,-1.320819012610393
2016-10-07,0.999838650226593,0.5,1.0,1.0,0.0,2.0,0.5,0.5,0.0,0.8498870551586151,0.5,1.0986122886681098,1.1154979625154642,1.5270281396185026,-1.0234835091222876
2016-10-08,0.0,0.0,,,,0.0,0.0,0.0,0.0,0.0,0.0,0.0,-2.682054725899988,-0.08115763447485524,-1.829117413142979
2016-10-09,0.0,0.0,,,,0.0,0.0,0.0,0.0,0.0,0.0,0.0,-2.682054725899988,-0.08115763447485524,-1.829117413142979
2016-10-10,0.9357972145080566,-1.0,0.0,0.0,1.0,1.0,0.0,0.0,1.0,0.35505805015563957,-1.0,0.6931471805599453,-1.0955478545128794,-3.297529182661571,-1.320819012610393
2016-10-11,0.999835968017578,0.0,0.0,1.0,0.0,1.0,0.0,1.0,0.0,0.6998851776123046,0.0,0.6931471805599453,0.44524415657057387,-0.08115763447485524,-1.320819012610393
2016-10-12,0.9999879598617554,1.0,1.0,0.0,0.0,1.0,1.0,0.0,0.0,0.9999915719032286,1.0,0.6931471805599453,1.7862103914751268,3.1352139137118606,-1.320819012610393
2016-10-13,0.9718722701072692,0.25,1.0,3.0,0.0,4.0,0.25,0.75,0.0,0.7553105890750883,0.25,1.6094379124341003,0.6929016765074373,0.7229352525718238,-0.6488850763600583
2016-10-14,0.8144499659538269,0.0,0.0,2.0,0.0,2.0,0.0,1.0,0.0,0.5701149761676788,0.0,1.0986122886681098,-0.1346083948726061,-0.08115763447485524,-1.0234835091222876
2016-10-15,0.8668746948242188,0.0,0.0,1.0,0.0,1.0,0.0,1.0,0.0,0.6068122863769531,0.0,0.6931471805599453,0.02936629823156926,-0.08115763447485524,-1.320819012610393
2016-10-16,0.8720364570617676,0.0,0.0,1.0,0.0,1.0,0.0,1.0,0.0,0.6104255199432372,0.0,0.6931471805599453,0.045511319808529974,-0.08115763447485524,-1.320819012610393
2016-10-17,0.986504077911377,0.0,0.0,1.0,0.0,1.0,0.0,1.0,0.0,0.6905528545379638,0.0,0.6931471805599453,0.40354451146477754,-0.08115763447485524,-1.320819012610393
2016-10-18,0.9985936522483826,-0.2,0.0,4.0,1.0,5.0,0.0,0.8,0.2,0.6390155565738678,-0.2,1.791759469228055,0.17326025987008242,-0.7244319441121985,-0.5151851085897018
2016-10-19,0.9993373354276022,0.0,0.0,3.0,0.0,3.0,0.0,1.0,0.0,0.6995361347993215,0.0,1.3862943611198906,0.44368452760014715,-0.08115763447485524,-0.8125206120778071
2016-10-20,0.9999833106994628,1.0,1.0,0.0,0.0,1.0,1.0,0.0,0.0,0.9999883174896238,1.0,0.6931471805599453,1.78619584976978,3.1352139137118606,-1.320819012610393
2016-10-21,0.9999996423721312,1.0,1.0,0.0,0.0,1.0,1.0,0.0,0.0,0.9999997496604918,1.0,0.6931471805599453,1.7862469321706127,3.1352139137118606,-1.320819012610393
2016-10-22,0.9997267127037048,-1.0,0.0,0.0,1.0,1.0,0.0,0.0,1.0,0.39980869889259335,-1.0,0.6931471805599453,-0.8955884065040638,-3.297529182661571,-1.320819012610393
2016-10-23,0.0,0.0,,,,0.0,0.0,0.0,0.0,0.0,0.0,0.0,-2.682054725899988,-0.08115763447485524,-1.829117413142979
2016-10-24,1.0,1.0,1.0,0.0,0.0,1.0,1.0,0.0,0.0,1.0,1.0,0.6931471805599453,1.7862480507633325,3.1352139137118606,-1.320819012610393
2016-10-25,0.0,0.0,,,,0.0,0.0,0.0,0.0,0.0,0.0,0.0,-2.682054725899988,-0.08115763447485524,-1.829117413142979
2016-10-26,0.9982847571372986,0.0,0.0,1.0,0.0,1.0,0.0,1.0,0.0,0.6987993299961089,0.0,0.6931471805599453,0.44039226065209347,-0.08115763447485524,-1.320819012610393
2016-10-27,0.9865100979804992,0.0,0.0,1.0,0.0,1.0,0.0,1.0,0.0,0.6905570685863494,0.0,0.6931471805599453,0.40356334110887976,-0.08115763447485524,-1.320819012610393
2016-10-28,0.9326412479082744,-0.3333333333333333,0.0,2.0,1.0,3.0,0.0,0.6666666666666666,0.3333333333333333,0.552848873535792,-0.3333333333333333,1.3862943611198906,-0.2117585692048196,-1.1532814838704273,-0.8125206120778071
2016-10-29,0.0,0.0,,,,0.0,0.0,0.0,0.0,0.0,0.0,0.0,-2.682054725899988,-0.08115763447485524,-1.829117413142979
2016-10-30,0.0,0.0,,,,0.0,0.0,0.0,0.0,0.0,0.0,0.0,-2.682054725899988,-0.08115763447485524,-1.829117413142979
2016-10-31,0.0,0.0,,,,0.0,0.0,0.0,0.0,0.0,0.0,0.0,-2.682054725899988,-0.08115763447485524,-1.829117413142979
2016-11-01,0.0,0.0,,,,0.0,0.0,0.0,0.0,0.0,0.0,0.0,-2.682054725899988,-0.08115763447485524,-1.829117413142979
2016-11-02,0.9256494442621866,0.0,1.0,1.0,1.0,3.0,0.3333333333333333,0.3333333333333333,0.3333333333333333,0.6479546109835306,0.0,1.3862943611198906,0.21320266150952324,-0.08115763447485524,-0.8125206120778071
2016-11-03,0.9926190376281738,0.0,0.0,2.0,0.0,2.0,0.0,1.0,0.0,0.6948333263397216,0.0,1.0986122886681098,0.4226709555020011,-0.08115763447485524,-1.0234835091222876
2016-11-04,0.9964614510536194,0.0,0.0,1.0,0.0,1.0,0.0,1.0,0.0,0.6975230157375335,0.0,0.6931471805599453,0.43468930210660583,-0.08115763447485524,-1.320819012610393
2016-11-05,0.0,0.0,,,,0.0,0.0,0.0,0.0,0.0,0.0,0.0,-2.682054725899988,-0.08115763447485524,-1.829117413142979
2016-11-06,0.0,0.0,,,,0.0,0.0,0.0,0.0,0.0,0.0,0.0,-2.682054725899988,-0.08115763447485524,-1.829117413142979
2016-11-07,0.9552655816078186,0.5,1.0,1.0,0.0,2.0,0.5,0.5,0.0,0.818685907125473,0.5,1.0986122886681098,0.9760817861238921,1.5270281396185026,-1.0234835091222876
2016-11-08,0.0,0.0,,,,0.0,0.0,0.0,0.0,0.0,0.0,0.0,-2.682054725899988,-0.08115763447485524,-1.829117413142979
2016-11-09,0.9904286861419678,-1.0,0.0,0.0,1.0,1.0,0.0,0.0,1.0,0.3933000802993774,-1.0,0.6931471805599453,-0.9246708850363732,-3.297529182661571,-1.320819012610393
2016-11-10,0.9958855956792833,0.0,2.0,0.0,2.0,4.0,0.5,0.0,0.5,0.6971199169754982,0.0,1.6094379124341003,0.4328881347889342,-0.08115763447485524,-0.6488850763600583
2016-11-11,0.0,0.0,,,,0.0,0.0,0.0,0.0,0.0,0.0,0.0,-2.682054725899988,-0.08115763447485524,-1.829117413142979
2016-11-12,0.9991505146026612,1.0,1.0,0.0,0.0,1.0,1.0,0.0,0.0,0.9994053602218629,1.0,0.6931471805599453,1.783591020191568,3.1352139137118606,-1.320819012610393
2016-11-13,0.0,0.0,,,,0.0,0.0,0.0,0.0,0.0,0.0,0.0,-2.682054725899988,-0.08115763447485524,-1.829117413142979
2016-11-14,0.9999920129776,0.0,0.0,1.0,0.0,1.0,0.0,1.0,0.0,0.69999440908432,0.0,0.6931471805599453,0.4457322358602791,-0.08115763447485524,-1.320819012610393
2016-11-15,0.9775700569152832,1.0,1.0,0.0,0.0,1.0,1.0,0.0,0.0,0.9842990398406981,1.0,0.6931471805599453,1.7160914068872437,3.1352139137118606,-1.320819012610393
2016-11-16,0.0,0.0,,,,0.0,0.0,0.0,0.0,0.0,0.0,0.0,-2.682054725899988,-0.08115763447485524,-1.829117413142979
2016-11-17,0.0,0.0,,,,0.0,0.0,0.0,0.0,0.0,0.0,0.0,-2.682054725899988,-0.08115763447485524,-1.829117413142979
2016-11-18,0.0,0.0,,,,0.0,0.0,0.0,0.0,0.0,0.0,0.0,-2.682054725899988,-0.08115763447485524,-1.829117413142979
2016-11-19,0.0,0.0,,,,0.0,0.0,0.0,0.0,0.0,0.0,0.0,-2.682054725899988,-0.08115763447485524,-1.829117413142979
2016-11-20,0.0,0.0,,,,0.0,0.0,0.0,0.0,0.0,0.0,0.0,-2.682054725899988,-0.08115763447485524,-1.829117413142979
2016-11-21,0.999141812324524,0.0,0.0,1.0,0.0,1.0,0.0,1.0,0.0,0.6993992686271668,0.0,0.6931471805599453,0.44307296810307706,-0.08115763447485524,-1.320819012610393
2016-11-22,0.0,0.0,,,,0.0,0.0,0.0,0.0,0.0,0.0,0.0,-2.682054725899988,-0.08115763447485524,-1.829117413142979
2016-11-23,0.8733566105365753,0.0,1.0,0.0,1.0,2.0,0.5,0.0,0.5,0.6113496273756027,0.0,1.0986122886681098,0.04964051161450388,-0.08115763447485524,-1.0234835091222876
2016-11-24,0.0,0.0,,,,0.0,0.0,0.0,0.0,0.0,0.0,0.0,-2.682054725899988,-0.08115763447485524,-1.829117413142979
2016-11-25,0.0,0.0,,,,0.0,0.0,0.0,0.0,0.0,0.0,0.0,-2.682054725899988,-0.08115763447485524,-1.829117413142979
2016-11-26,0.0,0.0,,,,0.0,0.0,0.0,0.0,0.0,0.0,0.0,-2.682054725899988,-0.08115763447485524,-1.829117413142979
2016-11-27,0.0,0.0,,,,0.0,0.0,0.0,0.0,0.0,0.0,0.0,-2.682054725899988,-0.08115763447485524,-1.829117413142979
2016-11-28,0.999997854232788,0.0,0.0,1.0,0.0,1.0,0.0,1.0,0.0,0.6999984979629515,0.0,0.6931471805599453,0.44575050620802203,-0.08115763447485524,-1.320819012610393
2016-11-29,0.8948695957660675,0.0,0.0,2.0,0.0,2.0,0.0,1.0,0.0,0.6264087170362472,0.0,1.0986122886681098,0.11692908375918364,-0.08115763447485524,-1.0234835091222876
2016-11-30,0.9987081289291382,0.0,0.0,1.0,0.0,1.0,0.0,1.0,0.0,0.6990956902503966,0.0,0.6931471805599453,0.44171648799921986,-0.08115763447485524,-1.320819012610393
2016-12-01,0.0,0.0,,,,0.0,0.0,0.0,0.0,0.0,0.0,0.0,-2.682054725899988,-0.08115763447485524,-1.829117413142979
2016-12-02,0.9977900981903076,-1.0,0.0,0.0,1.0,1.0,0.0,0.0,1.0,0.39845306873321534,-1.0,0.6931471805599453,-0.9016457725093411,-3.297529182661571,-1.320819012610393
2016-12-03,0.9239715337753296,0.0,0.0,1.0,0.0,1.0,0.0,1.0,0.0,0.6467800736427307,0.0,0.6931471805599453,0.20795447304833245,-0.08115763447485524,-1.320819012610393
2016-12-04,0.0,0.0,,,,0.0,0.0,0.0,0.0,0.0,0.0,0.0,-2.682054725899988,-0.08115763447485524,-1.829117413142979
2016-12-05,0.9999972581863404,1.0,1.0,0.0,0.0,1.0,1.0,0.0,0.0,0.9999980807304383,1.0,0.6931471805599453,1.7862394748858206,3.1352139137118606,-1.320819012610393
2016-12-06,0.0,0.0,,,,0.0,0.0,0.0,0.0,0.0,0.0,0.0,-2.682054725899988,-0.08115763447485524,-1.829117413142979
2016-12-07,0.8126587669054667,0.3333333333333333,1.0,2.0,0.0,3.0,0.3333333333333333,0.6666666666666666,0.0,0.6688611368338266,0.3333333333333333,1.3862943611198906,0.3066193490167846,0.9909662149207167,-0.8125206120778071
2016-12-08,0.0,0.0,,,,0.0,0.0,0.0,0.0,0.0,0.0,0.0,-2.682054725899988,-0.08115763447485524,-1.829117413142979
2016-12-09,0.9999988079071044,1.0,1.0,0.0,0.0,1.0,1.0,0.0,0.0,0.9999991655349729,1.0,0.6931471805599453,1.786244322120935,3.1352139137118606,-1.320819012610393
2016-12-10,0.0,0.0,,,,0.0,0.0,0.0,0.0,0.0,0.0,0.0,-2.682054725899988,-0.08115763447485524,-1.829117413142979
2016-12-11,0.0,0.0,,,,0.0,0.0,0.0,0.0,0.0,0.0,0.0,-2.682054725899988,-0.08115763447485524,-1.829117413142979
2016-12-12,0.0,0.0,,,,0.0,0.0,0.0,0.0,0.0,0.0,0.0,-2.682054725899988,-0.08115763447485524,-1.829117413142979
2016-12-13,0.9999970197677612,0.0,1.0,0.0,1.0,2.0,0.5,0.0,0.5,0.6999979138374328,0.0,1.0986122886681098,0.44574789615834476,-0.08115763447485524,-1.0234835091222876
2016-12-14,0.8659592866897583,0.0,0.0,1.0,0.0,1.0,0.0,1.0,0.0,0.6061715006828308,0.0,0.6931471805599453,0.026503073735276488,-0.08115763447485524,-1.320819012610393
2016-12-15,0.0,0.0,,,,0.0,0.0,0.0,0.0,0.0,0.0,0.0,-2.682054725899988,-0.08115763447485524,-1.829117413142979
2016-12-16,0.9999648332595824,0.0,0.0,1.0,0.0,1.0,0.0,1.0,0.0,0.6999753832817076,0.0,0.6931471805599453,0.445647222813638,-0.08115763447485524,-1.320819012610393
2016-12-17,0.0,0.0,,,,0.0,0.0,0.0,0.0,0.0,0.0,0.0,-2.682054725899988,-0.08115763447485524,-1.829117413142979
2016-12-18,0.0,0.0,,,,0.0,0.0,0.0,0.0,0.0,0.0,0.0,-2.682054725899988,-0.08115763447485524,-1.829117413142979
2016-12-19,0.9803918302059174,0.5,1.0,1.0,0.0,2.0,0.5,0.5,0.0,0.8362742811441422,0.5,1.0986122886681098,1.0546719665885047,1.5270281396185026,-1.0234835091222876
2016-12-20,0.9979749619960784,0.0,1.0,0.0,1.0,2.0,0.5,0.0,0.5,0.6985824733972549,0.0,1.0986122886681098,0.4394232797092961,-0.08115763447485524,-1.0234835091222876
2016-12-21,0.986769437789917,1.0,1.0,0.0,0.0,1.0,1.0,0.0,0.0,0.9907386064529418,1.0,0.6931471805599453,1.7448653402612404,3.1352139137118606,-1.320819012610393
2016-12-22,0.9999959766864776,0.5,3.0,0.0,1.0,4.0,0.75,0.0,0.25,0.8499971836805342,0.5,1.6094379124341003,1.1159900500957454,1.5270281396185026,-0.6488850763600583
2016-12-23,0.9020988543828328,0.3333333333333333,1.0,2.0,0.0,3.0,0.3333333333333333,0.6666666666666666,0.0,0.7314691980679828,0.3333333333333333,1.3862943611198906,0.5863711228708719,0.9909662149207167,-0.8125206120778071
2016-12-24,0.9999374151229858,0.0,0.0,1.0,0.0,1.0,0.0,1.0,0.0,0.69995619058609,0.0,0.6931471805599453,0.44556146403851843,-0.08115763447485524,-1.320819012610393
2016-12-25,0.0,0.0,,,,0.0,0.0,0.0,0.0,0.0,0.0,0.0,-2.682054725899988,-0.08115763447485524,-1.829117413142979
2016-12-26,0.9990782737731934,1.0,1.0,0.0,0.0,1.0,1.0,0.0,0.0,0.9993547916412353,1.0,0.6931471805599453,1.7833650644623378,3.1352139137118606,-1.320819012610393
2016-12-27,0.8458544313907623,0.0,0.0,4.0,0.0,4.0,0.0,1.0,0.0,0.5920981019735336,0.0,1.6094379124341003,-0.036381132794565896,-0.08115763447485524,-0.6488850763600583
2016-12-28,0.999643087387085,0.75,3.0,1.0,0.0,4.0,0.75,0.25,0.0,0.9247501611709594,0.75,1.6094379124341003,1.4500089869800632,2.3311210266651816,-0.6488850763600583
2016-12-29,0.999996781349182,0.5,1.0,1.0,0.0,2.0,0.5,0.5,0.0,0.8499977469444274,0.5,1.0986122886681098,1.1159925669293633,1.5270281396185026,-1.0234835091222876
2016-12-30,0.966784119606018,0.0,0.0,1.0,0.0,1.0,0.0,1.0,0.0,0.6767488837242125,0.0,0.6931471805599453,0.3418641903487132,-0.08115763447485524,-1.320819012610393
2016-12-31,0.9909681677818298,-1.0,0.0,0.0,1.0,1.0,0.0,0.0,1.0,0.3936777174472808,-1.0,0.6931471805599453,-0.9229834879198252,-3.297529182661571,-1.320819012610393
2017-01-01,0.0,0.0,,,,0.0,0.0,0.0,0.0,0.0,0.0,0.0,-2.682054725899988,-0.08115763447485524,-1.829117413142979
2017-01-02,0.9866919666528702,1.0,4.0,0.0,0.0,4.0,1.0,0.0,0.0,0.990684376657009,1.0,1.6094379124341003,1.7446230251134962,3.1352139137118606,-0.6488850763600583
2017-01-03,0.9999741315841676,1.0,1.0,0.0,0.0,1.0,1.0,0.0,0.0,0.9999818921089172,1.0,0.6931471805599453,1.7861671392233276,3.1352139137118606,-1.320819012610393
2017-01-04,0.999989926815033,0.5,1.0,1.0,0.0,2.0,0.5,0.5,0.0,0.849992948770523,0.5,1.0986122886681098,1.1159711272355834,1.5270281396185026,-1.0234835091222876
2017-01-05,0.9041141867637634,-0.6,1.0,0.0,4.0,5.0,0.2,0.0,0.8,0.45287993073463434,-0.6000000000000001,1.791759469228055,-0.6584500739033292,-2.010980563386885,-0.5151851085897018
2017-01-06,0.855888307094574,-0.2,1.0,6.0,3.0,10.0,0.1,0.6,0.3,0.5391218149662018,-0.19999999999999998,2.3978952727983707,-0.2730952231267396,-0.7244319441121984,-0.07069385463778585
2017-01-07,0.0,0.0,,,,0.0,0.0,0.0,0.0,0.0,0.0,0.0,-2.682054725899988,-0.08115763447485524,-1.829117413142979
2017-01-08,0.6157997846603394,0.0,0.0,1.0,0.0,1.0,0.0,1.0,0.0,0.4310598492622375,0.0,0.6931471805599453,-0.7559488045334599,-0.08115763447485524,-1.320819012610393
2017-01-09,0.8364145656426748,-0.1666666666666666,0.0,5.0,1.0,6.0,0.0,0.8333333333333334,0.1666666666666666,0.5354901959498723,-0.1666666666666666,1.9459101490553132,-0.2893223964611879,-0.617219559172641,-0.40214339653381637
2017-01-10,0.999375820159912,-0.25,0.0,3.0,1.0,4.0,0.0,0.75,0.25,0.6245630741119385,-0.25,1.6094379124341003,0.10868219235576572,-0.8852505215215343,-0.6488850763600583
2017-01-11,0.9339787811040878,-0.125,1.0,5.0,2.0,8.0,0.125,0.625,0.25,0.6162851467728615,-0.125,2.1972245773362196,0.07169390664155097,-0.4832040779981947,-0.2178496051015963
2017-01-12,0.9927653521299362,0.0,0.0,4.0,0.0,4.0,0.0,1.0,0.0,0.6949357464909554,0.0,1.6094379124341003,0.4231285997481451,-0.08115763447485524,-0.6488850763600583
2017-01-13,0.8475053310394287,-1.0,0.0,0.0,1.0,1.0,0.0,0.0,1.0,0.2932537317276001,-1.0,0.6931471805599453,-1.3717082621546721,-3.297529182661571,-1.320819012610393
2017-01-14,0.9977553486824036,1.0,1.0,0.0,0.0,1.0,1.0,0.0,0.0,0.9984287440776825,1.0,0.6931471805599453,1.7792272035627923,3.1352139137118606,-1.320819012610393
2017-01-15,0.0,0.0,,,,0.0,0.0,0.0,0.0,0.0,0.0,0.0,-2.682054725899988,-0.08115763447485524,-1.829117413142979
2017-01-16,0.9999170303344728,0.0,0.0,1.0,0.0,1.0,0.0,1.0,0.0,0.6999419212341309,0.0,0.6931471805599453,0.4454977042535382,-0.08115763447485524,-1.320819012610393
2017-01-17,0.8838437795639038,0.0,0.0,4.0,0.0,4.0,0.0,1.0,0.0,0.6186906456947326,0.0,1.6094379124341003,0.08244240415340841,-0.08115763447485524,-0.6488850763600583
2017-01-18,0.9942599137624104,0.3333333333333333,2.0,0.0,1.0,3.0,0.6666666666666666,0.0,0.3333333333333333,0.7959819396336872,0.3333333333333333,1.3862943611198906,0.8746335851390722,0.9909662149207167,-0.8125206120778071
2017-01-19,0.9895899295806884,-0.5,0.0,1.0,1.0,2.0,0.0,0.5,0.5,0.5427129507064818,-0.5,1.0986122886681098,-0.2570489413270715,-1.6893434085682133,-1.0234835091222876
2017-01-20,0.991349240144094,0.3333333333333333,1.0,2.0,0.0,3.0,0.3333333333333333,0.6666666666666666,0.0,0.7939444681008657,0.3333333333333333,1.3862943611198906,0.8655295454315933,0.9909662149207167,-0.8125206120778071
2017-01-21,0.0,0.0,,,,0.0,0.0,0.0,0.0,0.0,0.0,0.0,-2.682054725899988,-0.08115763447485524,-1.829117413142979
2017-01-22,0.0,0.0,,,,0.0,0.0,0.0,0.0,0.0,0.0,0.0,-2.682054725899988,-0.08115763447485524,-1.829117413142979
2017-01-23,0.9915261467297872,-0.3333333333333333,0.0,2.0,1.0,3.0,0.0,0.6666666666666666,0.3333333333333333,0.5940683027108511,-0.3333333333333333,1.3862943611198906,-0.027577679369426157,-1.1532814838704273,-0.8125206120778071
2017-01-24,0.9998483657836914,1.0,1.0,0.0,0.0,1.0,1.0,0.0,0.0,0.9998938560485839,1.0,0.6931471805599453,1.785773767450494,3.1352139137118606,-1.320819012610393
2017-01-25,0.0,0.0,,,,0.0,0.0,0.0,0.0,0.0,0.0,0.0,-2.682054725899988,-0.08115763447485524,-1.829117413142979
2017-01-26,0.0,0.0,,,,0.0,0.0,0.0,0.0,0.0,0.0,0.0,-2.682054725899988,-0.08115763447485524,-1.829117413142979
2017-01-27,0.991331309080124,0.6666666666666666,4.0,2.0,0.0,6.0,0.6666666666666666,0.3333333333333333,0.0,0.8939319163560867,0.6666666666666666,1.9459101490553132,1.3123037381018774,2.0630900643162886,-0.40214339653381637
2017-01-28,0.0,0.0,,,,0.0,0.0,0.0,0.0,0.0,0.0,0.0,-2.682054725899988,-0.08115763447485524,-1.829117413142979
2017-01-29,0.9788092076778412,-0.5,0.0,1.0,1.0,2.0,0.0,0.5,0.5,0.5351664453744888,-0.5,1.0986122886681098,-0.2907690120561207,-1.6893434085682133,-1.0234835091222876
2017-01-30,0.998960773150126,0.3333333333333333,1.0,2.0,0.0,3.0,0.3333333333333333,0.6666666666666666,0.0,0.7992725412050882,0.3333333333333333,1.3862943611198906,0.8893369892774556,0.9909662149207167,-0.8125206120778071
2017-01-31,0.7395338416099548,-1.0,0.0,0.0,1.0,1.0,0.0,0.0,1.0,0.21767368912696833,-1.0,0.6931471805599453,-1.709422776367407,-3.297529182661571,-1.320819012610393
2017-02-01,0.8232566118240356,-1.0,0.0,0.0,1.0,1.0,0.0,0.0,1.0,0.2762796282768249,-1.0,0.6931471805599453,-1.4475536957351414,-3.297529182661571,-1.320819012610393
2017-02-02,0.0,0.0,,,,0.0,0.0,0.0,0.0,0.0,0.0,0.0,-2.682054725899988,-0.08115763447485524,-1.829117413142979
2017-02-03,0.0,0.0,,,,0.0,0.0,0.0,0.0,0.0,0.0,0.0,-2.682054725899988,-0.08115763447485524,-1.829117413142979
2017-02-04,0.0,0.0,,,,0.0,0.0,0.0,0.0,0.0,0.0,0.0,-2.682054725899988,-0.08115763447485524,-1.829117413142979
2017-02-05,0.0,0.0,,,,0.0,0.0,0.0,0.0,0.0,0.0,0.0,-2.682054725899988,-0.08115763447485524,-1.829117413142979
2017-02-06,0.8719148933887482,0.5,1.0,1.0,0.0,2.0,0.5,0.5,0.0,0.7603404253721237,0.5,1.0986122886681098,0.7153765079996423,1.5270281396185026,-1.0234835091222876
2017-02-07,0.9999775886535645,1.0,1.0,0.0,0.0,1.0,1.0,0.0,0.0,0.9999843120574952,1.0,0.6931471805599453,1.786177952286278,3.1352139137118606,-1.320819012610393
2017-02-08,0.8335933685302734,0.5,1.0,1.0,0.0,2.0,0.5,0.5,0.0,0.7335153579711914,0.5,1.0986122886681098,0.5955139848478759,1.5270281396185026,-1.0234835091222876
2017-02-09,0.967120885848999,0.0,2.0,2.0,2.0,6.0,0.3333333333333333,0.3333333333333333,0.3333333333333333,0.6769846200942993,0.0,1.9459101490553132,0.3429175318257325,-0.08115763447485524,-0.40214339653381637
2017-02-10,0.98264279961586,-0.1666666666666666,0.0,5.0,1.0,6.0,0.0,0.8333333333333334,0.1666666666666666,0.637849959731102,-0.1666666666666666,1.9459101490553132,0.1680520202610823,-0.617219559172641,-0.40214339653381637
2017-02-11,0.885589063167572,1.0,1.0,0.0,0.0,1.0,1.0,0.0,0.0,0.9199123442173003,1.0,0.6931471805599453,1.428392156053039,3.1352139137118606,-1.320819012610393
2017-02-12,0.0,0.0,,,,0.0,0.0,0.0,0.0,0.0,0.0,0.0,-2.682054725899988,-0.08115763447485524,-1.829117413142979
2017-02-13,0.9738076627254486,-0.5,0.0,1.0,1.0,2.0,0.0,0.5,0.5,0.5316653639078139,-0.5,1.0986122886681098,-0.30641290409498834,-1.6893434085682133,-1.0234835091222876
2017-02-14,0.9952256679534912,0.0,0.0,1.0,0.0,1.0,0.0,1.0,0.0,0.6966579675674438,0.0,0.6931471805599453,0.4308240049662465,-0.08115763447485524,-1.320819012610393
2017-02-15,0.0,0.0,,,,0.0,0.0,0.0,0.0,0.0,0.0,0.0,-2.682054725899988,-0.08115763447485524,-1.829117413142979
2017-02-16,0.9968245029449464,0.0,0.0,2.0,0.0,2.0,0.0,1.0,0.0,0.6977771520614624,0.0,1.0986122886681098,0.4358248601484684,-0.08115763447485524,-1.0234835091222876
2017-02-17,0.0,0.0,,,,0.0,0.0,0.0,0.0,0.0,0.0,0.0,-2.682054725899988,-0.08115763447485524,-1.829117413142979
2017-02-18,0.0,0.0,,,,0.0,0.0,0.0,0.0,0.0,0.0,0.0,-2.682054725899988,-0.08115763447485524,-1.829117413142979
2017-02-19,0.0,0.0,,,,0.0,0.0,0.0,0.0,0.0,0.0,0.0,-2.682054725899988,-0.08115763447485524,-1.829117413142979
2017-02-20,0.0,0.0,,,,0.0,0.0,0.0,0.0,0.0,0.0,0.0,-2.682054725899988,-0.08115763447485524,-1.829117413142979
2017-02-21,0.9987953106562296,0.3333333333333333,2.0,0.0,1.0,3.0,0.6666666666666666,0.0,0.3333333333333333,0.7991567174593607,0.3333333333333333,1.3862943611198906,0.8888194537128179,0.9909662149207167,-0.8125206120778071
2017-02-22,0.9951674938201904,0.0,0.0,1.0,0.0,1.0,0.0,1.0,0.0,0.6966172456741333,0.0,0.6931471805599453,0.4306420472172962,-0.08115763447485524,-1.320819012610393
2017-02-23,0.9960746049880982,0.4,2.0,3.0,0.0,5.0,0.4,0.6,0.0,0.8172522234916687,0.4,1.791759469228055,0.9696756535621077,1.2053909847998312,-0.5151851085897018
2017-02-24,0.856004516283671,1.0,3.0,0.0,0.0,3.0,1.0,0.0,0.0,0.8992031613985696,1.0,1.3862943611198906,1.3358572569616765,3.1352139137118606,-0.8125206120778071
2017-02-25,0.0,0.0,,,,0.0,0.0,0.0,0.0,0.0,0.0,0.0,-2.682054725899988,-0.08115763447485524,-1.829117413142979
2017-02-26,0.0,0.0,,,,0.0,0.0,0.0,0.0,0.0,0.0,0.0,-2.682054725899988,-0.08115763447485524,-1.829117413142979
2017-02-27,0.97700834274292,0.3333333333333333,1.0,2.0,0.0,3.0,0.3333333333333333,0.6666666666666666,0.0,0.7839058399200439,0.3333333333333333,1.3862943611198906,0.8206739152573366,0.9909662149207167,-0.8125206120778071
2017-02-28,0.9694154560565948,0.5,1.0,1.0,0.0,2.0,0.5,0.5,0.0,0.8285908192396164,0.5,1.0986122886681098,1.0203399324261255,1.5270281396185026,-1.0234835091222876
2017-03-01,0.9960046112537384,0.25,1.0,3.0,0.0,4.0,0.25,0.75,0.0,0.7722032278776167,0.25,1.6094379124341003,0.7683831013739456,0.7229352525718238,-0.6488850763600583
2017-03-02,0.6897343397140503,0.0,0.0,1.0,0.0,1.0,0.0,1.0,0.0,0.48281403779983517,0.0,0.6931471805599453,-0.5246954201869553,-0.08115763447485524,-1.320819012610393
2017-03-03,0.9466617362839836,0.5714285714285714,4.0,3.0,0.0,7.0,0.5714285714285714,0.4285714285714285,0.0,0.8340917868273598,0.5714285714285714,2.0794415416798357,1.0449199211727744,1.7567689644889823,-0.3042222115452213
2017-03-04,0.0,0.0,,,,0.0,0.0,0.0,0.0,0.0,0.0,0.0,-2.682054725899988,-0.08115763447485524,-1.829117413142979
2017-03-05,0.0,0.0,,,,0.0,0.0,0.0,0.0,0.0,0.0,0.0,-2.682054725899988,-0.08115763447485524,-1.829117413142979
2017-03-06,0.9989790519078572,0.3333333333333333,1.0,2.0,0.0,3.0,0.3333333333333333,0.6666666666666666,0.0,0.7992853363354999,0.3333333333333333,1.3862943611198906,0.8893941617942022,0.9909662149207167,-0.8125206120778071
2017-03-07,0.9948371251424154,0.3333333333333333,3.0,2.0,1.0,6.0,0.5,0.3333333333333333,0.1666666666666666,0.7963859875996907,0.33333333333333337,1.9459101490553132,0.8764389937874706,0.9909662149207168,-0.40214339653381637
2017-03-08,0.9999997615814208,1.0,3.0,0.0,0.0,3.0,1.0,0.0,0.0,0.9999998331069946,1.0,1.3862943611198906,1.7862473050348529,3.1352139137118606,-0.8125206120778071
2017-03-09,0.9844963550567628,-1.0,0.0,0.0,1.0,1.0,0.0,0.0,1.0,0.389147448539734,-1.0,0.6931471805599453,-0.9432261010584482,-3.297529182661571,-1.320819012610393
2017-03-10,0.9723550166402544,0.2857142857142857,3.0,3.0,1.0,7.0,0.4285714285714285,0.4285714285714285,0.1428571428571428,0.7663627973624637,0.2857142857142857,2.0794415416798357,0.7422862894861781,0.8378056650070635,-0.3042222115452213
2017-03-11,0.8500742018222809,-0.75,0.0,1.0,3.0,4.0,0.0,0.25,0.75,0.3700519412755966,-0.75,1.6094379124341003,-1.0285506091885879,-2.493436295614892,-0.6488850763600583
2017-03-12,0.9592682719230652,-1.0,0.0,0.0,1.0,1.0,0.0,0.0,1.0,0.3714877903461456,-1.0,0.6931471805599453,-1.0221348007997844,-3.297529182661571,-1.320819012610393
2017-03-13,0.9613612095514932,-0.6666666666666666,0.0,1.0,2.0,3.0,0.0,0.3333333333333333,0.6666666666666666,0.4729528466860452,-0.6666666666666666,1.3862943611198906,-0.5687582078219107,-2.225405333265999,-0.8125206120778071
2017-03-14,0.97562256029674,-0.1428571428571428,1.0,4.0,2.0,7.0,0.1428571428571428,0.5714285714285714,0.2857142857142857,0.6400786493505751,-0.1428571428571429,2.0794415416798357,0.17801048027609462,-0.5406392842158148,-0.3042222115452213
2017-03-15,0.8122779726982117,0.0,0.0,1.0,0.0,1.0,0.0,1.0,0.0,0.5685945808887481,0.0,0.6931471805599453,-0.14140198131907777,-0.08115763447485524,-1.320819012610393
2017-03-16,0.9980014860630037,-0.5,0.0,1.0,1.0,2.0,0.0,0.5,0.5,0.5486010402441025,-0.5,1.0986122886681098,-0.23073917449687886,-1.6893434085682133,-1.0234835091222876
2017-03-17,0.9823620915412904,-1.0,0.0,0.0,1.0,1.0,0.0,0.0,1.0,0.3876534640789033,-1.0,0.6931471805599453,-0.9499016759730698,-3.297529182661571,-1.320819012610393
2017-03-18,0.0,0.0,,,,0.0,0.0,0.0,0.0,0.0,0.0,0.0,-2.682054725899988,-0.08115763447485524,-1.829117413142979
2017-03-19,0.9838479161262512,0.0,0.0,1.0,0.0,1.0,0.0,1.0,0.0,0.6886935412883758,0.0,0.6931471805599453,0.3952365369089566,-0.08115763447485524,-1.320819012610393
2017-03-20,0.9934231298310416,-0.2857142857142857,1.0,3.0,3.0,7.0,0.1428571428571428,0.4285714285714285,0.4285714285714285,0.6096819051674434,-0.2857142857142857,2.0794415416798357,0.042188623841082316,-1.000120933956774,-0.3042222115452213
2017-03-21,0.8711320161819458,-0.5,0.0,1.0,1.0,2.0,0.0,0.5,0.5,0.45979241132736204,-0.5,1.0986122886681098,-0.6275630176772128,-1.6893434085682133,-1.0234835091222876
2017-03-22,0.9961752891540528,0.0,0.0,1.0,0.0,1.0,0.0,1.0,0.0,0.697322702407837,0.0,0.6931471805599453,0.43379424149932033,-0.08115763447485524,-1.320819012610393
2017-03-23,0.7939869463443756,0.5,1.0,1.0,0.0,2.0,0.5,0.5,0.0,0.7057908624410629,0.5,1.0986122886681098,0.4716325444890131,1.5270281396185026,-1.0234835091222876
2017-03-24,0.7757850959897041,-0.25,0.0,3.0,1.0,4.0,0.0,0.75,0.25,0.46804956719279284,-0.25,1.6094379124341003,-0.5906675451963664,-0.8852505215215343,-0.6488850763600583
2017-03-25,0.0,0.0,,,,0.0,0.0,0.0,0.0,0.0,0.0,0.0,-2.682054725899988,-0.08115763447485524,-1.829117413142979
2017-03-26,0.0,0.0,,,,0.0,0.0,0.0,0.0,0.0,0.0,0.0,-2.682054725899988,-0.08115763447485524,-1.829117413142979
2017-03-27,0.88759925365448,0.2,2.0,2.0,1.0,5.0,0.4,0.4,0.2,0.6813194775581359,0.2,1.791759469228055,0.36228698746783355,0.562116675162488,-0.5151851085897018
2017-03-28,0.9001244455575943,-0.25,0.0,3.0,1.0,4.0,0.0,0.75,0.25,0.555087111890316,-0.25,1.6094379124341003,-0.20175744255046582,-0.8852505215215343,-0.6488850763600583
2017-03-29,0.9996517896652222,0.0,0.0,1.0,0.0,1.0,0.0,1.0,0.0,0.6997562527656555,0.0,0.6931471805599453,0.4446680813203105,-0.08115763447485524,-1.320819012610393
2017-03-30,0.0,0.0,,,,0.0,0.0,0.0,0.0,0.0,0.0,0.0,-2.682054725899988,-0.08115763447485524,-1.829117413142979
2017-03-31,0.9966232478618622,-0.5,0.0,1.0,1.0,2.0,0.0,0.5,0.5,0.5476362735033035,-0.5,1.0986122886681098,-0.23505004440362365,-1.6893434085682133,-1.0234835091222876
2017-04-01,0.0,0.0,,,,0.0,0.0,0.0,0.0,0.0,0.0,0.0,-2.682054725899988,-0.08115763447485524,-1.829117413142979
2017-04-02,0.9938935041427612,0.5,1.0,1.0,0.0,2.0,0.5,0.5,0.0,0.8457254528999328,0.5,1.0986122886681098,1.096902663587626,1.5270281396185026,-1.0234835091222876
2017-04-03,0.0,0.0,,,,0.0,0.0,0.0,0.0,0.0,0.0,0.0,-2.682054725899988,-0.08115763447485524,-1.829117413142979
2017-04-04,0.9993614554405212,0.0,0.0,1.0,0.0,1.0,0.0,1.0,0.0,0.6995530188083648,0.0,0.6931471805599453,0.4437599704646366,-0.08115763447485524,-1.320819012610393
2017-04-05,0.9976370334625244,0.0,0.0,1.0,0.0,1.0,0.0,1.0,0.0,0.698345923423767,0.0,0.6931471805599453,0.4383663028059406,-0.08115763447485524,-1.320819012610393
2017-04-06,0.9983911961317062,0.0,0.0,4.0,0.0,4.0,0.0,1.0,0.0,0.6988738372921943,0.0,1.6094379124341003,0.4407251818100735,-0.08115763447485524,-0.6488850763600583
2017-04-07,0.8814521233240763,0.0,0.0,3.0,0.0,3.0,0.0,1.0,0.0,0.6170164863268534,0.0,1.3862943611198906,0.07496175320133647,-0.08115763447485524,-0.8125206120778071
2017-04-08,0.7973618507385254,0.0,0.0,1.0,0.0,1.0,0.0,1.0,0.0,0.5581532955169677,0.0,0.6931471805599453,-0.18805680573773853,-0.08115763447485524,-1.320819012610393
2017-04-09,0.0,0.0,,,,0.0,0.0,0.0,0.0,0.0,0.0,0.0,-2.682054725899988,-0.08115763447485524,-1.829117413142979
2017-04-10,0.976152241230011,0.0,0.0,1.0,0.0,1.0,0.0,1.0,0.0,0.6833065688610076,0.0,0.6931471805599453,0.3711659130539386,-0.08115763447485524,-1.320819012610393
2017-04-11,0.9062674045562744,0.0,0.0,1.0,0.0,1.0,0.0,1.0,0.0,0.634387183189392,0.0,0.6931471805599453,0.15257928622479483,-0.08115763447485524,-1.320819012610393
2017-04-12,0.984908699989319,1.0,3.0,0.0,0.0,3.0,1.0,0.0,0.0,0.9894360899925232,1.0,1.3862943611198906,1.7390453023445023,3.1352139137118606,-0.8125206120778071
2017-04-13,0.9981703758239746,0.0,0.0,1.0,0.0,1.0,0.0,1.0,0.0,0.6987192630767822,0.0,0.6931471805599453,0.440034497414147,-0.08115763447485524,-1.320819012610393
2017-04-14,0.9985326528549194,0.0,0.0,1.0,0.0,1.0,0.0,1.0,0.0,0.6989728569984436,0.0,0.6931471805599453,0.4411676318384514,-0.08115763447485524,-1.320819012610393
2017-04-15,0.9999874830245972,0.0,0.0,1.0,0.0,1.0,0.0,1.0,0.0,0.699991238117218,0.0,0.6931471805599453,0.44571806701917255,-0.08115763447485524,-1.320819012610393
2017-04-16,0.0,0.0,,,,0.0,0.0,0.0,0.0,0.0,0.0,0.0,-2.682054725899988,-0.08115763447485524,-1.829117413142979
2017-04-17,0.8342558344205221,0.3333333333333333,1.0,2.0,0.0,3.0,0.3333333333333333,0.6666666666666666,0.0,0.6839790840943654,0.3333333333333333,1.3862943611198906,0.37417091473849945,0.9909662149207167,-0.8125206120778071
2017-04-18,0.999668836593628,-1.0,0.0,0.0,1.0,1.0,0.0,0.0,1.0,0.39976818561553956,-1.0,0.6931471805599453,-0.895769432092415,-3.297529182661571,-1.320819012610393
2017-04-19,0.0,0.0,,,,0.0,0.0,0.0,0.0,0.0,0.0,0.0,-2.682054725899988,-0.08115763447485524,-1.829117413142979
2017-04-20,0.7558110356330872,0.5,1.0,1.0,0.0,2.0,0.5,0.5,0.0,0.679067724943161,0.5,1.0986122886681098,0.35222547500598234,1.5270281396185026,-1.0234835091222876
2017-04-21,0.8515447974205017,0.3333333333333333,1.0,2.0,0.0,3.0,0.3333333333333333,0.6666666666666666,0.0,0.6960813581943511,0.3333333333333333,1.3862943611198906,0.42824753970340645,0.9909662149207167,-0.8125206120778071
2017-04-22,0.0,0.0,,,,0.0,0.0,0.0,0.0,0.0,0.0,0.0,-2.682054725899988,-0.08115763447485524,-1.829117413142979
2017-04-23,0.0,0.0,,,,0.0,0.0,0.0,0.0,0.0,0.0,0.0,-2.682054725899988,-0.08115763447485524,-1.829117413142979
2017-04-24,0.0,0.0,,,,0.0,0.0,0.0,0.0,0.0,0.0,0.0,-2.682054725899988,-0.08115763447485524,-1.829117413142979
2017-04-25,0.9987352788448334,-0.25,1.0,1.0,2.0,4.0,0.25,0.25,0.5,0.6241146951913834,-0.25,1.6094379124341003,0.1066786995800523,-0.8852505215215343,-0.6488850763600583
2017-04-26,0.996865063905716,0.0,0.0,2.0,0.0,2.0,0.0,1.0,0.0,0.6978055447340012,0.0,1.0986122886681098,0.4359517272060106,-0.08115763447485524,-1.0234835091222876
2017-04-27,0.9994953672091166,0.3333333333333333,1.0,2.0,0.0,3.0,0.3333333333333333,0.6666666666666666,0.0,0.7996467570463816,0.3333333333333333,1.3862943611198906,0.8910090989601782,0.9909662149207167,-0.8125206120778071
2017-04-28,0.9999731183052064,0.5,1.0,1.0,0.0,2.0,0.5,0.5,0.0,0.8499811828136444,0.5,1.0986122886681098,1.1159185533777927,1.5270281396185026,-1.0234835091222876
2017-04-29,0.9999599456787108,1.0,1.0,0.0,0.0,1.0,1.0,0.0,0.0,0.9999719619750975,1.0,0.6931471805599453,1.7861227683788086,3.1352139137118606,-1.320819012610393
2017-04-30,0.0,0.0,,,,0.0,0.0,0.0,0.0,0.0,0.0,0.0,-2.682054725899988,-0.08115763447485524,-1.829117413142979
2017-05-01,0.9997702240943908,-1.0,0.0,0.0,1.0,1.0,0.0,0.0,1.0,0.39983915686607346,-1.0,0.6931471805599453,-0.8954523110565911,-3.297529182661571,-1.320819012610393
2017-05-02,0.999890685081482,0.0,0.0,1.0,0.0,1.0,0.0,1.0,0.0,0.6999234795570374,0.0,0.6931471805599453,0.44541530125657486,-0.08115763447485524,-1.320819012610393
2017-05-03,0.9655694365501404,-0.3333333333333333,0.0,2.0,1.0,3.0,0.0,0.6666666666666666,0.3333333333333333,0.5758986055850982,-0.3333333333333333,1.3862943611198906,-0.10876538748755936,-1.1532814838704273,-0.8125206120778071
2017-05-04,0.8884690254926682,0.0,0.0,4.0,0.0,4.0,0.0,1.0,0.0,0.6219283178448677,0.0,1.6094379124341003,0.09690930361178231,-0.08115763447485524,-0.6488850763600583
2017-05-05,0.9482268989086152,1.0,2.0,0.0,0.0,2.0,1.0,0.0,0.0,0.9637588292360306,1.0,1.0986122886681098,1.6243115268091586,3.1352139137118606,-1.0234835091222876
2017-05-06,0.9720095793406168,0.6666666666666666,2.0,1.0,0.0,3.0,0.6666666666666666,0.3333333333333333,0.0,0.8804067055384317,0.6666666666666666,1.3862943611198906,1.2518690010503928,2.0630900643162886,-0.8125206120778071
2017-05-07,0.0,0.0,,,,0.0,0.0,0.0,0.0,0.0,0.0,0.0,-2.682054725899988,-0.08115763447485524,-1.829117413142979
2017-05-08,0.8462637364864349,0.5,1.0,1.0,0.0,2.0,0.5,0.5,0.0,0.7423846155405044,0.5,1.0986122886681098,0.6351445130717793,1.5270281396185026,-1.0234835091222876
2017-05-09,0.9177904228369396,0.0,2.0,2.0,2.0,6.0,0.3333333333333333,0.3333333333333333,0.3333333333333333,0.6424532959858577,0.0,1.9459101490553132,0.18862112043012175,-0.08115763447485524,-0.40214339653381637
2017-05-10,0.0,0.0,,,,0.0,0.0,0.0,0.0,0.0,0.0,0.0,-2.682054725899988,-0.08115763447485524,-1.829117413142979
2017-05-11,0.9454733729362488,0.3333333333333333,1.0,2.0,0.0,3.0,0.3333333333333333,0.6666666666666666,0.0,0.7618313610553741,0.3333333333333333,1.3862943611198906,0.7220384600529366,0.9909662149207167,-0.8125206120778071
2017-05-12,0.939112683137258,-0.3333333333333333,1.0,4.0,4.0,9.0,0.1111111111111111,0.4444444444444444,0.4444444444444444,0.5573788781960806,-0.3333333333333333,2.302585092994046,-0.19151713680295462,-1.1532814838704273,-0.14058667582747214
2017-05-13,0.8011523485183716,-0.4,0.0,3.0,2.0,5.0,0.0,0.6,0.4,0.44080664396286007,-0.4,1.791759469228055,-0.7123971747091008,-1.3677062537495417,-0.5151851085897018
2017-05-14,0.9899151623249054,-1.0,0.0,0.0,2.0,2.0,0.0,0.0,1.0,0.39294061362743377,-1.0,1.0986122886681098,-0.9262770909647369,-3.297529182661571,-1.0234835091222876
2017-05-15,0.9876522762434824,-0.2857142857142857,2.0,1.0,4.0,7.0,0.2857142857142857,0.1428571428571428,0.5714285714285714,0.6056423076561519,-0.2857142857142857,2.0794415416798357,0.024138479064776452,-1.000120933956774,-0.3042222115452213
2017-05-16,0.7120347321033478,-0.5,0.0,1.0,1.0,2.0,0.0,0.5,0.5,0.3484243124723434,-0.5,1.0986122886681098,-1.1251894030228078,-1.6893434085682133,-1.0234835091222876
2017-05-17,0.9106713235378264,0.0,1.0,2.0,1.0,4.0,0.25,0.5,0.25,0.6374699264764785,0.0,1.6094379124341003,0.1663539166142235,-0.08115763447485524,-0.6488850763600583
2017-05-18,0.7274016588926315,0.5,1.0,1.0,0.0,2.0,0.5,0.5,0.0,0.659181161224842,0.5,1.0986122886681098,0.26336628712512555,1.5270281396185026,-1.0234835091222876
2017-05-19,0.964471273124218,0.125,1.0,7.0,0.0,8.0,0.125,0.875,0.0,0.7126298911869525,0.125,2.1972245773362196,0.5021913956239519,0.32088880904848427,-0.2178496051015963
2017-05-20,0.9998337030410768,1.0,1.0,0.0,0.0,1.0,1.0,0.0,0.0,0.9998835921287537,1.0,0.6931471805599453,1.785727905149017,3.1352139137118606,-1.320819012610393
2017-05-21,0.9982256293296814,-1.0,0.0,0.0,1.0,1.0,0.0,0.0,1.0,0.3987579405307769,-1.0,0.6931471805599453,-0.9002835130097705,-3.297529182661571,-1.320819012610393
2017-05-22,0.8452745179335276,0.5,3.0,3.0,0.0,6.0,0.5,0.5,0.0,0.7416921625534693,0.5,1.9459101490553132,0.6320504234671015,1.5270281396185026,-0.40214339653381637
2017-05-23,0.9850799640019736,-0.3333333333333333,0.0,2.0,1.0,3.0,0.0,0.6666666666666666,0.3333333333333333,0.5895559748013816,-0.3333333333333333,1.3862943611198906,-0.04774012669652429,-1.1532814838704273,-0.8125206120778071
2017-05-24,0.9954298635323844,0.6666666666666666,4.0,2.0,0.0,6.0,0.6666666666666666,0.3333333333333333,0.0,0.896800904472669,0.6666666666666666,1.9459101490553132,1.3251232456694162,2.0630900643162886,-0.40214339653381637
2017-05-25,0.9003445456425349,0.25,4.0,7.0,1.0,12.0,0.3333333333333333,0.5833333333333334,0.0833333333333333,0.7052411819497744,0.25,2.5649493574615367,0.4691764056235107,0.7229352525718238,0.05181017685539133
2017-05-26,0.8856588060205633,-0.1818181818181818,2.0,5.0,4.0,11.0,0.1818181818181818,0.4545454545454545,0.3636363636363636,0.5654157096689397,-0.1818181818181818,2.4849066497880004,-0.15560614041720286,-0.6659524614178944,-0.006886708057115773
2017-05-27,0.9997394680976868,0.0,0.0,1.0,0.0,1.0,0.0,1.0,0.0,0.6998176276683807,0.0,0.6931471805599453,0.44494232296857533,-0.08115763447485524,-1.320819012610393
2017-05-28,0.9982019662857056,-1.0,0.0,0.0,1.0,1.0,0.0,0.0,1.0,0.3987413763999939,-1.0,0.6931471805599453,-0.9003575265613412,-3.297529182661571,-1.320819012610393
2017-05-29,0.0,0.0,,,,0.0,0.0,0.0,0.0,0.0,0.0,0.0,-2.682054725899988,-0.08115763447485524,-1.829117413142979
2017-05-30,0.9095074633757272,0.3333333333333333,2.0,4.0,0.0,6.0,0.3333333333333333,0.6666666666666666,0.0,0.736655224363009,0.3333333333333333,1.9459101490553132,0.6095438585647864,0.9909662149207167,-0.40214339653381637
2017-05-31,0.7898467268262591,0.1428571428571428,2.0,4.0,1.0,7.0,0.2857142857142857,0.5714285714285714,0.1428571428571428,0.5957498516355242,0.1428571428571429,2.0794415416798357,-0.020064009640214153,0.3783240152661044,-0.3042222115452213
2017-06-01,0.9992828369140624,0.0,1.0,4.0,1.0,6.0,0.1666666666666666,0.6666666666666666,0.1666666666666666,0.6994979858398437,0.0,1.9459101490553132,0.4435140664985855,-0.08115763447485524,-0.40214339653381637
2017-06-02,0.9583740830421448,0.4285714285714285,3.0,4.0,0.0,7.0,0.4285714285714285,0.5714285714285714,0.0,0.7994332867009298,0.4285714285714285,2.0794415416798357,0.890055248822861,1.2972873147480228,-0.3042222115452213
2017-06-03,0.999800980091095,0.0,0.0,1.0,0.0,1.0,0.0,1.0,0.0,0.6998606860637664,0.0,0.6931471805599453,0.44513472091623574,-0.08115763447485524,-1.320819012610393
2017-06-04,0.0,0.0,,,,0.0,0.0,0.0,0.0,0.0,0.0,0.0,-2.682054725899988,-0.08115763447485524,-1.829117413142979
2017-06-05,0.0,0.0,,,,0.0,0.0,0.0,0.0,0.0,0.0,0.0,-2.682054725899988,-0.08115763447485524,-1.829117413142979
2017-06-06,0.964293284849687,0.5454545454545454,6.0,5.0,0.0,11.0,0.5454545454545454,0.4545454545454545,0.0,0.8386416630311444,0.5454545454545454,2.4849066497880004,1.0652501456476193,1.6732268463542623,-0.006886708057115773
2017-06-07,0.9996961951255798,0.0,1.0,3.0,1.0,5.0,0.2,0.6,0.2,0.6997873365879058,0.0,1.791759469228055,0.44480697324958113,-0.08115763447485524,-0.5151851085897018
2017-06-08,0.9940140644709268,-0.1666666666666666,0.0,5.0,1.0,6.0,0.0,0.8333333333333334,0.1666666666666666,0.6458098451296488,-0.1666666666666666,1.9459101490553132,0.20361919828933056,-0.617219559172641,-0.40214339653381637
2017-06-09,0.9965946475664774,0.0,0.0,3.0,0.0,3.0,0.0,1.0,0.0,0.6976162532965342,0.0,1.3862943611198906,0.435105915750378,-0.08115763447485524,-0.8125206120778071
2017-06-10,0.0,0.0,,,,0.0,0.0,0.0,0.0,0.0,0.0,0.0,-2.682054725899988,-0.08115763447485524,-1.829117413142979
2017-06-11,0.8666154742240906,1.0,2.0,0.0,0.0,2.0,1.0,0.0,0.0,0.9066308319568634,1.0,1.0986122886681098,1.3690463379414413,3.1352139137118606,-1.0234835091222876
2017-06-12,0.8855409622192383,-0.3333333333333333,1.0,0.0,2.0,3.0,0.3333333333333333,0.0,0.6666666666666666,0.5198786735534667,-0.3333333333333333,1.3862943611198906,-0.35907940533298877,-1.1532814838704273,-0.8125206120778071
2017-06-13,0.9246421655019124,-0.1666666666666666,1.0,3.0,2.0,6.0,0.1666666666666666,0.5,0.3333333333333333,0.5972495158513387,-0.1666666666666667,1.9459101490553132,-0.013363055860627651,-0.6172195591726414,-0.40214339653381637
2017-06-14,0.8737091422080994,0.0,0.0,1.0,0.0,1.0,0.0,1.0,0.0,0.6115963995456695,0.0,0.6931471805599453,0.05074316438721634,-0.08115763447485524,-1.320819012610393
2017-06-15,0.9315344265529087,0.0,2.0,3.0,2.0,7.0,0.2857142857142857,0.4285714285714285,0.2857142857142857,0.6520740985870361,0.0,2.0794415416798357,0.23160977940669725,-0.08115763447485524,-0.3042222115452213
2017-06-16,0.9981342792510988,-0.6,0.0,2.0,3.0,5.0,0.0,0.4,0.6,0.518693995475769,-0.6,1.791759469228055,-0.3643729056770177,-2.0109805633868847,-0.5151851085897018
2017-06-17,0.0,0.0,,,,0.0,0.0,0.0,0.0,0.0,0.0,0.0,-2.682054725899988,-0.08115763447485524,-1.829117413142979
2017-06-18,0.0,0.0,,,,0.0,0.0,0.0,0.0,0.0,0.0,0.0,-2.682054725899988,-0.08115763447485524,-1.829117413142979
2017-06-19,0.8047182559967041,0.5,1.0,1.0,0.0,2.0,0.5,0.5,0.0,0.7133027791976928,0.5,1.0986122886681098,0.5051980629907261,1.5270281396185026,-1.0234835091222876
2017-06-20,0.9997490445772806,0.3333333333333333,1.0,2.0,0.0,3.0,0.3333333333333333,0.6666666666666666,0.0,0.7998243312040964,0.3333333333333333,1.3862943611198906,0.8918025540621589,0.9909662149207167,-0.8125206120778071
2017-06-21,0.9792439341545104,0.0,0.0,4.0,0.0,4.0,0.0,1.0,0.0,0.6854707539081573,0.0,1.6094379124341003,0.3808361471093306,-0.08115763447485524,-0.6488850763600583
2017-06-22,0.9245809316635132,0.6666666666666666,2.0,1.0,0.0,3.0,0.6666666666666666,0.3333333333333333,0.0,0.8472066521644591,0.6666666666666666,1.3862943611198906,1.1035211103741005,2.0630900643162886,-0.8125206120778071
2017-06-23,0.992704963684082,-0.2,0.0,4.0,1.0,5.0,0.0,0.8,0.2,0.6348934745788575,-0.2,1.791759469228055,0.15484154944614403,-0.7244319441121985,-0.5151851085897018
2017-06-24,0.9980538785457612,0.0,0.0,2.0,0.0,2.0,0.0,1.0,0.0,0.6986377149820329,0.0,1.0986122886681098,0.43967011583594684,-0.08115763447485524,-1.0234835091222876
2017-06-25,0.0,0.0,,,,0.0,0.0,0.0,0.0,0.0,0.0,0.0,-2.682054725899988,-0.08115763447485524,-1.829117413142979
2017-06-26,0.902919222911199,-0.5,0.0,3.0,3.0,6.0,0.0,0.5,0.5,0.48204345603783927,-0.5,1.9459101490553132,-0.5281386128137276,-1.6893434085682133,-0.40214339653381637
2017-06-27,0.8862025092045466,-0.4166666666666667,2.0,3.0,7.0,12.0,0.1666666666666666,0.25,0.5833333333333334,0.49534175644318257,-0.41666666666666674,2.5649493574615367,-0.4687177801876292,-1.4213124462193205,0.05181017685539133
2017-06-28,0.955561764538288,-0.375,0.0,5.0,3.0,8.0,0.0,0.625,0.375,0.5563932351768015,-0.375,2.1972245773362196,-0.19592128824279806,-1.2872969650448738,-0.2178496051015963
2017-06-29,0.7388505935668945,-0.3333333333333333,0.0,2.0,1.0,3.0,0.0,0.6666666666666666,0.3333333333333333,0.41719541549682615,-0.3333333333333333,1.3862943611198906,-0.8178992924243121,-1.1532814838704273,-0.8125206120778071
2017-06-30,0.9203184587614875,0.1428571428571428,2.0,4.0,1.0,7.0,0.2857142857142857,0.5714285714285714,0.1428571428571428,0.6870800639901841,0.1428571428571429,2.0794415416798357,0.3880270318173633,0.3783240152661044,-0.3042222115452213
2017-07-01,0.0,0.0,,,,0.0,0.0,0.0,0.0,0.0,0.0,0.0,-2.682054725899988,-0.08115763447485524,-1.829117413142979
2017-07-02,0.9926573038101196,0.5,1.0,1.0,0.0,2.0,0.5,0.5,0.0,0.8448601126670837,0.5,1.0986122886681098,1.093036061422428,1.5270281396185026,-1.0234835091222876
2017-07-03,0.8671142856280009,0.3333333333333333,2.0,4.0,0.0,6.0,0.3333333333333333,0.6666666666666666,0.0,0.7069799999396006,0.3333333333333333,1.9459101490553132,0.4769459708755634,0.9909662149207167,-0.40214339653381637
2017-07-04,0.0,0.0,,,,0.0,0.0,0.0,0.0,0.0,0.0,0.0,-2.682054725899988,-0.08115763447485524,-1.829117413142979
2017-07-05,0.9266384939352672,-0.3333333333333333,2.0,0.0,4.0,6.0,0.3333333333333333,0.0,0.6666666666666666,0.548646945754687,-0.3333333333333333,1.9459101490553132,-0.2305340547764701,-1.1532814838704273,-0.40214339653381637
2017-07-06,0.0,0.0,,,,0.0,0.0,0.0,0.0,0.0,0.0,0.0,-2.682054725899988,-0.08115763447485524,-1.829117413142979
2017-07-07,0.9999990463256836,0.5,1.0,1.0,0.0,2.0,0.5,0.5,0.0,0.8499993324279785,0.5,1.0986122886681098,1.1159996513499173,1.5270281396185026,-1.0234835091222876
2017-07-08,0.0,0.0,,,,0.0,0.0,0.0,0.0,0.0,0.0,0.0,-2.682054725899988,-0.08115763447485524,-1.829117413142979
2017-07-09,0.0,0.0,,,,0.0,0.0,0.0,0.0,0.0,0.0,0.0,-2.682054725899988,-0.08115763447485524,-1.829117413142979
2017-07-10,0.9576771159966788,0.0,2.0,2.0,2.0,6.0,0.3333333333333333,0.3333333333333333,0.3333333333333333,0.6703739811976751,0.0,1.9459101490553132,0.3133791956884282,-0.08115763447485524,-0.40214339653381637
2017-07-11,0.9863539338111876,0.3333333333333333,1.0,2.0,0.0,3.0,0.3333333333333333,0.6666666666666666,0.0,0.7904477536678313,0.3333333333333333,1.3862943611198906,0.8499051666212667,0.9909662149207167,-0.8125206120778071
2017-07-12,0.9996358007192612,-0.25,1.0,1.0,2.0,4.0,0.25,0.25,0.5,0.6247450605034828,-0.25,1.6094379124341003,0.10949536265441814,-0.8852505215215343,-0.6488850763600583
2017-07-13,0.9946568012237548,0.0,0.0,3.0,0.0,3.0,0.0,1.0,0.0,0.6962597608566283,0.0,1.3862943611198906,0.42904469681462376,-0.08115763447485524,-0.8125206120778071
2017-07-14,0.959842085838318,0.0,0.0,3.0,0.0,3.0,0.0,1.0,0.0,0.6718894600868226,0.0,1.3862943611198906,0.3201508142167806,-0.08115763447485524,-0.8125206120778071
2017-07-15,0.9998377561569214,0.0,0.0,1.0,0.0,1.0,0.0,1.0,0.0,0.6998864293098449,0.0,0.6931471805599453,0.4452497495341687,-0.08115763447485524,-1.320819012610393
2017-07-16,0.9999825954437256,-1.0,0.0,0.0,1.0,1.0,0.0,0.0,1.0,0.39998781681060785,-1.0,0.6931471805599453,-0.8947880534136494,-3.297529182661571,-1.320819012610393
2017-07-17,0.9980015556017556,-0.6666666666666666,0.0,1.0,2.0,3.0,0.0,0.3333333333333333,0.6666666666666666,0.4986010889212289,-0.6666666666666666,1.3862943611198906,-0.4541540958259059,-2.225405333265999,-0.8125206120778071
2017-07-18,0.8935589492321014,-0.5,0.0,1.0,1.0,2.0,0.0,0.5,0.5,0.4754912644624709,-0.5,1.0986122886681098,-0.5574157886231761,-1.6893434085682133,-1.0234835091222876
2017-07-19,0.9999985694885254,1.0,1.0,0.0,0.0,1.0,1.0,0.0,0.0,0.9999989986419677,1.0,0.6931471805599453,1.7862435763924565,3.1352139137118606,-1.320819012610393
2017-07-20,0.9999958674112956,0.0,1.0,1.0,1.0,3.0,0.3333333333333333,0.3333333333333333,0.3333333333333333,0.6999971071879069,0.0,1.3862943611198906,0.44574429180402814,-0.08115763447485524,-0.8125206120778071
2017-07-21,0.9997150003910064,0.5,1.0,1.0,0.0,2.0,0.5,0.5,0.0,0.8498005002737045,0.5,1.0986122886681098,1.1151112090828845,1.5270281396185026,-1.0234835091222876
2017-07-22,0.9979991316795348,0.0,0.0,1.0,0.0,1.0,0.0,1.0,0.0,0.6985993921756743,0.0,0.6931471805599453,0.4394988779338856,-0.08115763447485524,-1.320819012610393
2017-07-23,0.9964943826198578,-1.0,0.0,0.0,2.0,2.0,0.0,0.0,1.0,0.3975460678339004,-1.0,1.0986122886681098,-0.9056985271461863,-3.297529182661571,-1.0234835091222876
2017-07-24,0.9841249783833822,-0.6666666666666666,0.0,1.0,2.0,3.0,0.0,0.3333333333333333,0.6666666666666666,0.48888748486836753,-0.6666666666666666,1.3862943611198906,-0.4975574197867144,-2.225405333265999,-0.8125206120778071
2017-07-25,0.8704465627670288,0.25,4.0,2.0,2.0,8.0,0.5,0.25,0.25,0.6843125939369201,0.25,2.1972245773362196,0.3756611376940314,0.7229352525718238,-0.2178496051015963
2017-07-26,0.0,0.0,,,,0.0,0.0,0.0,0.0,0.0,0.0,0.0,-2.682054725899988,-0.08115763447485524,-1.829117413142979
2017-07-27,0.9999018609523772,0.25,2.0,1.0,1.0,4.0,0.5,0.25,0.25,0.774931302666664,0.25,1.6094379124341003,0.7805729655287906,0.7229352525718238,-0.6488850763600583
2017-07-28,0.8319395085175832,-0.1666666666666666,1.0,3.0,2.0,6.0,0.1666666666666666,0.5,0.3333333333333333,0.5323576559623083,-0.1666666666666667,1.9459101490553132,-0.3033195335856291,-0.6172195591726414,-0.40214339653381637
2017-07-29,0.9996610879898072,0.0,0.0,1.0,0.0,1.0,0.0,1.0,0.0,0.699762761592865,0.0,0.6931471805599453,0.44469716473100374,-0.08115763447485524,-1.320819012610393
2017-07-30,0.0,0.0,,,,0.0,0.0,0.0,0.0,0.0,0.0,0.0,-2.682054725899988,-0.08115763447485524,-1.829117413142979
2017-07-31,0.940199613571167,0.1428571428571428,1.0,6.0,0.0,7.0,0.1428571428571428,0.8571428571428571,0.0,0.7009968723569596,0.1428571428571428,2.0794415416798357,0.45021154528491786,0.378324015266104,-0.3042222115452213
2017-08-01,0.9460781637360068,-0.2352941176470588,2.0,9.0,6.0,17.0,0.1176470588235294,0.5294117647058824,0.3529411764705882,0.5916664793210872,-0.23529411764705882,2.8903717578961645,-0.03830975349096316,-0.8379509399305531,0.2904487954309894
2017-08-02,0.9663030734428992,-0.4615384615384615,2.0,3.0,8.0,13.0,0.1538461538461538,0.2307692307692307,0.6153846153846154,0.537950612948491,-0.4615384615384616,2.6390573296152584,-0.27832850835451056,-1.565636810561032,0.10615500399876947
2017-08-03,0.9984719923564366,-0.1428571428571428,1.0,4.0,2.0,7.0,0.1428571428571428,0.5714285714285714,0.2857142857142857,0.6560732517923628,-0.1428571428571429,2.0794415416798357,0.24947920677836022,-0.5406392842158148,-0.3042222115452213
2017-08-04,0.932540476322174,-0.2,1.0,2.0,2.0,5.0,0.2,0.4,0.4,0.5927783334255217,-0.2,1.791759469228055,-0.03334165270887404,-0.7244319441121985,-0.5151851085897018
2017-08-05,0.9999544620513916,1.0,1.0,0.0,0.0,1.0,1.0,0.0,0.0,0.9999681234359741,1.0,0.6931471805599453,1.786105616623785,3.1352139137118606,-1.320819012610393
2017-08-06,0.0,0.0,,,,0.0,0.0,0.0,0.0,0.0,0.0,0.0,-2.682054725899988,-0.08115763447485524,-1.829117413142979
2017-08-07,0.9384761197226388,-0.1428571428571428,2.0,2.0,3.0,7.0,0.2857142857142857,0.2857142857142857,0.4285714285714285,0.6140761409487043,-0.1428571428571428,2.0794415416798357,0.06182339978380402,-0.5406392842158144,-0.3042222115452213
2017-08-08,0.9992170333862304,0.5,2.0,2.0,0.0,4.0,0.5,0.5,0.0,0.8494519233703612,0.5,1.6094379124341003,1.1135536619377953,1.5270281396185026,-0.6488850763600583
2017-08-09,0.9984591603279114,0.25,2.0,1.0,1.0,4.0,0.5,0.25,0.25,0.7739214122295379,0.25,1.6094379124341003,0.7760604692844545,0.7229352525718238,-0.6488850763600583
2017-08-10,0.9853654844420296,0.0,2.0,3.0,2.0,7.0,0.2857142857142857,0.4285714285714285,0.2857142857142857,0.6897558391094207,0.0,2.0794415416798357,0.3999832052123751,-0.08115763447485524,-0.3042222115452213
2017-08-11,0.7926204949617386,-0.25,0.0,3.0,1.0,4.0,0.0,0.75,0.25,0.47983434647321693,-0.25,1.6094379124341003,-0.5380095832152831,-0.8852505215215343,-0.6488850763600583
2017-08-12,0.0,0.0,,,,0.0,0.0,0.0,0.0,0.0,0.0,0.0,-2.682054725899988,-0.08115763447485524,-1.829117413142979
2017-08-13,0.9999995231628418,1.0,1.0,0.0,0.0,1.0,1.0,0.0,0.0,0.9999996662139892,1.0,0.6931471805599453,1.7862465593063734,3.1352139137118606,-1.320819012610393
2017-08-14,0.9245178282260896,0.4,4.0,6.0,0.0,10.0,0.4,0.6,0.0,0.7671624797582627,0.4,2.3978952727983707,0.7458595125557754,1.2053909847998312,-0.07069385463778585
2017-08-15,0.9986743529637656,0.0,1.0,1.0,1.0,3.0,0.3333333333333333,0.3333333333333333,0.3333333333333333,0.6990720470746359,0.0,1.3862943611198906,0.44161084313131893,-0.08115763447485524,-0.8125206120778071
2017-08-16,0.9410362243652344,0.6666666666666666,2.0,1.0,0.0,3.0,0.6666666666666666,0.3333333333333333,0.0,0.858725357055664,0.6666666666666666,1.3862943611198906,1.1549901714230366,2.0630900643162886,-0.8125206120778071
2017-08-17,0.9998023062944412,-0.25,1.0,1.0,2.0,4.0,0.25,0.25,0.5,0.6248616144061089,-0.25,1.6094379124341003,0.11001616078115331,-0.8852505215215343,-0.6488850763600583
2017-08-18,0.922202205657959,0.4,3.0,1.0,1.0,5.0,0.6,0.2,0.2,0.7655415439605713,0.39999999999999997,1.791759469228055,0.738616680630158,1.205390984799831,-0.5151851085897018
2017-08-19,0.9996275901794434,0.0,0.0,1.0,0.0,1.0,0.0,1.0,0.0,0.6997393131256103,0.0,0.6931471805599453,0.4445923898796612,-0.08115763447485524,-1.320819012610393
2017-08-20,0.9977288842201232,0.0,1.0,1.0,1.0,3.0,0.3333333333333333,0.3333333333333333,0.3333333333333333,0.6984102189540862,0.0,1.3862943611198906,0.4386535947025928,-0.08115763447485524,-0.8125206120778071
2017-08-21,0.8723518922924995,0.0,3.0,2.0,3.0,8.0,0.375,0.25,0.375,0.6106463246047497,0.0,2.1972245773362196,0.04649794189066612,-0.08115763447485524,-0.2178496051015963
2017-08-22,0.9323283561638424,0.1428571428571428,2.0,12.0,0.0,14.0,0.1428571428571428,0.8571428571428571,0.0,0.6954869921718324,0.1428571428571428,2.70805020110221,0.4255917323546317,0.378324015266104,0.15674882766063303
2017-08-23,0.999988615512848,1.0,2.0,0.0,0.0,2.0,1.0,0.0,0.0,0.9999920308589936,1.0,1.0986122886681098,1.7862124422284458,3.1352139137118606,-1.0234835091222876
2017-08-24,0.7697247181619916,-0.1428571428571428,2.0,2.0,3.0,7.0,0.2857142857142857,0.2857142857142857,0.4285714285714285,0.49595015985625124,-0.1428571428571428,2.0794415416798357,-0.465999249527683,-0.5406392842158144,-0.3042222115452213
2017-08-25,0.9548665550020006,0.0,2.0,5.0,2.0,9.0,0.2222222222222222,0.5555555555555556,0.2222222222222222,0.6684065885014003,0.0,2.302585092994046,0.3045882894408765,-0.08115763447485524,-0.14058667582747214
2017-08-26,0.8144827634096146,-0.25,0.0,3.0,1.0,4.0,0.0,0.75,0.25,0.4951379343867301,-0.25,1.6094379124341003,-0.46962851884842105,-0.8852505215215343,-0.6488850763600583
2017-08-27,0.8942172229290009,-1.0,0.0,0.0,2.0,2.0,0.0,0.0,1.0,0.3259520560503006,-1.0,1.0986122886681098,-1.2256022487913116,-3.297529182661571,-1.0234835091222876
2017-08-28,0.9793873280286788,-0.5,0.0,2.0,2.0,4.0,0.0,0.5,0.5,0.5355711296200751,-0.5,1.6094379124341003,-0.28896076031789525,-1.6893434085682133,-0.6488850763600583
2017-08-29,0.9610663193922776,0.0769230769230769,6.0,2.0,5.0,13.0,0.4615384615384615,0.1538461538461538,0.3846153846153846,0.6958233466515173,0.07692307692307693,2.6390573296152584,0.42709466601015106,0.16625556153950755,0.10615500399876947
2017-08-30,0.9564239713880752,0.1666666666666666,6.0,9.0,3.0,18.0,0.3333333333333333,0.5,0.1666666666666666,0.7194967799716525,0.1666666666666667,2.9444389791664403,0.532874733847665,0.45490429022293094,0.33009734751876035
2017-08-31,0.9339246469385484,-0.0588235294117647,5.0,6.0,6.0,17.0,0.2941176470588235,0.3529411764705882,0.3529411764705882,0.6361001940334544,-0.05882352941176472,2.8903717578961645,0.1602335373357732,-0.2703559608387797,0.2904487954309894
2017-09-01,0.9608139991760254,0.75,6.0,2.0,0.0,8.0,0.75,0.25,0.0,0.8975697994232177,0.75,2.1972245773362196,1.3285589011119152,2.3311210266651816,-0.2178496051015963
2017-09-02,0.8193982690572739,1.0,4.0,0.0,0.0,4.0,1.0,0.0,0.0,0.8735787883400916,1.0,1.6094379124341003,1.2213597996742225,3.1352139137118606,-0.6488850763600583
2017-09-03,0.9999372561772664,-0.3333333333333333,1.0,0.0,2.0,3.0,0.3333333333333333,0.0,0.6666666666666666,0.5999560793240865,-0.3333333333333333,1.3862943611198906,-0.001269310780133224,-1.1532814838704273,-0.8125206120778071
2017-09-04,0.8650009996361203,-0.1111111111111111,6.0,4.0,8.0,18.0,0.3333333333333333,0.2222222222222222,0.4444444444444444,0.5721673664119509,-0.1111111111111111,2.9444389791664403,-0.12543769384532852,-0.4385322509400459,0.33009734751876035
2017-09-05,0.9226674563006352,-0.3684210526315789,7.0,10.0,21.0,38.0,0.1842105263157894,0.2631578947368421,0.5526315789473685,0.5353409036209709,-0.3684210526315791,3.6635616461296463,-0.28998947978895295,-1.266136625912067,0.8574440808760825
2017-09-06,0.942381237234388,-0.0476190476190476,6.0,8.0,7.0,21.0,0.2857142857142857,0.3809523809523809,0.3333333333333333,0.6453811517783573,-0.047619047619047616,3.091042453358316,0.20170366659741776,-0.23431818438850835,0.43760454589480013
2017-09-07,0.9198455611864724,-0.2222222222222222,2.0,3.0,4.0,9.0,0.2222222222222222,0.3333333333333333,0.4444444444444444,0.577225226163864,-0.2222222222222222,2.302585092994046,-0.10283764507188162,-0.7959068674052365,-0.14058667582747214
2017-09-08,0.9752244779041837,-0.5714285714285714,1.0,4.0,9.0,14.0,0.0714285714285714,0.2857142857142857,0.6428571428571429,0.5112285631043572,-0.5714285714285715,2.70805020110221,-0.39773071787118947,-1.9190842334386933,0.15674882766063303
2017-09-09,0.851325199007988,-0.75,0.0,1.0,3.0,4.0,0.0,0.25,0.75,0.3709276393055916,-0.75,1.6094379124341003,-1.0246377252496426,-2.493436295614892,-0.6488850763600583
2017-09-10,0.95174107948939,-0.5555555555555556,1.0,2.0,6.0,9.0,0.1111111111111111,0.2222222222222222,0.6666666666666666,0.4995520889759063,-0.5555555555555556,2.302585092994046,-0.4499047396409838,-1.8680307168008088,-0.14058667582747214
2017-09-11,0.9367643939821344,-0.2631578947368421,5.0,4.0,10.0,19.0,0.2631578947368421,0.2105263157894736,0.5263157894736842,0.5767877073664414,-0.2631578947368421,2.995732273553991,-0.10479261152924742,-0.927571199787149,0.36771172470511354
2017-09-12,0.9053760449091592,-0.4666666666666667,2.0,12.0,16.0,30.0,0.0666666666666666,0.4,0.5333333333333333,0.49376323143641143,-0.46666666666666673,3.4339872044851463,-0.4757711078584172,-1.5821310236286563,0.6890926473511084
2017-09-13,0.9334618393331766,-0.34375,6.0,9.0,17.0,32.0,0.1875,0.28125,0.53125,0.5502982875332235,-0.34375,3.4965075614664802,-0.22315535972221515,-1.186785354164039,0.7349400493829054
2017-09-14,0.929615278329168,-0.25,4.0,13.0,11.0,28.0,0.1428571428571428,0.4642857142857143,0.3928571428571428,0.5757306948304176,-0.25,3.367295829986474,-0.10951566357893028,-0.8852505215215343,0.6401865564980662
2017-09-15,0.9533355347812176,-0.28125,4.0,15.0,13.0,32.0,0.125,0.46875,0.40625,0.5829598743468523,-0.28125,3.4965075614664802,-0.07721350067264773,-0.9857621324023692,0.7349400493829054
2017-09-16,0.9459581971168518,0.0,0.0,1.0,0.0,1.0,0.0,1.0,0.0,0.6621707379817963,0.0,0.6931471805599453,0.2767246212492722,-0.08115763447485524,-1.320819012610393
2017-09-17,0.927975594997406,-0.6666666666666666,0.0,2.0,4.0,6.0,0.0,0.3333333333333333,0.6666666666666666,0.44958291649818416,-0.6666666666666666,1.9459101490553132,-0.673182131770758,-2.225405333265999,-0.40214339653381637
2017-09-18,0.9440336680412292,0.04,8.0,10.0,7.0,25.0,0.32,0.4,0.28,0.6728235676288604,0.03999999999999998,3.258096538021482,0.3243246895405703,0.04749722745261334,0.5601085773879774
2017-09-19,0.9456804448908026,-0.0909090909090909,4.0,12.0,6.0,22.0,0.1818181818181818,0.5454545454545454,0.2727272727272727,0.6347035841508346,-0.09090909090909091,3.1354942159291497,0.1539930615193477,-0.37355504794637484,0.4702018938308565
2017-09-20,0.9627966417206658,-0.4444444444444444,0.0,5.0,4.0,9.0,0.0,0.5555555555555556,0.4444444444444444,0.5406243158711327,-0.4444444444444444,2.302585092994046,-0.26638159416129786,-1.5106561003356178,-0.14058667582747214
2017-09-21,0.9681973240592264,0.0909090909090909,2.0,8.0,1.0,11.0,0.1818181818181818,0.7272727272727273,0.0909090909090909,0.7050108541141857,0.0909090909090909,2.4849066497880004,0.4681472311162072,0.21123977899666435,-0.006886708057115773
2017-09-22,0.9516923683030264,0.0,1.0,5.0,1.0,7.0,0.1428571428571428,0.7142857142857143,0.1428571428571428,0.6661846578121184,0.0,2.0794415416798357,0.29466003037240474,-0.08115763447485524,-0.3042222115452213
2017-09-23,0.4921772480010986,-1.0,0.0,0.0,1.0,1.0,0.0,0.0,1.0,0.04452407360076899,-1.0,0.6931471805599453,-2.48310768420131,-3.297529182661571,-1.320819012610393
2017-09-24,0.998524397611618,0.5,1.0,1.0,0.0,2.0,0.5,0.5,0.0,0.8489670783281326,0.5,1.0986122886681098,1.1113872274893533,1.5270281396185026,-1.0234835091222876
2017-09-25,0.9978622496128082,-0.5,0.0,1.0,1.0,2.0,0.0,0.5,0.5,0.5485035747289657,-0.5,1.0986122886681098,-0.23117467992879348,-1.6893434085682133,-1.0234835091222876
2017-09-26,0.9145093858242034,0.0,0.0,2.0,0.0,2.0,0.0,1.0,0.0,0.6401565700769424,0.0,1.0986122886681098,0.17835865367408105,-0.08115763447485524,-1.0234835091222876
2017-09-27,0.9983111686176724,0.0,0.0,9.0,0.0,9.0,0.0,1.0,0.0,0.6988178180323706,0.0,2.302585092994046,0.4404748707958567,-0.08115763447485524,-0.14058667582747214
2017-09-28,0.9444748945534228,-0.1875,4.0,5.0,7.0,16.0,0.25,0.3125,0.4375,0.604882426187396,-0.1875,2.833213344056216,0.02074309858799928,-0.6842272997598645,0.24853341130094786
2017-09-29,0.9286144326130548,-0.1666666666666666,2.0,6.0,4.0,12.0,0.1666666666666666,0.5,0.3333333333333333,0.6000301028291384,-0.1666666666666667,2.5649493574615367,-0.0009385513469713635,-0.6172195591726414,0.05181017685539133
2017-09-30,0.0,0.0,,,,0.0,0.0,0.0,0.0,0.0,0.0,0.0,-2.682054725899988,-0.08115763447485524,-1.829117413142979
2017-10-01,0.9371570348739624,0.0,0.0,1.0,0.0,1.0,0.0,1.0,0.0,0.6560099244117736,0.0,0.6931471805599453,0.24919624086783504,-0.08115763447485524,-1.320819012610393
2017-10-02,0.982285205523173,0.3333333333333333,9.0,2.0,4.0,15.0,0.6,0.1333333333333333,0.2666666666666666,0.787599643866221,0.33333333333333337,2.772588722239781,0.8371789496864899,0.9909662149207168,0.20407618898736474
2017-10-03,0.9915104338100978,-0.4285714285714285,0.0,4.0,3.0,7.0,0.0,0.5714285714285714,0.4285714285714285,0.5654858750956399,-0.4285714285714285,2.0794415416798357,-0.1552926200462529,-1.4596025836977333,-0.3042222115452213
2017-10-04,0.961597333351771,0.3333333333333333,2.0,4.0,0.0,6.0,0.3333333333333333,0.6666666666666666,0.0,0.7731181333462397,0.3333333333333333,1.9459101490553132,0.772471176019778,0.9909662149207167,-0.40214339653381637
2017-10-05,0.9906694293022156,0.3333333333333333,3.0,2.0,1.0,6.0,0.5,0.3333333333333333,0.1666666666666666,0.7934686005115509,0.33333333333333337,1.9459101490553132,0.8634032249609337,0.9909662149207168,-0.40214339653381637
2017-10-06,0.9456524749596914,0.1666666666666666,2.0,3.0,1.0,6.0,0.3333333333333333,0.5,0.1666666666666666,0.7119567324717839,0.1666666666666667,1.9459101490553132,0.49918351866782884,0.45490429022293094,-0.40214339653381637
2017-10-07,0.9123201966285706,-0.5,0.0,1.0,1.0,2.0,0.0,0.5,0.5,0.48862413763999935,-0.5,1.0986122886681098,-0.49873413493845853,-1.6893434085682133,-1.0234835091222876
2017-10-08,0.7905139923095703,0.0,1.0,0.0,1.0,2.0,0.5,0.0,0.5,0.5533597946166992,0.0,1.0986122886681098,-0.20947561912034654,-0.08115763447485524,-1.0234835091222876
2017-10-09,0.9586115330457688,-0.0625,5.0,5.0,6.0,16.0,0.3125,0.3125,0.375,0.6522780731320381,-0.0625,2.833213344056216,0.23252119943249824,-0.28218085623652495,0.24853341130094786
2017-10-10,0.9254243062890094,0.1304347826086956,7.0,12.0,4.0,23.0,0.3043478260869565,0.5217391304347826,0.1739130434782608,0.6869274491849152,0.13043478260869568,3.1780538303479458,0.38734510265922056,0.338369089201673,0.5014116924754702
2017-10-11,0.9952822969510003,0.0,2.0,9.0,2.0,13.0,0.1538461538461538,0.6923076923076923,0.1538461538461538,0.6966976078657002,0.0,2.6390573296152584,0.43100112982101346,-0.08115763447485524,0.10615500399876947
2017-10-12,0.9297163888812066,0.35,20.0,14.0,6.0,40.0,0.5,0.35,0.15,0.7558014722168446,0.35,3.713572066704308,0.695095091012764,1.0445724073904952,0.8941177015745426
2017-10-13,0.912603705017655,0.1481481481481481,10.0,11.0,6.0,27.0,0.3703703703703703,0.4074074074074074,0.2222222222222222,0.6832670379568029,0.14814814814814808,3.332204510175204,0.37098927700491663,0.3953418541453988,0.6144534045313554
2017-10-14,0.8454811692237854,0.0,0.0,5.0,0.0,5.0,0.0,1.0,0.0,0.5918368184566497,0.0,1.791759469228055,-0.0375486266585547,-0.08115763447485524,-0.5151851085897018
2017-10-15,0.9968630075454712,0.0,0.0,1.0,0.0,1.0,0.0,1.0,0.0,0.6978041052818298,0.0,0.6931471805599453,0.435945295297876,-0.08115763447485524,-1.320819012610393
2017-10-16,0.94652598798275,0.2,6.0,12.0,2.0,20.0,0.3,0.6,0.1,0.722568191587925,0.19999999999999998,3.044522437723423,0.5465987309009311,0.562116675162488,0.403490507486875
2017-10-17,0.9682443187786982,0.5384615384615384,8.0,4.0,1.0,13.0,0.6153846153846154,0.3076923076923077,0.0769230769230769,0.8393094846835503,0.5384615384615385,2.6390573296152584,1.0682341749913802,1.6507347376256845,0.10615500399876947
2017-10-18,0.991335704922676,0.375,4.0,3.0,1.0,8.0,0.5,0.375,0.125,0.8064349934458732,0.375,2.1972245773362196,0.9213409945126739,1.1249816960951633,-0.2178496051015963
2017-10-19,0.9270613888899484,0.1666666666666666,3.0,1.0,2.0,6.0,0.5,0.1666666666666666,0.3333333333333333,0.6989429722229638,0.16666666666666669,1.9459101490553132,0.44103409761319495,0.45490429022293083,-0.40214339653381637
2017-10-20,0.9977160096168518,0.6666666666666666,13.0,4.0,1.0,18.0,0.7222222222222222,0.2222222222222222,0.0555555555555555,0.8984012067317961,0.6666666666666667,2.9444389791664403,1.3322738806973744,2.063090064316289,0.33009734751876035
2017-10-21,0.9999958276748656,0.0,0.0,1.0,0.0,1.0,0.0,1.0,0.0,0.6999970793724059,0.0,0.6931471805599453,0.4457441675159477,-0.08115763447485524,-1.320819012610393
2017-10-22,0.8908146619796753,1.0,3.0,0.0,0.0,3.0,1.0,0.0,0.0,0.9235702633857727,1.0,1.3862943611198906,1.4447368464303345,3.1352139137118606,-0.8125206120778071
2017-10-23,0.9739030884659808,-0.0434782608695652,7.0,8.0,8.0,23.0,0.3043478260869565,0.3478260869565217,0.3478260869565217,0.668688683665317,-0.04347826086956519,3.1780538303479458,0.30584877604508853,-0.2209998757003645,0.5014116924754702
2017-10-24,0.900910999093737,-0.4285714285714285,1.0,6.0,7.0,14.0,0.0714285714285714,0.4285714285714285,0.5,0.5020662707941873,-0.4285714285714286,2.70805020110221,-0.4386706140413224,-1.4596025836977338,0.15674882766063303
2017-10-25,0.951718552245034,0.1111111111111111,7.0,6.0,5.0,18.0,0.3888888888888889,0.3333333333333333,0.2777777777777778,0.6995363199048571,0.1111111111111111,2.9444389791664403,0.4436853547077257,0.27621698199033545,0.33009734751876035
2017-10-26,0.9866447354617872,0.0526315789473684,5.0,10.0,4.0,19.0,0.2631578947368421,0.5263157894736842,0.2105263157894736,0.7064407885074615,0.0526315789473685,2.995732273553991,0.4745366109361277,0.08812507858760375,0.36771172470511354
2017-10-27,0.941955292224884,-0.4,0.0,3.0,2.0,5.0,0.0,0.6,0.4,0.5393687045574188,-0.4,1.791759469228055,-0.27199204568077545,-1.3677062537495417,-0.5151851085897018
2017-10-28,0.0,0.0,,,,0.0,0.0,0.0,0.0,0.0,0.0,0.0,-2.682054725899988,-0.08115763447485524,-1.829117413142979
2017-10-29,0.9735023677349092,0.0,0.0,2.0,0.0,2.0,0.0,1.0,0.0,0.6814516574144364,0.0,1.0986122886681098,0.36287760708675976,-0.08115763447485524,-1.0234835091222876
2017-10-30,0.9191399349106684,-0.1111111111111111,3.0,2.0,4.0,9.0,0.3333333333333333,0.2222222222222222,0.4444444444444444,0.6100646211041345,-0.1111111111111111,2.302585092994046,0.04389871452367267,-0.4385322509400459,-0.14058667582747214
2017-10-31,0.960838817887836,0.2777777777777778,9.0,5.0,4.0,18.0,0.5,0.2777777777777778,0.2222222222222222,0.7559205058548185,0.2777777777777778,2.9444389791664403,0.6956269693478393,0.8122789066881214,0.33009734751876035
2017-11-01,0.9681052390266868,0.4117647058823529,10.0,4.0,3.0,17.0,0.5882352941176471,0.2352941176470588,0.1764705882352941,0.8012030790833866,0.411764705882353,2.8903717578961645,0.8979632170395103,1.243230650072616,0.2904487954309894
2017-11-02,0.9649272561073304,0.0,7.0,2.0,7.0,16.0,0.4375,0.125,0.4375,0.6754490792751313,0.0,2.833213344056216,0.33605627051976444,-0.08115763447485524,0.24853341130094786
2017-11-03,0.9318094551563264,0.125,6.0,6.0,4.0,16.0,0.375,0.375,0.25,0.6897666186094285,0.125,2.833213344056216,0.40003137128219063,0.32088880904848427,0.24853341130094786
2017-11-04,0.0,0.0,,,,0.0,0.0,0.0,0.0,0.0,0.0,0.0,-2.682054725899988,-0.08115763447485524,-1.829117413142979
2017-11-05,0.999890923500061,0.0,0.0,2.0,0.0,2.0,0.0,1.0,0.0,0.6999236464500427,0.0,1.0986122886681098,0.4454160469850539,-0.08115763447485524,-1.0234835091222876
2017-11-06,0.8808380616338629,0.1052631578947368,7.0,7.0,5.0,19.0,0.3684210526315789,0.3684210526315789,0.2631578947368421,0.6481655905121251,0.10526315789473684,2.995732273553991,0.21414538192296118,0.2574077916500622,0.36771172470511354
2017-11-07,0.9881870051225028,0.0833333333333333,1.0,11.0,0.0,12.0,0.0833333333333333,0.9166666666666666,0.0,0.716730903585752,0.0833333333333333,2.5649493574615367,0.5205159607126382,0.18687332787403765,0.05181017685539133
2017-11-08,0.9049650049209594,0.0,6.0,13.0,6.0,25.0,0.24,0.52,0.24,0.6334755034446715,0.0,3.258096538021482,0.14850562509003248,-0.08115763447485524,0.5601085773879774
2017-11-09,0.9275935075499796,-0.0909090909090909,3.0,4.0,4.0,11.0,0.2727272727272727,0.3636363636363636,0.3636363636363636,0.6220427280122585,-0.09090909090909088,2.4849066497880004,0.09742052288041304,-0.3735550479463748,-0.006886708057115773
2017-11-10,0.9149213701486588,-0.1,10.0,7.0,13.0,30.0,0.3333333333333333,0.2333333333333333,0.4333333333333333,0.6104449591040612,-0.09999999999999998,3.4339872044851463,0.0455981798648155,-0.40279478929352674,0.6890926473511084
2017-11-11,0.0,0.0,,,,0.0,0.0,0.0,0.0,0.0,0.0,0.0,-2.682054725899988,-0.08115763447485524,-1.829117413142979
2017-11-12,0.9328097019876752,-0.2857142857142857,2.0,1.0,4.0,7.0,0.2857142857142857,0.1428571428571428,0.5714285714285714,0.5672525056770868,-0.2857142857142857,2.0794415416798357,-0.14739877971383497,-1.000120933956774,-0.3042222115452213
2017-11-13,0.9428907195727032,-0.0444444444444444,14.0,15.0,16.0,45.0,0.3111111111111111,0.3333333333333333,0.3555555555555555,0.6466901703675589,-0.0444444444444444,3.828641396489095,0.2075527579942513,-0.22410748106093134,0.9785002943634425
2017-11-14,0.9877900779247284,0.125,3.0,3.0,2.0,8.0,0.375,0.375,0.25,0.7289530545473099,0.125,2.1972245773362196,0.5751282317909655,0.32088880904848427,-0.2178496051015963
2017-11-15,0.9260625924382891,0.2857142857142857,12.0,12.0,4.0,28.0,0.4285714285714285,0.4285714285714285,0.1428571428571428,0.7339581004210881,0.2857142857142857,3.367295829986474,0.5974922921660961,0.8378056650070635,0.6401865564980662
2017-11-16,0.9509758430978528,0.0,8.0,7.0,8.0,23.0,0.3478260869565217,0.3043478260869565,0.3478260869565217,0.6656830901684969,0.0,3.1780538303479458,0.2924188742777262,-0.08115763447485524,0.5014116924754702
2017-11-17,0.9541846921569422,-0.1052631578947368,5.0,7.0,7.0,19.0,0.2631578947368421,0.3684210526315789,0.3684210526315789,0.6363503371414385,-0.10526315789473684,2.995732273553991,0.16135125247974175,-0.41972306059977266,0.36771172470511354
2017-11-18,0.9883473714192708,0.3333333333333333,2.0,0.0,1.0,3.0,0.6666666666666666,0.0,0.3333333333333333,0.7918431599934894,0.3333333333333333,1.3862943611198906,0.8561402645807786,0.9909662149207167,-0.8125206120778071
2017-11-19,0.9817318518956504,0.0,0.0,3.0,0.0,3.0,0.0,1.0,0.0,0.6872122963269552,0.0,1.3862943611198906,0.38861788593492264,-0.08115763447485524,-0.8125206120778071
2017-11-20,0.950391792017838,0.3793103448275862,15.0,10.0,4.0,29.0,0.5172413793103449,0.3448275862068966,0.1379310344827586,0.7790673578607624,0.3793103448275863,3.4011973816621555,0.7990541124370134,1.1388453665614855,0.665047228193219
2017-11-21,0.8956956434249878,0.12,10.0,8.0,7.0,25.0,0.4,0.32,0.28,0.6629869503974914,0.12,3.258096538021482,0.2803717054526701,0.3048069513075507,0.5601085773879774
2017-11-22,0.9059887089227376,0.0526315789473684,8.0,4.0,7.0,19.0,0.4210526315789473,0.2105263157894736,0.3684210526315789,0.6499815699301268,0.05263157894736836,2.995732273553991,0.22225972779878167,0.08812507858760331,0.36771172470511354
2017-11-23,0.9587494790554046,0.4,5.0,4.0,1.0,10.0,0.5,0.4,0.1,0.7911246353387832,0.4,2.3978952727983707,0.8529296788710538,1.2053909847998312,-0.07069385463778585
2017-11-24,0.9807880272467931,0.75,10.0,1.0,1.0,12.0,0.8333333333333334,0.0833333333333333,0.0833333333333333,0.9115516190727552,0.7500000000000001,2.5649493574615367,1.3910339046747493,2.331121026665182,0.05181017685539133
2017-11-25,0.8736791610717773,0.3333333333333333,1.0,2.0,0.0,3.0,0.3333333333333333,0.6666666666666666,0.0,0.711575412750244,0.3333333333333333,1.3862943611198906,0.4974796666972758,0.9909662149207167,-0.8125206120778071
2017-11-26,0.9891216971657492,0.7272727272727273,9.0,1.0,1.0,11.0,0.8181818181818182,0.0909090909090909,0.0909090909090909,0.9105670061978425,0.7272727272727273,2.4849066497880004,1.3866343562318384,2.2580216732973017,-0.006886708057115773
2017-11-27,0.9320796598990758,0.2666666666666666,14.0,10.0,6.0,30.0,0.4666666666666667,0.3333333333333333,0.2,0.732455761929353,0.26666666666666666,3.4339872044851463,0.590779388911988,0.7765414450416024,0.6890926473511084
2017-11-28,0.9270793429442814,0.2,10.0,22.0,3.0,35.0,0.2857142857142857,0.6285714285714286,0.0857142857142857,0.708955540060997,0.2,3.58351893845611,0.4857732822854089,0.562116675162488,0.7987471959635755
2017-11-29,0.93581375621614,0.2698412698412698,30.0,20.0,13.0,63.0,0.4761904761904761,0.3174603174603174,0.2063492063492063,0.736022010303679,0.26984126984126977,4.1588830833596715,0.6067144664252597,0.7867521483691791,1.2206729900525364
2017-11-30,0.9608388513326644,-0.3,7.0,14.0,19.0,40.0,0.175,0.35,0.475,0.5825871959328651,-0.3,3.713572066704308,-0.07887874066466895,-1.04606909893087,0.8941177015745426
2017-12-01,0.9630274304321834,0.0714285714285714,10.0,10.0,8.0,28.0,0.3571428571428571,0.3571428571428571,0.2857142857142857,0.6955477727310998,0.0714285714285714,3.367295829986474,0.42586331829637336,0.14858319039562437,0.6401865564980662
2017-12-02,0.9315906167030334,0.0,2.0,2.0,2.0,6.0,0.3333333333333333,0.3333333333333333,0.3333333333333333,0.6521134316921233,0.0,1.9459101490553132,0.23178553162937313,-0.08115763447485524,-0.40214339653381637
2017-12-03,0.9805350670447716,0.3846153846153846,7.0,4.0,2.0,13.0,0.5384615384615384,0.3076923076923077,0.1538461538461538,0.8017591623159555,0.38461538461538464,2.6390573296152584,0.9004479652916535,1.1559083455969585,0.10615500399876947
2017-12-04,0.948512966816242,-0.0769230769230769,10.0,16.0,13.0,39.0,0.2564102564102564,0.4102564102564102,0.3333333333333333,0.6408821536944462,-0.07692307692307693,3.6888794541139363,0.18160078096687493,-0.328570830489218,0.8760101252376995
2017-12-05,0.9218832891562888,0.1724137931034483,11.0,12.0,6.0,29.0,0.3793103448275862,0.4137931034482758,0.2068965517241379,0.6970424403404366,0.1724137931034483,3.4011973816621555,0.43254194572536175,0.4733891841780269,0.665047228193219
2017-12-06,0.9532841286238504,0.2647058823529412,15.0,13.0,6.0,34.0,0.4411764705882353,0.3823529411764705,0.1764705882352941,0.7467106547425775,0.2647058823529412,3.5553480614894135,0.6544745660503569,0.7702348341628049,0.7780889402491042
2017-12-07,0.8912715911865234,0.0144927536231884,18.0,34.0,17.0,69.0,0.2608695652173913,0.4927536231884058,0.2463768115942029,0.6282379399175229,0.014492753623188387,4.248495242049359,0.1251026054387236,-0.03454355406635217,1.2863873407816906
2017-12-08,0.9477165237305656,-0.0634920634920634,15.0,29.0,19.0,63.0,0.238095238095238,0.4603174603174603,0.3015873015873015,0.6443539475637768,-0.06349206349206352,4.1588830833596715,0.1971138071532076,-0.2853717010263928,1.2206729900525364
2017-12-09,0.8575575649738312,0.125,2.0,5.0,1.0,8.0,0.25,0.625,0.125,0.6377902954816818,0.125,2.1972245773362196,0.16778542232973012,0.32088880904848427,-0.2178496051015963
2017-12-10,0.9244029928337444,-0.0454545454545454,2.0,17.0,3.0,22.0,0.0909090909090909,0.7727272727272727,0.1363636363636363,0.6334457313472573,-0.0454545454545454,3.1354942159291497,0.14837259434448966,-0.2273563412106149,0.4702018938308565
2017-12-11,0.9338780239675984,0.3333333333333333,32.0,24.0,10.0,66.0,0.4848484848484848,0.3636363636363636,0.1515151515151515,0.7537146167773189,0.3333333333333333,4.204692619390966,0.6857703890578364,0.9909662149207167,1.2542660198547155
2017-12-12,0.92766730919961,0.2419354838709677,25.0,27.0,10.0,62.0,0.4032258064516129,0.4354838709677419,0.1612903225806451,0.7219477616010173,0.24193548387096778,4.143134726391533,0.5438264618677062,0.6969967723445116,1.209124411507566
2017-12-13,0.929438245647094,0.0,10.0,14.0,10.0,34.0,0.2941176470588235,0.4117647058823529,0.2941176470588235,0.6506067719529658,0.0,3.5553480614894135,0.2250533197334087,-0.08115763447485524,0.7780889402491042
2017-12-14,0.9388032136736688,0.1081081081081081,11.0,19.0,7.0,37.0,0.2972972972972973,0.5135135135135135,0.1891891891891892,0.6895946820040005,0.10810810810810811,3.6375861597263857,0.39926310647074703,0.26655820857235735,0.8383957480513464
2017-12-15,0.9482008009343534,0.2972972972972973,19.0,10.0,8.0,37.0,0.5135135135135135,0.2702702702702703,0.2162162162162162,0.7529297498432366,0.29729729729729726,3.6375861597263857,0.6822633659569652,0.8750609339049791,0.8383957480513464
2017-12-16,0.8891087174415588,-0.375,1.0,3.0,4.0,8.0,0.125,0.375,0.5,0.5098761022090912,-0.375,2.1972245773362196,-0.40377392264483497,-1.2872969650448738,-0.2178496051015963
2017-12-17,0.9751595386437008,0.0,2.0,10.0,2.0,14.0,0.1428571428571428,0.7142857142857143,0.1428571428571428,0.6826116770505904,0.0,2.70805020110221,0.368060926047971,-0.08115763447485524,0.15674882766063303
2017-12-18,0.9571048728255338,0.0232558139534883,10.0,24.0,9.0,43.0,0.2325581395348837,0.5581395348837209,0.2093023255813953,0.6769501551639201,0.023255813953488386,3.784189633918261,0.34276353208162175,-0.006358296144931566,0.9459029464273858
2017-12-19,0.9446265518665312,-0.2,11.0,10.0,19.0,40.0,0.275,0.25,0.475,0.6012385863065719,-0.19999999999999996,3.713572066704308,0.0044613187307965775,-0.7244319441121982,0.8941177015745426
2017-12-20,0.9296342018577788,0.0694444444444444,24.0,29.0,19.0,72.0,0.3333333333333333,0.4027777777777778,0.2638888888888889,0.6715772746337785,0.06944444444444442,4.290459441148391,0.3187558750901096,0.14220150081588884,1.317160509713053
2017-12-21,0.9348970772698522,0.171875,25.0,25.0,14.0,64.0,0.390625,0.390625,0.21875,0.7059904540888964,0.171875,4.174387269895637,0.4725243804032261,0.4716562253697366,1.2320425136383117
2017-12-22,0.9405717582118754,-0.2551020408163265,22.0,29.0,47.0,98.0,0.2244897959183673,0.2959183673469387,0.4795918367346938,0.5818696185034148,-0.2551020408163265,4.59511985013459,-0.0820850938851528,-0.9016605804408542,1.5405739534035965
2017-12-23,0.9289614622657364,0.2972972972972973,17.0,14.0,6.0,37.0,0.4594594594594595,0.3783783783783784,0.1621621621621621,0.7394622127752046,0.29729729729729737,3.6375861597263857,0.6220863326810618,0.8750609339049794,0.8383957480513464
2017-12-24,0.9233389985867037,0.1282051282051282,14.0,16.0,9.0,39.0,0.358974358974359,0.4102564102564102,0.2307692307692307,0.6847988374722309,0.12820512820512828,3.6888794541139363,0.37783382103299523,0.33119769221574963,0.8760101252376995
2017-12-25,0.9755841318298788,-0.1764705882352941,5.0,4.0,8.0,17.0,0.2941176470588235,0.2352941176470588,0.4705882352941176,0.6299677158103268,-0.1764705882352941,2.8903717578961645,0.13283176786354492,-0.6487526135666286,0.2904487954309894
2017-12-26,0.9391362108881512,-0.0317460317460317,23.0,15.0,25.0,63.0,0.365079365079365,0.238095238095238,0.3968253968253968,0.6478715380978963,-0.0317460317460318,4.1588830833596715,0.2128314667039783,-0.18326466775062417,1.2206729900525364
2017-12-27,0.9276256799697876,0.1818181818181818,24.0,17.0,14.0,55.0,0.4363636363636363,0.3090909090909091,0.2545454545454545,0.7038834305243059,0.18181818181818177,4.02535169073515,0.4631095611590714,0.503637192468184,1.1227518050639418
2017-12-28,0.9378524406960136,0.0,25.0,26.0,25.0,76.0,0.3289473684210526,0.3421052631578947,0.3289473684210526,0.6564967084872094,0.0,4.343805421853684,0.25137133950374024,-0.08115763447485524,1.356280161971377
2017-12-29,0.9505769660075506,0.4375,28.0,13.0,7.0,48.0,0.5833333333333334,0.2708333333333333,0.1458333333333333,0.7966538762052854,0.4375000000000001,3.8918202981106265,0.8776360011876858,1.3260049178568334,1.0248306200753463
2017-12-30,0.94793739205315,0.2857142857142857,19.0,16.0,7.0,42.0,0.4523809523809524,0.3809523809523809,0.1666666666666666,0.7492704601514907,0.2857142857142858,3.7612001156935624,0.6659125516667216,0.8378056650070639,0.9290442825384422
2017-12-31,0.9533994851573822,0.5483870967741935,19.0,10.0,2.0,31.0,0.6129032258064516,0.3225806451612903,0.064516129032258,0.8318957686424255,0.5483870967741936,3.4657359027997265,1.0351074470194292,1.6826590209823762,0.7123745895199507
2018-01-01,0.8949746027588844,-0.2,5.0,6.0,9.0,20.0,0.25,0.3,0.45,0.5664822219312191,-0.2,3.044522437723423,-0.1508406407143144,-0.7244319441121985,0.403490507486875
2018-01-02,0.9524128155128376,0.2162162162162162,34.0,22.0,18.0,74.0,0.4594594594594595,0.2972972972972973,0.2432432432432432,0.7315538357238511,0.21621621621621628,4.31748811353631,0.5867493095435985,0.61427405161957,1.3369811644435536
2018-01-03,0.9513695325170244,0.3928571428571428,30.0,18.0,8.0,56.0,0.5357142857142857,0.3214285714285714,0.1428571428571428,0.7838158156190598,0.3928571428571429,4.04305126783455,0.820271659423282,1.1824169023127833,1.135731251539452
2018-01-04,0.9522297587021288,0.2048192771084337,35.0,30.0,18.0,83.0,0.4216867469879518,0.3614457831325301,0.216867469879518,0.7280066142240202,0.20481927710843378,4.430816798843313,0.5708992498664643,0.5776172609368819,1.4200873085520467
2018-01-05,0.9481094889953487,0.0655737704918032,22.0,21.0,18.0,61.0,0.360655737704918,0.3442622950819672,0.2950819672131147,0.683348773444285,0.0655737704918033,4.127134385045092,0.371354495910585,0.12975197524230653,1.1973910478836944
2018-01-06,0.9605702217668296,0.65625,23.0,7.0,2.0,32.0,0.71875,0.21875,0.0625,0.8692741552367808,0.65625,3.4965075614664802,1.2021253956261817,2.029586194022677,0.7349400493829054
2018-01-07,0.955467269608849,0.2368421052631578,18.0,11.0,9.0,38.0,0.4736842105263157,0.2894736842105263,0.2368421052631578,0.7398797203051416,0.2368421052631579,3.6635616461296463,0.623951882736357,0.6806145743062092,0.8574440808760825
2018-01-08,0.9254403742759124,0.0652173913043478,38.0,22.0,32.0,92.0,0.4130434782608695,0.2391304347826087,0.3478260869565217,0.667373479384443,0.06521739130434784,4.532599493153256,0.29997204510497993,0.1286057273634089,1.4947265513718
2018-01-09,0.9578540921211244,0.1612903225806451,24.0,24.0,14.0,62.0,0.3870967741935484,0.3870967741935484,0.2258064516129032,0.7188849612589805,0.16129032258064518,4.143134726391533,0.530140942595018,0.43761197007138936,1.209124411507566
2018-01-10,0.9485840555550396,0.1739130434782608,29.0,23.0,17.0,69.0,0.4202898550724637,0.3333333333333333,0.2463768115942029,0.716182751932006,0.17391304347826078,4.248495242049359,0.5180666531561723,0.47821133042718206,1.2863873407816906
2018-01-11,0.9569390142286146,0.027027027027027,40.0,34.0,37.0,111.0,0.3603603603603603,0.3063063063063063,0.3333333333333333,0.6779654180681384,0.027027027027026973,4.718498871295094,0.3473000341355835,0.005771326286947724,1.6310502055965272
2018-01-12,0.94332953554685,0.081967213114754,22.0,22.0,17.0,61.0,0.360655737704918,0.360655737704918,0.2786885245901639,0.6849208388172211,0.08196721311475408,4.127134385045092,0.37837895998157156,0.18247937767159683,1.1973910478836944
2018-01-13,0.9373521833192736,0.3571428571428571,22.0,13.0,7.0,42.0,0.5238095238095238,0.3095238095238095,0.1666666666666666,0.7632893854663486,0.3571428571428572,3.7612001156935624,0.7285533545769369,1.0675464898775435,0.9290442825384422
2018-01-14,0.9720071951548258,0.3333333333333333,19.0,18.0,5.0,42.0,0.4523809523809524,0.4285714285714285,0.119047619047619,0.780405036608378,0.33333333333333337,3.7612001156935624,0.8050312660992677,0.9909662149207168,0.9290442825384422
2018-01-15,0.9731684119805044,0.1304347826086956,15.0,22.0,9.0,46.0,0.3260869565217391,0.4782608695652174,0.1956521739130435,0.7203483231689617,0.1304347826086956,3.8501476017100584,0.5366796866806504,0.33836908920167275,0.9942712157808973
2018-01-16,0.9690727168513884,-0.010752688172043,32.0,28.0,33.0,93.0,0.3440860215053763,0.3010752688172043,0.3548387096774194,0.6751250953443589,-0.010752688172043057,4.543294782270004,0.33460861222229993,-0.11574227477793836,1.5025696163134832
2018-01-17,0.9685121638434274,-0.2095238095238095,31.0,21.0,53.0,105.0,0.2952380952380952,0.2,0.5047619047619047,0.6151013718332563,-0.20952380952380956,4.663439094112067,0.06640444179196861,-0.7550640540949292,1.5906737928219636
2018-01-18,0.9360093366768624,0.0972222222222222,30.0,19.0,23.0,72.0,0.4166666666666667,0.2638888888888889,0.3194444444444444,0.6843732023404703,0.09722222222222227,4.290459441148391,0.3759319543919037,0.23154515493218675,1.317160509713053
2018-01-19,0.9382072504489652,-0.0483870967741935,20.0,19.0,23.0,62.0,0.3225806451612903,0.3064516129032258,0.3709677419354839,0.6422289462820175,-0.04838709677419356,4.143134726391533,0.1876186580255094,-0.23678851583872862,1.209124411507566
2018-01-20,0.9616779323135104,0.2142857142857142,17.0,17.0,8.0,42.0,0.4047619047619047,0.4047619047619047,0.1904761904761904,0.7374602669051715,0.2142857142857143,3.7612001156935624,0.6131410323912633,0.608064840136584,0.9290442825384422
2018-01-21,0.9651823665784752,0.2826086956521739,21.0,17.0,8.0,46.0,0.4565217391304347,0.3695652173913043,0.1739130434782608,0.7604102653005848,0.2826086956521739,3.8501476017100584,0.7156885739459069,0.8278169334909556,0.9942712157808973
2018-01-22,0.9426344765557184,0.0833333333333333,25.0,28.0,19.0,72.0,0.3472222222222222,0.3888888888888889,0.2638888888888889,0.6848441335890029,0.08333333333333331,4.290459441148391,0.3780362177973394,0.1868733278740377,1.317160509713053
2018-01-23,0.9009091693621416,0.0576923076923076,15.0,25.0,12.0,52.0,0.2884615384615384,0.4807692307692308,0.2307692307692307,0.6479441108611913,0.05769230769230768,3.970291913552122,0.21315574378371935,0.1044022625359168,1.082375392289378
2018-01-24,0.9281310649479136,-0.0294117647058823,9.0,15.0,10.0,34.0,0.2647058823529412,0.4411764705882353,0.2941176470588235,0.6408682160517748,-0.029411764705882304,3.5553480614894135,0.181538503359426,-0.17575679765681732,0.7780889402491042
2018-01-25,0.9525524086278416,0.1956521739130435,17.0,21.0,8.0,46.0,0.3695652173913043,0.4565217391304347,0.1739130434782608,0.7254823382134021,0.19565217391304351,3.8501476017100584,0.5596200203591548,0.5481324510399371,0.9942712157808973
2018-01-26,0.96186448097229,0.22,20.0,21.0,9.0,50.0,0.4,0.42,0.18,0.7393051366806029,0.22000000000000003,3.9318256327243257,0.6213844691314057,0.6264441061262224,1.054167315321639
2018-01-27,0.9653660289702876,0.3225806451612903,16.0,9.0,6.0,31.0,0.5161290322580645,0.2903225806451613,0.1935483870967742,0.7725304138275884,0.3225806451612903,3.4657359027997265,0.769845067262689,0.9563815746176337,0.7123745895199507
2018-01-28,0.9387072548270226,0.15625,13.0,11.0,8.0,32.0,0.40625,0.34375,0.25,0.7039700783789158,0.15625,3.4965075614664802,0.4634967300084167,0.42140041992931915,0.7349400493829054
2018-01-29,0.9257838513815042,0.0151515151515151,23.0,21.0,22.0,66.0,0.3484848484848485,0.3181818181818182,0.3333333333333333,0.6525941505125075,0.015151515151515194,4.204692619390966,0.23393352886928992,-0.03242473222960183,1.2542660198547155
2018-01-30,0.9516969933262412,0.3113207547169811,54.0,31.0,21.0,106.0,0.5094339622641509,0.2924528301886792,0.1981132075471698,0.7595841217434632,0.3113207547169812,4.672828834461906,0.7119971143956983,0.9201655833568583,1.5975594732879561
2018-01-31,0.9506612388292948,0.1466666666666666,30.0,26.0,19.0,75.0,0.4,0.3466666666666667,0.2533333333333333,0.7094628671805063,0.14666666666666672,4.330733340286331,0.4880401734621889,0.39057685925919666,1.3466941485839323
2018-02-01,0.9770800434052944,-0.075,30.0,14.0,36.0,80.0,0.375,0.175,0.45,0.661456030383706,-0.07500000000000001,4.394449154672439,0.27353109130422326,-0.32238550058885895,1.3934182029397864
2018-02-02,0.9609974832601952,-0.0845070422535211,18.0,29.0,24.0,71.0,0.2535211267605634,0.4084507042253521,0.3380281690140845,0.6473461256060803,-0.08450704225352113,4.276666119016055,0.2104837646079031,-0.3529636808004932,1.3070455964961614
2018-02-03,0.9297695900942828,-0.1351351351351351,12.0,8.0,17.0,37.0,0.3243243243243243,0.2162162162162162,0.4594594594594595,0.6102981725254574,-0.1351351351351352,3.6375861597263857,0.04494229298806329,-0.5158024382838711,0.8383957480513464
2018-02-04,0.96487158536911,0.1333333333333333,10.0,14.0,6.0,30.0,0.3333333333333333,0.4666666666666667,0.2,0.715410109758377,0.1333333333333333,3.4339872044851463,0.5146142539863789,0.3476919052833735,0.6890926473511084
2018-02-05,0.9572010602463376,-0.4204545454545454,14.0,23.0,51.0,88.0,0.1590909090909091,0.2613636363636363,0.5795454545454546,0.5439043785360727,-0.4204545454545455,4.48863636973214,-0.2517252810479169,-1.4334956717806338,1.4624875320926358
2018-02-06,0.95082215515964,-0.1927710843373494,26.0,15.0,42.0,83.0,0.3132530120481928,0.180722891566265,0.5060240963855421,0.6077441833105431,-0.19277108433734935,4.430816798843313,0.03353029588749386,-0.7011810654506075,1.4200873085520467
2018-02-07,0.9415989705494472,0.2428571428571428,31.0,25.0,14.0,70.0,0.4428571428571428,0.3571428571428571,0.2,0.7319764222417559,0.24285714285714277,4.2626798770413155,0.5886375540549327,0.6999611700847755,1.2967892113811286
2018-02-08,0.9348884895443916,0.25,33.0,14.0,17.0,64.0,0.515625,0.21875,0.265625,0.7294219426810741,0.25,4.174387269895637,0.5772233659410086,0.7229352525718238,1.2320425136383117
2018-02-09,0.9671744070154557,0.1702127659574468,23.0,9.0,15.0,47.0,0.4893617021276595,0.1914893617021276,0.3191489361702128,0.728085914698053,0.17021276595744672,3.871201010907891,0.5712535883947755,0.46630986308884087,1.0097100930080563
2018-02-10,0.9533388167619704,0.0357142857142857,10.0,9.0,9.0,28.0,0.3571428571428571,0.3214285714285714,0.3214285714285714,0.6780514574476649,0.0357142857142857,3.367295829986474,0.3476844841340244,0.03371277796038457,0.6401865564980662
2018-02-11,0.9683415350459872,-0.0952380952380952,5.0,9.0,7.0,21.0,0.238095238095238,0.4285714285714285,0.3333333333333333,0.6492676459607624,-0.09523809523809532,3.091042453358316,0.21906969934414408,-0.38747873430216173,0.43760454589480013
2018-02-12,0.9413025729796466,0.2647058823529412,17.0,9.0,8.0,34.0,0.5,0.2647058823529412,0.2352941176470588,0.7383235657916349,0.26470588235294124,3.5553480614894135,0.6169985132027381,0.7702348341628051,0.7780889402491042
2018-02-13,0.9469935227842892,0.0392156862745098,18.0,17.0,16.0,51.0,0.3529411764705882,0.3333333333333333,0.3137254901960784,0.6746601718313553,0.039215686274509776,3.9512437185814275,0.3325311931982097,0.04497458310109432,1.0684069779205634
2018-02-14,0.9416061648681984,0.2835820895522388,31.0,24.0,12.0,67.0,0.4626865671641791,0.3582089552238806,0.1791044776119403,0.7441989422734105,0.28358208955223885,4.219507705176107,0.6432514742501985,0.8309477299363031,1.2651302123661199
2018-02-15,0.9478390531106428,0.2363636363636363,28.0,12.0,15.0,55.0,0.509090909090909,0.2181818181818181,0.2727272727272727,0.7343964280865408,0.23636363636363633,4.02535169073515,0.5994508728907268,0.6790756405510957,1.1227518050639418
2018-02-16,0.9735756516456604,0.1388888888888889,13.0,15.0,8.0,36.0,0.3611111111111111,0.4166666666666667,0.2222222222222222,0.7231696228186288,0.1388888888888889,3.6109179126442243,0.5492861077390574,0.36556063610663314,0.8188394002553128
2018-02-17,0.9111608975920183,0.0689655172413793,11.0,9.0,9.0,29.0,0.3793103448275862,0.3103448275862069,0.3103448275862069,0.6585022834868266,0.06896551724137928,3.4011973816621555,0.2603328558433362,0.1406610929862975,0.665047228193219
2018-02-18,0.9258610931309786,0.2727272727272727,11.0,6.0,5.0,22.0,0.5,0.2727272727272727,0.2272727272727272,0.7299209470098668,0.2727272727272728,3.1354942159291497,0.57945306836892,0.796034605939704,0.4702018938308565
2018-02-19,0.9374799796513148,0.2571428571428571,13.0,18.0,4.0,35.0,0.3714285714285714,0.5142857142857142,0.1142857142857142,0.7333788428987775,0.2571428571428572,3.58351893845611,0.5949039941707527,0.7459093350588718,0.7987471959635755
2018-02-20,0.9611090764403344,0.125,16.0,13.0,11.0,40.0,0.4,0.325,0.275,0.710276353508234,0.125,3.713572066704308,0.4916750766791523,0.32088880904848427,0.8941177015745426
2018-02-21,0.9292600529138432,0.2325581395348837,20.0,13.0,10.0,43.0,0.4651162790697674,0.3023255813953488,0.2325581395348837,0.7202494789001553,0.2325581395348837,3.784189633918261,0.5362380205598857,0.666835748824381,0.9459029464273858
2018-02-22,0.95574237132559,0.1020408163265306,18.0,18.0,13.0,49.0,0.3673469387755102,0.3673469387755102,0.2653061224489796,0.6996319048258722,0.10204081632653061,3.912023005428146,0.4441124570757048,0.24704354391154437,1.0396456609554483
2018-02-23,0.9484044189254442,0.0833333333333333,7.0,12.0,5.0,24.0,0.2916666666666667,0.5,0.2083333333333333,0.6888830932478109,0.0833333333333334,3.2188758248682006,0.3960835124556227,0.18687332787403796,0.5313472604228624
2018-02-24,0.955643608652312,0.1724137931034483,9.0,16.0,4.0,29.0,0.3103448275862069,0.5517241379310345,0.1379310344827586,0.7206746639876529,0.17241379310344832,3.4011973816621555,0.5381378762669469,0.473389184178027,0.665047228193219
2018-02-25,0.9554309386473436,0.0,7.0,12.0,7.0,26.0,0.2692307692307692,0.4615384615384615,0.2692307692307692,0.6688016570531405,0.0,3.295836866004329,0.3063535753475896,-0.08115763447485524,0.5877842989190949
2018-02-26,0.951086264103651,0.21875,14.0,11.0,7.0,32.0,0.4375,0.34375,0.21875,0.7313853848725558,0.21875,3.4965075614664802,0.5859966201370242,0.622423641690989,0.7349400493829054
2018-02-27,0.9442629317442576,0.2666666666666666,15.0,8.0,7.0,30.0,0.5,0.2666666666666666,0.2333333333333333,0.7409840522209802,0.2666666666666667,3.4339872044851463,0.6288863721022565,0.7765414450416026,0.6890926473511084
2018-02-28,0.9599860864026206,0.2142857142857142,13.0,8.0,7.0,28.0,0.4642857142857143,0.2857142857142857,0.25,0.7362759747675487,0.2142857142857143,3.367295829986474,0.6078492565443426,0.608064840136584,0.6401865564980662
2018-03-01,0.919948373734951,0.3,10.0,6.0,4.0,20.0,0.5,0.3,0.2,0.7339638616144656,0.3,3.044522437723423,0.5975180349224616,0.8837538299811595,0.403490507486875
2018-03-02,0.945433429479599,0.2,21.0,18.0,11.0,50.0,0.42,0.36,0.22,0.7218034006357192,0.19999999999999998,3.9318256327243257,0.5431814133656233,0.562116675162488,1.054167315321639
2018-03-03,0.9466069262960682,0.3478260869565217,13.0,5.0,5.0,23.0,0.5652173913043478,0.217391304347826,0.217391304347826,0.7669726744942043,0.3478260869565218,3.1780538303479458,0.7450114051673579,1.03758029532922,0.5014116924754702
2018-03-04,0.9271326248462384,-0.0384615384615384,9.0,7.0,10.0,26.0,0.3461538461538461,0.2692307692307692,0.3846153846153846,0.6374543758539053,-0.03846153846153849,3.295836866004329,0.16628443172420088,-0.2048642324820367,0.5877842989190949
2018-03-05,0.9126259216240474,0.0238095238095238,13.0,17.0,12.0,42.0,0.3095238095238095,0.4047619047619047,0.2857142857142857,0.6459810022796902,0.02380952380952378,3.7612001156935624,0.20438398025810658,-0.00457735951802876,0.9290442825384422
2018-03-06,0.9401042088866234,0.34375,16.0,11.0,5.0,32.0,0.5,0.34375,0.15625,0.7611979462206363,0.34375,3.4965075614664802,0.719208170788098,1.0244700852143283,0.7349400493829054
2018-03-07,0.9057995762143816,-0.0571428571428571,8.0,17.0,10.0,35.0,0.2285714285714285,0.4857142857142857,0.2857142857142857,0.6169168462072099,-0.05714285714285719,3.58351893845611,0.07451653097806646,-0.2649502943712391,0.7987471959635755
2018-03-08,0.9289362792457851,-0.1071428571428571,10.0,5.0,13.0,28.0,0.3571428571428571,0.1785714285714285,0.4642857142857143,0.6181125383291924,-0.1071428571428572,3.367295829986474,0.0798592454067556,-0.425768871780575,0.6401865564980662
2018-03-09,0.9487850215970254,0.0816326530612244,19.0,15.0,15.0,49.0,0.3877551020408163,0.3061224489795918,0.3061224489795918,0.6886393110362851,0.08163265306122452,3.912023005428146,0.39499421972296045,0.18140330823426454,1.0396456609554483
2018-03-10,0.9380637517681828,0.1481481481481481,10.0,11.0,6.0,27.0,0.3703703703703703,0.4074074074074074,0.2222222222222222,0.7010890706821723,0.14814814814814808,3.332204510175204,0.45062351531746936,0.3953418541453988,0.6144534045313554
2018-03-11,0.9602232575416564,0.0833333333333333,7.0,12.0,5.0,24.0,0.2916666666666667,0.5,0.2083333333333333,0.6971562802791594,0.0833333333333334,3.2188758248682006,0.43305061703965214,0.18687332787403796,0.5313472604228624
2018-03-12,0.944794962572497,0.2325581395348837,17.0,19.0,7.0,43.0,0.3953488372093023,0.4418604651162791,0.1627906976744186,0.7311239156612129,0.23255813953488372,3.784189633918261,0.584828296533969,0.666835748824381,0.9459029464273858
2018-03-13,0.969246950149536,0.0,8.0,9.0,8.0,25.0,0.32,0.36,0.32,0.6784728651046752,0.0,3.258096538021482,0.34956746113795056,-0.08115763447485524,0.5601085773879774
2018-03-14,0.9563228643458822,-0.1304347826086956,11.0,18.0,17.0,46.0,0.2391304347826087,0.391304347826087,0.3695652173913043,0.6302955702595088,-0.13043478260869562,3.8501476017100584,0.13429672080916596,-0.5006843581513832,0.9942712157808973
2018-03-15,0.9612308339196808,-0.2244897959183673,11.0,16.0,22.0,49.0,0.2244897959183673,0.3265306122448979,0.4489795918367347,0.6055146449682662,-0.2244897959183674,3.912023005428146,0.02356804352202063,-0.8032002269249345,1.0396456609554483
2018-03-16,0.9451227110365162,-0.0869565217391304,7.0,7.0,9.0,23.0,0.3043478260869565,0.3043478260869565,0.391304347826087,0.6354989412038222,-0.08695652173913049,3.1780538303479458,0.15754695764765098,-0.36084211692587415,0.5014116924754702
2018-03-17,0.9758627902377736,0.0909090909090909,4.0,4.0,3.0,11.0,0.3636363636363636,0.3636363636363636,0.2727272727272727,0.7103766804391687,0.09090909090909088,2.4849066497880004,0.49212336778322163,0.21123977899666435,-0.006886708057115773
2018-03-18,0.9343148279190064,-0.12,3.0,16.0,6.0,25.0,0.12,0.64,0.24,0.6180203795433045,-0.12,3.258096538021482,0.07944745204787844,-0.46712222025726113,0.5601085773879774
2018-03-19,0.9279412434381598,0.1176470588235294,14.0,10.0,10.0,34.0,0.4117647058823529,0.2941176470588235,0.2941176470588235,0.6848529880537706,0.11764705882352944,3.5553480614894135,0.3780757822268469,0.2972390182529938,0.7780889402491042
2018-03-20,0.9351928093854118,0.0588235294117647,12.0,12.0,10.0,34.0,0.3529411764705882,0.3529411764705882,0.2941176470588235,0.6722820253933177,0.05882352941176472,3.5553480614894135,0.3219049148658144,0.10804069188906927,0.7780889402491042
2018-03-21,0.9695905519694816,-0.1219512195121951,11.0,14.0,16.0,41.0,0.2682926829268293,0.3414634146341463,0.3902439024390244,0.6421280205249785,-0.12195121951219512,3.7376696182833684,0.1871676911850951,-0.4733980671805523,0.911788908019461
2018-03-22,0.9617259520472904,0.1212121212121212,13.0,11.0,9.0,33.0,0.3939393939393939,0.3333333333333333,0.2727272727272727,0.7095718027967396,0.12121212121212122,3.5263605246161616,0.48852693077868153,0.308705583487171,0.7568318118335339
2018-03-23,0.9778296132882436,0.0333333333333333,13.0,5.0,12.0,30.0,0.4333333333333333,0.1666666666666666,0.4,0.6944807293017705,0.03333333333333327,3.4339872044851463,0.42109544517828096,0.02605475046470176,0.6890926473511084
2018-03-24,0.9773645589226172,-0.1052631578947368,5.0,7.0,7.0,19.0,0.2631578947368421,0.3684210526315789,0.3684210526315789,0.652576243877411,-0.10526315789473684,2.995732273553991,0.23385351660196757,-0.41972306059977266,0.36771172470511354
2018-03-25,0.9319603494975878,0.1739130434782608,10.0,7.0,6.0,23.0,0.4347826086956521,0.3043478260869565,0.2608695652173913,0.7045461576917897,0.1739130434782608,3.1780538303479458,0.4660708268017097,0.47821133042718217,0.5014116924754702
2018-03-26,0.933329033129143,-0.0606060606060606,10.0,11.0,12.0,33.0,0.303030303030303,0.3333333333333333,0.3636363636363636,0.6351485050085819,-0.06060606060606061,3.5263605246161616,0.15598110262341527,-0.2760892434558683,0.7568318118335339
2018-03-27,0.9289985578507184,-0.15625,8.0,11.0,13.0,32.0,0.25,0.34375,0.40625,0.6034239904955029,-0.15625,3.4965075614664802,0.014226366336328544,-0.5837156888790296,0.7349400493829054
2018-03-28,0.9771605053463498,0.1081081081081081,16.0,9.0,12.0,37.0,0.4324324324324324,0.2432432432432432,0.3243243243243243,0.7164447861748773,0.10810810810810811,3.6375861597263857,0.519237501491175,0.26655820857235735,0.8383957480513464
2018-03-29,0.9411766358784268,-0.0952380952380952,7.0,5.0,9.0,21.0,0.3333333333333333,0.238095238095238,0.4285714285714285,0.6302522165434702,-0.09523809523809518,3.091042453358316,0.13410300327941208,-0.3874787343021613,0.43760454589480013
2018-03-30,0.9557974338531494,0.1176470588235294,7.0,5.0,5.0,17.0,0.4117647058823529,0.2941176470588235,0.2941176470588235,0.7043523213442634,0.11764705882352944,2.8903717578961645,0.46520470731183944,0.2972390182529938,0.2904487954309894
2018-03-31,0.9491844142184538,0.2352941176470588,7.0,7.0,3.0,17.0,0.4117647058823529,0.4117647058823529,0.1764705882352941,0.7350173252470352,0.23529411764705882,2.8903717578961645,0.6022252293969863,0.6756356709808427,0.2904487954309894
2018-04-01,0.9341390984398978,0.0952380952380952,7.0,9.0,5.0,21.0,0.3333333333333333,0.4285714285714285,0.238095238095238,0.6824687974793571,0.09523809523809532,3.091042453358316,0.36742249686310047,0.22516346535245133,0.43760454589480013
2018-04-02,0.9254479425794938,-0.2647058823529412,10.0,5.0,19.0,34.0,0.2941176470588235,0.1470588235294117,0.5588235294117647,0.5684017950997633,-0.26470588235294124,3.5553480614894135,-0.1422634065953,-0.9325501031125156,0.7780889402491042
2018-04-03,0.968718497526078,0.2857142857142857,8.0,11.0,2.0,21.0,0.3809523809523809,0.5238095238095238,0.0952380952380952,0.7638172339825403,0.2857142857142857,3.091042453358316,0.730911941567494,0.8378056650070635,0.43760454589480013
2018-04-04,0.9048034637062636,0.074074074074074,9.0,11.0,7.0,27.0,0.3333333333333333,0.4074074074074074,0.2592592592592592,0.6555846468166067,0.07407407407407413,3.332204510175204,0.24729597180849777,0.15709210983527203,0.6144534045313554
2018-04-05,0.9469248258842612,0.1509433962264151,22.0,17.0,14.0,53.0,0.4150943396226415,0.320754716981132,0.2641509433962264,0.7081303969869073,0.15094339622641506,3.9889840465642745,0.48208629319630913,0.4043324105344603,1.096082699451681
2018-04-06,0.9376784873008728,-0.04,13.0,22.0,15.0,50.0,0.26,0.44,0.3,0.6443749411106109,-0.03999999999999998,3.9318256327243257,0.19720761267681816,-0.2098124964023238,1.054167315321639
2018-04-07,0.932314642270406,-0.2,6.0,12.0,12.0,30.0,0.2,0.4,0.4,0.592620249589284,-0.2,3.4339872044851463,-0.034048019153280144,-0.7244319441121985,0.6890926473511084
2018-04-08,0.9381956019822288,-0.2058823529411764,7.0,13.0,14.0,34.0,0.2058823529411764,0.3823529411764705,0.4117647058823529,0.5949722155052072,-0.20588235294117652,3.5553480614894135,-0.02353872332054335,-0.743351776748591,0.7780889402491042
2018-04-09,0.9588950236101408,0.2972972972972973,20.0,8.0,9.0,37.0,0.5405405405405406,0.2162162162162162,0.2432432432432432,0.7604157057162877,0.29729729729729737,3.6375861597263857,0.7157128833704987,0.8750609339049794,0.8383957480513464
2018-04-10,0.9652989235791292,-0.0909090909090909,8.0,4.0,10.0,22.0,0.3636363636363636,0.1818181818181818,0.4545454545454545,0.6484365192326631,-0.09090909090909088,3.1354942159291497,0.21535597347721905,-0.3735550479463748,0.4702018938308565
2018-04-11,0.9570451729437884,0.0588235294117647,12.0,12.0,10.0,34.0,0.3529411764705882,0.3529411764705882,0.2941176470588235,0.6875786798841813,0.05882352941176472,3.5553480614894135,0.39025499860099966,0.10804069188906927,0.7780889402491042
2018-04-12,0.9716536468929716,0.4444444444444444,18.0,3.0,6.0,27.0,0.6666666666666666,0.1111111111111111,0.2222222222222222,0.8134908861584134,0.4444444444444444,3.332204510175204,0.9528688595119555,1.3483408313859073,0.6144534045313554
2018-04-13,0.969543791586353,-0.1290322580645161,5.0,17.0,9.0,31.0,0.1612903225806451,0.5483870967741935,0.2903225806451613,0.6399709766910922,-0.1290322580645162,3.4657359027997265,0.17752936623275614,-0.49617331811185106,0.7123745895199507
2018-04-14,0.915463513798184,0.1666666666666666,6.0,9.0,3.0,18.0,0.3333333333333333,0.5,0.1666666666666666,0.6908244596587287,0.1666666666666667,2.9444389791664403,0.4047581253800476,0.45490429022293094,0.33009734751876035
2018-04-15,0.9027711220762946,0.0909090909090909,7.0,10.0,5.0,22.0,0.3181818181818182,0.4545454545454545,0.2272727272727272,0.6592125127261335,0.09090909090909097,3.1354942159291497,0.26350637512539854,0.2112397789966646,0.4702018938308565
2018-04-16,0.9607651206580076,-0.2272727272727272,4.0,9.0,9.0,22.0,0.1818181818181818,0.4090909090909091,0.4090909090909091,0.6043537662787871,-0.22727272727272732,3.1354942159291497,0.018380886050451815,-0.8121511681536545,0.4702018938308565
2018-04-17,0.948708400839851,0.0476190476190476,7.0,8.0,6.0,21.0,0.3333333333333333,0.3809523809523809,0.2857142857142857,0.6783815948736098,0.047619047619047616,3.091042453358316,0.3491596381110545,0.0720029154387979,0.43760454589480013
2018-04-18,0.9225583997639742,0.0,11.0,22.0,11.0,44.0,0.25,0.5,0.25,0.6457908798347819,0.0,3.8066624897703196,0.20353445560961658,-0.08115763447485524,0.9623827316813243
2018-04-19,0.9723724621098216,0.0975609756097561,14.0,17.0,10.0,41.0,0.3414634146341463,0.4146341463414634,0.2439024390243902,0.709929016159802,0.0975609756097561,3.7376696182833684,0.4901230682407144,0.23263471168970246,0.911788908019461
2018-04-20,0.9497520198693148,0.2432432432432432,14.0,18.0,5.0,37.0,0.3783783783783784,0.4864864864864865,0.1351351351351351,0.7377993868814933,0.2432432432432433,3.6375861597263857,0.6146563231230837,0.7012030123813732,0.8383957480513464
2018-04-21,0.9112158704687048,0.074074074074074,9.0,11.0,7.0,27.0,0.3333333333333333,0.4074074074074074,0.2592592592592592,0.6600733315503156,0.07407407407407413,3.332204510175204,0.26735277426769544,0.15709210983527203,0.6144534045313554
2018-04-22,0.9252398718487131,-0.0454545454545454,12.0,18.0,14.0,44.0,0.2727272727272727,0.4090909090909091,0.3181818181818182,0.6340315466577355,-0.04545454545454547,3.8066624897703196,0.15099019452291124,-0.22735634121061507,0.9623827316813243
2018-04-23,0.9417510256171228,0.3541666666666667,24.0,17.0,7.0,48.0,0.5,0.3541666666666667,0.1458333333333333,0.7654757179319859,0.35416666666666674,3.8918202981106265,0.7383225500038532,1.0579739555079402,1.0248306200753463
2018-04-24,0.9045768848487308,0.238095238095238,18.0,16.0,8.0,42.0,0.4285714285714285,0.3809523809523809,0.1904761904761904,0.7046323908226829,0.23809523809523808,3.7612001156935624,0.46645614253992,0.6846451150934104,0.9290442825384422
2018-04-25,0.969946942678312,0.1219512195121951,16.0,14.0,11.0,41.0,0.3902439024390244,0.3414634146341463,0.2682926829268293,0.715548225728477,0.12195121951219512,3.7376696182833684,0.515231397959078,0.31108279823084184,0.911788908019461
2018-04-26,0.9690154219667116,0.25,11.0,8.0,5.0,24.0,0.4583333333333333,0.3333333333333333,0.2083333333333333,0.7533107953766981,0.25,3.2188758248682006,0.6839659927721665,0.7229352525718238,0.5313472604228624
2018-04-27,0.9501409707842646,0.054054054054054,14.0,11.0,12.0,37.0,0.3783783783783784,0.2972972972972973,0.3243243243243243,0.6813148957652013,0.05405405405405411,3.6375861597263857,0.36226651462974174,0.09270028704875122,0.8383957480513464
2018-04-28,0.9239437811904484,0.2777777777777778,8.0,7.0,3.0,18.0,0.4444444444444444,0.3888888888888889,0.1666666666666666,0.7300939801666472,0.2777777777777778,2.9444389791664403,0.5802262329038167,0.8122789066881214,0.33009734751876035
2018-04-29,0.9937485933303832,0.3,10.0,6.0,4.0,20.0,0.5,0.3,0.2,0.7856240153312682,0.3,3.044522437723423,0.8283512432181048,0.8837538299811595,0.403490507486875
2018-04-30,0.9135401716286484,0.0681818181818181,14.0,19.0,11.0,44.0,0.3181818181818182,0.4318181818181818,0.25,0.6599326655945993,0.06818181818181818,3.8066624897703196,0.26672423618718644,0.13814042562878448,0.9623827316813243
2018-05-01,0.9195443678785252,0.2222222222222222,14.0,5.0,8.0,27.0,0.5185185185185185,0.1851851851851851,0.2962962962962963,0.7103477241816343,0.2222222222222222,3.332204510175204,0.4919939824572789,0.633591598455526,0.6144534045313554
2018-05-02,0.9548707727728218,0.3793103448275862,16.0,8.0,5.0,29.0,0.5517241379310345,0.2758620689655172,0.1724137931034483,0.7822026443892511,0.3793103448275862,3.4011973816621555,0.8130635219378947,1.1388453665614853,0.665047228193219
2018-05-03,0.9682730984043432,0.1891891891891892,18.0,8.0,11.0,37.0,0.4864864864864865,0.2162162162162162,0.2972972972972973,0.7345479256397969,0.1891891891891892,3.6375861597263857,0.6001278098285986,0.5273450908577668,0.8383957480513464
2018-05-04,0.975448779265086,0.4333333333333333,19.0,5.0,6.0,30.0,0.6333333333333333,0.1666666666666666,0.2,0.8128141454855602,0.4333333333333333,3.4339872044851463,0.9498449772843647,1.3126033697393882,0.6890926473511084
2018-05-05,0.9329943429021276,0.1176470588235294,10.0,18.0,6.0,34.0,0.2941176470588235,0.5294117647058824,0.1764705882352941,0.688390157678548,0.11764705882352938,3.5553480614894135,0.39388092708276917,0.29723901825299365,0.7780889402491042
2018-05-06,0.948727996118607,0.032258064516129,12.0,8.0,11.0,31.0,0.3870967741935484,0.2580645161290322,0.3548387096774194,0.6737870166378636,0.032258064516129004,3.4657359027997265,0.3286296714226726,0.022596286434393573,0.7123745895199507
2018-05-07,0.9466243936465336,0.0576923076923076,16.0,23.0,13.0,52.0,0.3076923076923077,0.4423076923076923,0.25,0.6799447678602657,0.05769230769230771,3.970291913552122,0.356144368307734,0.10440226253591689,1.082375392289378
2018-05-08,0.951178696847731,0.0967741935483871,12.0,10.0,9.0,31.0,0.3870967741935484,0.3225806451612903,0.2903225806451613,0.6948573458579278,0.09677419354838707,3.4657359027997265,0.42277828198189593,0.2301041282528914,0.7123745895199507
2018-05-09,0.9037529294555252,0.081081081081081,14.0,12.0,11.0,37.0,0.3783783783783784,0.3243243243243243,0.2972972972972973,0.6569513749431919,0.08108108108108109,3.6375861597263857,0.2534029268914624,0.17962924781055417,0.8383957480513464
2018-05-10,0.9438934666769844,0.2571428571428571,16.0,12.0,7.0,35.0,0.4571428571428571,0.3428571428571428,0.2,0.7378682838167462,0.25714285714285706,3.58351893845611,0.6149641754901779,0.7459093350588715,0.7987471959635755
2018-05-11,0.9744507857397492,-0.0196078431372549,15.0,20.0,16.0,51.0,0.2941176470588235,0.392156862745098,0.3137254901960784,0.676233197076648,-0.019607843137254943,3.9512437185814275,0.33955994626951247,-0.1442237432628302,1.0684069779205634
2018-05-12,0.9258267785373488,-0.1052631578947368,5.0,7.0,7.0,19.0,0.2631578947368421,0.3684210526315789,0.3684210526315789,0.6164997976077231,-0.10526315789473684,2.995732273553991,0.07265303156297619,-0.41972306059977266,0.36771172470511354
2018-05-13,0.9599772723945412,0.2162162162162162,17.0,11.0,9.0,37.0,0.4594594594594595,0.2972972972972973,0.2432432432432432,0.7368489555410437,0.21621621621621628,3.6375861597263857,0.610409508125525,0.61427405161957,0.8383957480513464
2018-05-14,0.9543145625822006,0.032258064516129,10.0,12.0,9.0,31.0,0.3225806451612903,0.3870967741935484,0.2903225806451613,0.6776976131623791,0.032258064516129004,3.4657359027997265,0.34610340073157525,0.022596286434393573,0.7123745895199507
2018-05-15,0.9093565121293068,0.0,8.0,20.0,8.0,36.0,0.2222222222222222,0.5555555555555556,0.2222222222222222,0.6365495584905148,0.0,3.6109179126442243,0.1622414337869897,-0.08115763447485524,0.8188394002553128
2018-05-16,0.96678672007152,0.1714285714285714,15.0,11.0,9.0,35.0,0.4285714285714285,0.3142857142857143,0.2571428571428571,0.7281792754786354,0.17142857142857137,3.58351893845611,0.5716707526298833,0.4702203452142959,0.7987471959635755
2018-05-17,0.9320110321044922,-0.1142857142857142,7.0,17.0,11.0,35.0,0.2,0.4857142857142857,0.3142857142857143,0.6181220081874302,-0.11428571428571427,3.58351893845611,0.07990155960061417,-0.44874295426762273,0.7987471959635755
2018-05-18,0.9494212313396174,0.1707317073170731,19.0,10.0,12.0,41.0,0.4634146341463415,0.2439024390243902,0.2926829268292683,0.7158143741328541,0.1707317073170732,3.7376696182833684,0.5164206296133608,0.46797897131312083,0.911788908019461
2018-05-19,0.97510313136237,0.2857142857142857,10.0,7.0,4.0,21.0,0.4761904761904761,0.3333333333333333,0.1904761904761904,0.7682864776679448,0.2857142857142857,3.091042453358316,0.7508818755365717,0.8378056650070635,0.43760454589480013
2018-05-20,0.9245360160575192,0.1176470588235294,12.0,14.0,8.0,34.0,0.3529411764705882,0.4117647058823529,0.2352941176470588,0.6824693288873223,0.11764705882352941,3.5553480614894135,0.36742487135478685,0.2972390182529937,0.7780889402491042
2018-05-21,0.9706505004848752,0.3214285714285714,13.0,11.0,4.0,28.0,0.4642857142857143,0.3928571428571428,0.1428571428571428,0.775883921767984,0.3214285714285715,3.367295829986474,0.7848295561043216,0.9526760774423036,0.6401865564980662
2018-05-22,0.9186541197147776,0.0212765957446808,13.0,22.0,12.0,47.0,0.2765957446808511,0.4680851063829787,0.2553191489361702,0.6494408625237486,0.021276595744680882,3.871201010907891,0.21984368339349936,-0.012724197279393097,1.0097100930080563
2018-05-23,0.9452139066486824,0.0975609756097561,16.0,13.0,12.0,41.0,0.3902439024390244,0.3170731707317073,0.2926829268292683,0.6909180273370045,0.09756097560975613,3.7376696182833684,0.40517621409669297,0.23263471168970254,0.911788908019461
2018-05-24,0.9408502631327684,0.1470588235294117,15.0,9.0,10.0,34.0,0.4411764705882353,0.2647058823529412,0.2941176470588235,0.7027128312517613,0.1470588235294118,3.5553480614894135,0.4578789691792004,0.3918381814349561,0.7780889402491042
2018-05-25,0.9309982443467164,0.2051282051282051,18.0,11.0,10.0,39.0,0.4615384615384615,0.282051282051282,0.2564102564102564,0.713237232581163,0.20512820512820512,3.6888794541139363,0.5049051808620851,0.5786108882301122,0.8760101252376995
2018-05-26,0.9453452206574954,0.0,8.0,10.0,8.0,26.0,0.3076923076923077,0.3846153846153846,0.3076923076923077,0.6617416544602467,0.0,3.295836866004329,0.27480734615851177,-0.08115763447485524,0.5877842989190949
2018-05-27,0.9818898233083578,-0.1153846153846153,9.0,5.0,12.0,26.0,0.3461538461538461,0.1923076923076923,0.4615384615384615,0.6527074917004658,-0.11538461538461542,3.295836866004329,0.23443997161415456,-0.45227742849639946,0.5877842989190949
2018-05-28,0.9169287215108456,0.1304347826086956,11.0,4.0,8.0,23.0,0.4782608695652174,0.1739130434782608,0.3478260869565217,0.6809805398402006,0.13043478260869573,3.1780538303479458,0.3607725111216671,0.3383690892016732,0.5014116924754702
2018-05-29,0.9380942018408523,0.0789473684210526,14.0,13.0,11.0,38.0,0.3684210526315789,0.3421052631578947,0.2894736842105263,0.6803501518149123,0.0789473684210526,3.6635616461296463,0.35795574655789625,0.17276643511883277,0.8574440808760825
2018-05-30,0.9844750910997392,0.34375,16.0,11.0,5.0,32.0,0.5,0.34375,0.15625,0.7922575637698174,0.34375,3.4965075614664802,0.8579919461252046,1.0244700852143283,0.7349400493829054
2018-05-31,0.9427751194347036,0.1212121212121212,12.0,13.0,8.0,33.0,0.3636363636363636,0.3939393939393939,0.2424242424242424,0.6963062199679289,0.12121212121212119,3.5263605246161616,0.4292522901906492,0.30870558348717086,0.7568318118335339
2018-06-01,0.9315175134688616,0.09375,12.0,11.0,9.0,32.0,0.375,0.34375,0.28125,0.680187259428203,0.09375,3.4965075614664802,0.3572278940540658,0.22037719816764942,0.7349400493829054
2018-06-02,0.9563229330207992,0.391304347826087,10.0,12.0,1.0,23.0,0.4347826086956521,0.5217391304347826,0.0434782608695652,0.7868173574623855,0.3913043478260869,3.1780538303479458,0.8336834571760853,1.177422536554729,0.5014116924754702
2018-06-03,0.9406465727549332,0.3076923076923077,12.0,10.0,4.0,26.0,0.4615384615384615,0.3846153846153846,0.1538461538461538,0.7507602932361456,0.3076923076923077,3.295836866004329,0.6725695769756499,0.9084951495825958,0.5877842989190949
2018-06-04,0.9546697010865084,0.1891891891891892,16.0,12.0,9.0,37.0,0.4324324324324324,0.3243243243243243,0.2432432432432432,0.7250255475173125,0.1891891891891892,3.6375861597263857,0.5575789412234636,0.5273450908577668,0.8383957480513464
2018-06-05,0.963061329090234,0.0,10.0,13.0,10.0,33.0,0.303030303030303,0.3939393939393939,0.303030303030303,0.6741429303631638,0.0,3.5263605246161616,0.330220001709684,-0.08115763447485524,0.7568318118335339
2018-06-06,0.9396747238231156,0.2075471698113207,21.0,22.0,10.0,53.0,0.3962264150943396,0.4150943396226415,0.1886792452830188,0.720036457619577,0.2075471698113208,3.9889840465642745,0.5352861769803892,0.5863911774129539,1.096082699451681
2018-06-07,0.9453211177039792,0.2567567567567567,32.0,29.0,13.0,74.0,0.4324324324324324,0.3918918918918919,0.1756756756756756,0.7387518094198124,0.2567567567567568,4.31748811353631,0.618912035395612,0.7446674927622747,1.3369811644435536
2018-06-08,0.9311587709300922,0.3773584905660377,26.0,21.0,6.0,53.0,0.490566037735849,0.3962264150943396,0.1132075471698113,0.7650186868208758,0.3773584905660377,3.9889840465642745,0.7362803966210585,1.1325674780484336,1.096082699451681
2018-06-09,0.9808749999318804,0.4,20.0,9.0,6.0,35.0,0.5714285714285714,0.2571428571428571,0.1714285714285714,0.8066124999523162,0.4,3.58351893845611,0.9221341473282889,1.2053909847998312,0.7987471959635755
2018-06-10,0.9315816021483876,0.1304347826086956,18.0,16.0,12.0,46.0,0.391304347826087,0.3478260869565217,0.2608695652173913,0.69123755628648,0.13043478260869568,3.8501476017100584,0.4066039661888587,0.338369089201673,0.9942712157808973
2018-06-11,0.9638644037768244,0.078125,21.0,27.0,16.0,64.0,0.328125,0.421875,0.25,0.698142582643777,0.078125,4.174387269895637,0.4374577146341026,0.17012139272723195,1.2320425136383117
2018-06-12,0.939989562545504,0.2321428571428571,24.0,21.0,11.0,56.0,0.4285714285714285,0.375,0.1964285714285714,0.7276355509247099,0.2321428571428571,4.04305126783455,0.569241226695838,0.6655000463542037,1.135731251539452
2018-06-13,0.93233231429396,0.0517241379310344,21.0,19.0,18.0,58.0,0.3620689655172414,0.3275862068965517,0.3103448275862069,0.6681498613850823,0.051724137931034475,4.07753744390572,0.30344115495418766,0.08520641112100936,1.161020639751779
2018-06-14,0.9237844956164456,0.1632653061224489,19.0,19.0,11.0,49.0,0.3877551020408163,0.3877551020408163,0.2244897959183673,0.6956287387682465,0.16326530612244902,3.912023005428146,0.4262250990649713,0.44396425094338426,1.0396456609554483
2018-06-15,0.9317484338109088,0.048780487804878,14.0,15.0,12.0,41.0,0.3414634146341463,0.3658536585365853,0.2926829268292683,0.6668580500090995,0.04878048780487804,3.7376696182833684,0.29766895059595855,0.07573853860742355,0.911788908019461
2018-06-16,0.949567984593542,0.1052631578947368,15.0,12.0,11.0,38.0,0.3947368421052631,0.3157894736842105,0.2894736842105263,0.6962765365839004,0.10526315789473678,3.6635616461296463,0.42911965584337425,0.25740779165006206,0.8574440808760825
2018-06-17,0.9445939410377192,0.1081081081081081,14.0,13.0,10.0,37.0,0.3783783783783784,0.3513513513513513,0.2702702702702703,0.6936481911588358,0.10810810810810811,3.6375861597263857,0.41737541268252765,0.26655820857235735,0.8383957480513464
2018-06-18,0.9336627474370992,-0.0566037735849056,15.0,20.0,18.0,53.0,0.2830188679245283,0.3773584905660377,0.3396226415094339,0.6365827911304978,-0.05660377358490559,3.9889840465642745,0.16238992728450163,-0.26321640135334834,1.096082699451681
2018-06-19,0.9492173572865928,0.048780487804878,12.0,19.0,10.0,41.0,0.2926829268292683,0.4634146341463415,0.2439024390243902,0.6790862964420784,0.048780487804878064,3.7376696182833684,0.3523084580861616,0.07573853860742365,0.911788908019461
2018-06-20,0.9331766397525104,0.1538461538461538,15.0,15.0,9.0,39.0,0.3846153846153846,0.3846153846153846,0.2307692307692307,0.6993774939806033,0.15384615384615388,3.6888794541139363,0.4429756723893765,0.41366875755387045,0.8760101252376995
2018-06-21,0.948154091835022,0.2941176470588235,19.0,6.0,9.0,34.0,0.5588235294117647,0.1764705882352941,0.2647058823529412,0.7519431584021624,0.29411764705882354,3.5553480614894135,0.6778549766813813,0.8648339973447671,0.7780889402491042
2018-06-22,0.9433933666774204,-0.1904761904761904,15.0,21.0,27.0,63.0,0.238095238095238,0.3333333333333333,0.4285714285714285,0.6032324995313371,-0.1904761904761905,4.1588830833596715,0.013370726729440478,-0.6937998341294679,1.2206729900525364
2018-06-23,0.9835806759920988,-0.1363636363636363,7.0,5.0,10.0,22.0,0.3181818181818182,0.2272727272727272,0.4545454545454545,0.6475973822853782,-0.1363636363636363,3.1354942159291497,0.21160645552566526,-0.5197537546821345,0.4702018938308565
2018-06-24,0.9581512744937624,0.3928571428571428,15.0,9.0,4.0,28.0,0.5357142857142857,0.3214285714285714,0.1428571428571428,0.7885630350027764,0.3928571428571429,3.367295829986474,0.8414836729769727,1.1824169023127833,0.6401865564980662
2018-06-25,0.949786890745163,-0.16,12.0,18.0,20.0,50.0,0.24,0.36,0.4,0.616850823521614,-0.16000000000000003,3.9318256327243257,0.07422152162869573,-0.5957770821847299,1.054167315321639
2018-06-26,0.954430473347505,0.0625,14.0,23.0,11.0,48.0,0.2916666666666667,0.4791666666666667,0.2291666666666666,0.6868513313432535,0.06250000000000008,3.8918202981106265,0.38700498509596987,0.11986558728681478,1.0248306200753463
2018-06-27,0.9402845116953056,0.0416666666666666,16.0,18.0,14.0,48.0,0.3333333333333333,0.375,0.2916666666666667,0.6706991581867138,0.04166666666666663,3.8918202981106265,0.3148321849314567,0.05285784669959114,1.0248306200753463
2018-06-28,0.9590131605372708,0.0980392156862745,19.0,18.0,14.0,51.0,0.3725490196078431,0.3529411764705882,0.2745098039215686,0.7007209770819719,0.0980392156862745,3.9512437185814275,0.4489787616616219,0.23417290946501884,1.0684069779205634
2018-06-29,0.9467604227785794,0.0566037735849056,20.0,16.0,17.0,53.0,0.3773584905660377,0.3018867924528302,0.320754716981132,0.6797134280204773,0.0566037735849057,3.9889840465642745,0.35511067185925466,0.10090113240363825,1.096082699451681
2018-06-30,0.9373048494259516,-0.1666666666666666,5.0,10.0,9.0,24.0,0.2083333333333333,0.4166666666666667,0.375,0.6061133945981662,-0.1666666666666667,3.2188758248682006,0.026243438155828573,-0.6172195591726414,0.5313472604228624
2018-07-01,0.9677435833474864,0.0,8.0,7.0,8.0,23.0,0.3478260869565217,0.3043478260869565,0.3478260869565217,0.6774205083432405,0.0,3.1780538303479458,0.3448652124987916,-0.08115763447485524,0.5014116924754702
2018-07-02,0.9471995844727472,0.0238095238095238,14.0,15.0,13.0,42.0,0.3333333333333333,0.3571428571428571,0.3095238095238095,0.6701825662737801,0.023809523809523836,3.7612001156935624,0.3125238958524935,-0.004577359518028581,0.9290442825384422
2018-07-03,0.958522603318498,0.2972972972972973,17.0,14.0,6.0,37.0,0.4594594594594595,0.3783783783783784,0.1621621621621621,0.7601550115121377,0.29729729729729737,3.6375861597263857,0.7145480227342352,0.8750609339049794,0.8383957480513464
2018-07-04,0.9549436505351748,0.2142857142857142,13.0,8.0,7.0,28.0,0.4642857142857143,0.2857142857142857,0.25,0.7327462696603366,0.2142857142857143,3.367295829986474,0.5920774654129842,0.608064840136584,0.6401865564980662
2018-07-05,0.9630974531173706,0.1627906976744186,17.0,16.0,10.0,43.0,0.3953488372093023,0.3720930232558139,0.2325581395348837,0.723005426484485,0.16279069767441862,3.784189633918261,0.5485524288032843,0.4424377338346102,0.9459029464273858
2018-07-06,0.944007874988928,-0.024390243902439,9.0,22.0,10.0,41.0,0.2195121951219512,0.5365853658536586,0.2439024390243902,0.6534884393215179,-0.02439024390243902,3.7376696182833684,0.23792948203773018,-0.15960572101599463,0.911788908019461
2018-07-07,0.9428643186887106,0.2333333333333333,13.0,11.0,6.0,30.0,0.4333333333333333,0.3666666666666666,0.2,0.7300050230820974,0.23333333333333328,3.4339872044851463,0.5798287457159189,0.6693290601020451,0.6890926473511084
2018-07-08,0.8926856862381101,0.09375,12.0,11.0,9.0,32.0,0.375,0.34375,0.28125,0.653004980366677,0.09375,3.4965075614664802,0.23576924104741173,0.22037719816764942,0.7349400493829054
2018-07-09,0.9283815130591392,0.025,14.0,13.0,13.0,40.0,0.35,0.325,0.325,0.6573670591413974,0.024999999999999967,3.713572066704308,0.255260329748519,-0.0007483457701874452,0.8941177015745426
2018-07-10,0.9135601974668957,0.0952380952380952,8.0,7.0,6.0,21.0,0.3809523809523809,0.3333333333333333,0.2857142857142857,0.6680635667982555,0.09523809523809518,3.091042453358316,0.3030555646122587,0.22516346535245088,0.43760454589480013
2018-07-11,0.8985271321402656,0.1111111111111111,6.0,8.0,4.0,18.0,0.3333333333333333,0.4444444444444444,0.2222222222222222,0.6623023258315192,0.1111111111111111,2.9444389791664403,0.2773125956035642,0.27621698199033545,0.33009734751876035
2018-07-12,0.9685483674208324,0.3333333333333333,7.0,2.0,3.0,12.0,0.5833333333333334,0.1666666666666666,0.25,0.7779838571945826,0.33333333333333337,2.5649493574615367,0.7942127034018057,0.9909662149207168,0.05181017685539133
2018-07-13,0.9067078895039028,-0.074074074074074,7.0,11.0,9.0,27.0,0.2592592592592592,0.4074074074074074,0.3333333333333333,0.6124733004305096,-0.07407407407407413,3.332204510175204,0.05466142304580615,-0.3194073787849825,0.6144534045313554
2018-07-14,0.9458644206707294,0.2307692307692307,5.0,6.0,2.0,13.0,0.3846153846153846,0.4615384615384615,0.1538461538461538,0.7313358637002797,0.23076923076923078,2.6390573296152584,0.5857753445454393,0.6610819535682332,0.10615500399876947
2018-07-15,0.9242923855781556,-0.3636363636363636,1.0,5.0,5.0,11.0,0.0909090909090909,0.4545454545454545,0.4545454545454545,0.5379137608137998,-0.3636363636363636,2.4849066497880004,-0.27849317485027714,-1.2507472883609336,-0.006886708057115773
2018-07-16,0.9692079350352288,0.0625,5.0,7.0,4.0,16.0,0.3125,0.4375,0.25,0.6971955545246602,0.0625,2.833213344056216,0.43322610625987457,0.11986558728681451,0.24853341130094786
2018-07-17,0.9700354668829176,0.1111111111111111,6.0,8.0,4.0,18.0,0.3333333333333333,0.4444444444444444,0.2222222222222222,0.7123581601513757,0.1111111111111111,2.9444389791664403,0.500977219083178,0.27621698199033545,0.33009734751876035
2018-07-18,0.9382065402136908,0.2222222222222222,2.0,7.0,0.0,9.0,0.2222222222222222,0.7777777777777778,0.0,0.7234112448162502,0.2222222222222222,2.302585092994046,0.5503657479819317,0.633591598455526,-0.14058667582747214
2018-07-19,0.9980637311935424,0.0,1.0,3.0,1.0,5.0,0.2,0.6,0.2,0.6986446118354797,0.0,1.791759469228055,0.4397009330653534,-0.08115763447485524,-0.5151851085897018
2018-07-20,0.9447632655501366,-0.375,2.0,1.0,5.0,8.0,0.25,0.125,0.625,0.5488342858850956,-0.375,2.1972245773362196,-0.2296969623515846,-1.2872969650448738,-0.2178496051015963
2018-07-21,0.9801702011715282,0.0909090909090909,4.0,4.0,3.0,11.0,0.3636363636363636,0.3636363636363636,0.2727272727272727,0.713391868092797,0.09090909090909088,2.4849066497880004,0.5055961391480899,0.21123977899666435,-0.006886708057115773
2018-07-22,0.9882609248161316,-0.2222222222222222,1.0,5.0,3.0,9.0,0.1111111111111111,0.5555555555555556,0.3333333333333333,0.6251159807046254,-0.2222222222222222,2.302585092994046,0.11115274641910414,-0.7959068674052365,-0.14058667582747214
2018-07-23,0.9500199079513548,0.05,6.0,9.0,5.0,20.0,0.3,0.45,0.25,0.6800139355659484,0.04999999999999999,3.044522437723423,0.3564534305590913,0.07966094293448053,0.403490507486875
2018-07-24,0.8977417413677488,-0.0714285714285714,4.0,5.0,5.0,14.0,0.2857142857142857,0.3571428571428571,0.3571428571428571,0.6069906475288527,-0.0714285714285714,2.70805020110221,0.0301632698618512,-0.31089845934533483,0.15674882766063303
2018-07-25,0.9745343062612746,-0.037037037037037,6.0,14.0,7.0,27.0,0.2222222222222222,0.5185185185185185,0.2592592592592592,0.6710629032717811,-0.03703703703703698,3.332204510175204,0.31645750810506057,-0.20028250662991862,0.6144534045313554
2018-07-26,0.9452709224489,-0.0555555555555555,5.0,7.0,6.0,18.0,0.2777777777777778,0.3888888888888889,0.3333333333333333,0.6450229790475633,-0.055555555555555525,2.9444389791664403,0.20010324238988597,-0.25984494270745045,0.33009734751876035
2018-07-27,0.9642902249875276,-0.0434782608695652,8.0,6.0,9.0,23.0,0.3478260869565217,0.2608695652173913,0.391304347826087,0.6619596792303997,-0.0434782608695653,3.1780538303479458,0.2757815468443677,-0.22099987570036486,0.5014116924754702
2018-07-28,0.9040989109448024,0.3571428571428571,8.0,3.0,3.0,14.0,0.5714285714285714,0.2142857142857142,0.2142857142857142,0.7400120948042188,0.3571428571428572,2.70805020110221,0.6245433720781431,1.0675464898775435,0.15674882766063303
2018-07-29,0.9517353177070618,-0.1176470588235294,5.0,5.0,7.0,17.0,0.2941176470588235,0.2941176470588235,0.4117647058823529,0.6309206047478844,-0.11764705882352944,2.8903717578961645,0.13708956414908494,-0.45955428720270425,0.2904487954309894
2018-07-30,0.9710397074619928,-0.125,6.0,9.0,9.0,24.0,0.25,0.375,0.375,0.6422277952233949,-0.125,3.2188758248682006,0.18761351474706975,-0.4832040779981947,0.5313472604228624
2018-07-31,0.9744330495595932,-0.2916666666666667,3.0,11.0,10.0,24.0,0.125,0.4583333333333333,0.4166666666666667,0.5946031346917152,-0.2916666666666667,3.2188758248682006,-0.02518788814428264,-1.0192660026959808,0.5313472604228624
2018-08-01,0.9849785089492796,-0.0666666666666666,4.0,6.0,5.0,15.0,0.2666666666666666,0.4,0.3333333333333333,0.6694849562644957,-0.06666666666666671,2.772588722239781,0.3094067631109796,-0.29558240435396976,0.20407618898736474
2018-08-02,0.942261016368866,-0.15,2.0,13.0,5.0,20.0,0.1,0.65,0.25,0.6145827114582061,-0.15,3.044522437723423,0.06408691019798649,-0.5636133667028626,0.403490507486875
2018-08-03,0.959748589474222,-0.1739130434782608,3.0,13.0,7.0,23.0,0.1304347826086956,0.5652173913043478,0.3043478260869565,0.619650099588477,-0.1739130434782609,3.1780538303479458,0.08672953465090699,-0.6405265993768928,0.5014116924754702
2018-08-04,0.9904259714213284,-0.1818181818181818,4.0,1.0,6.0,11.0,0.3636363636363636,0.0909090909090909,0.5454545454545454,0.6387527254494753,-0.18181818181818182,2.4849066497880004,0.17208585082716582,-0.6659524614178945,-0.006886708057115773
2018-08-05,0.951618308822314,-0.1666666666666666,1.0,8.0,3.0,12.0,0.0833333333333333,0.6666666666666666,0.25,0.6161328161756199,-0.16666666666666669,2.5649493574615367,0.07101324741092543,-0.6172195591726413,0.05181017685539133
2018-08-06,0.9680141496658324,0.08,8.0,11.0,6.0,25.0,0.32,0.44,0.24,0.7016099047660826,0.08000000000000002,3.258096538021482,0.45295075970078685,0.1761520893800821,0.5601085773879774
2018-08-07,0.9438380599021912,0.15,8.0,7.0,5.0,20.0,0.4,0.35,0.25,0.7056866419315339,0.15000000000000002,3.044522437723423,0.47116685569689903,0.4012980977531523,0.403490507486875
2018-08-08,0.981200523674488,-0.125,1.0,5.0,2.0,8.0,0.125,0.625,0.25,0.6493403665721416,-0.125,2.1972245773362196,0.2193946370538904,-0.4832040779981947,-0.2178496051015963
2018-08-09,0.9639303573855648,-0.074074074074074,6.0,13.0,8.0,27.0,0.2222222222222222,0.4814814814814814,0.2962962962962963,0.6525290279476732,-0.07407407407407407,3.332204510175204,0.23364254153201752,-0.3194073787849823,0.6144534045313554
2018-08-10,0.96780417031712,0.2222222222222222,8.0,6.0,4.0,18.0,0.4444444444444444,0.3333333333333333,0.2222222222222222,0.7441295858886506,0.2222222222222222,2.9444389791664403,0.6429415689235963,0.633591598455526,0.33009734751876035
2018-08-11,0.9960005402565002,-0.2,1.0,6.0,3.0,10.0,0.1,0.6,0.3,0.6372003781795501,-0.19999999999999998,2.3978952727983707,0.16514949321061356,-0.7244319441121984,-0.07069385463778585
2018-08-12,0.953553342819214,-0.1,4.0,10.0,6.0,20.0,0.2,0.5,0.3,0.6374873399734498,-0.09999999999999998,3.044522437723423,0.1664317253910916,-0.40279478929352674,0.403490507486875
2018-08-13,0.9503962734471196,0.1739130434782608,9.0,9.0,5.0,23.0,0.391304347826087,0.391304347826087,0.217391304347826,0.717451304456462,0.17391304347826098,3.1780538303479458,0.5237349299235423,0.47821133042718267,0.5014116924754702
2018-08-14,0.9771371175502908,-0.3103448275862069,7.0,6.0,16.0,29.0,0.2413793103448276,0.2068965517241379,0.5517241379310345,0.5908925340093415,-0.31034482758620685,3.4011973816621555,-0.04176797547642195,-1.0793419080500428,0.665047228193219
2018-08-15,0.9043095469474792,-0.1,7.0,4.0,9.0,20.0,0.35,0.2,0.45,0.6030166828632354,-0.10000000000000003,3.044522437723423,0.012406392512111583,-0.4027947892935269,0.403490507486875
2018-08-16,0.9110485315322876,-0.1111111111111111,2.0,12.0,4.0,18.0,0.1111111111111111,0.6666666666666666,0.2222222222222222,0.604400638739268,-0.1111111111111111,2.9444389791664403,0.018590326395767444,-0.4385322509400459,0.33009734751876035
2018-08-17,0.9021966004371644,-0.04,8.0,8.0,9.0,25.0,0.32,0.32,0.36,0.619537620306015,-0.03999999999999998,3.258096538021482,0.08622694316076471,-0.2098124964023238,0.5601085773879774
2018-08-18,0.9091228153556584,0.4375,9.0,5.0,2.0,16.0,0.5625,0.3125,0.125,0.7676359707489608,0.4375,2.833213344056216,0.7479752136642371,1.326004917856833,0.24853341130094786
2018-08-19,0.9644683473988584,-0.4210526315789473,3.0,5.0,11.0,19.0,0.1578947368421052,0.2631578947368421,0.5789473684210527,0.5488120537055167,-0.42105263157894746,2.995732273553991,-0.22979630246132862,-1.4354193389745256,0.36771172470511354
2018-08-20,0.9534809904939988,0.0588235294117647,5.0,8.0,4.0,17.0,0.2941176470588235,0.4705882352941176,0.2352941176470588,0.6850837521693286,0.05882352941176469,2.8903717578961645,0.37910690616514897,0.10804069188906919,0.2904487954309894
2018-08-21,0.9559738806315832,-0.0714285714285714,6.0,14.0,8.0,28.0,0.2142857142857142,0.5,0.2857142857142857,0.6477531450135368,-0.07142857142857151,3.367295829986474,0.21230245055639668,-0.31089845934533517,0.6401865564980662
2018-08-22,0.9884111508727074,0.25,3.0,4.0,1.0,8.0,0.375,0.5,0.125,0.7668878056108951,0.25,2.1972245773362196,0.7446321853004152,0.7229352525718238,-0.2178496051015963
2018-08-23,0.9539397781093916,0.0416666666666666,7.0,11.0,6.0,24.0,0.2916666666666667,0.4583333333333333,0.25,0.680257844676574,0.041666666666666685,3.2188758248682006,0.35754329031535337,0.05285784669959132,0.5313472604228624
2018-08-24,0.8977179139852524,0.05,6.0,9.0,5.0,20.0,0.3,0.45,0.25,0.6434025397896767,0.04999999999999999,3.044522437723423,0.19286262915445665,0.07966094293448053,0.403490507486875
2018-08-25,0.9431559418638548,0.0416666666666666,5.0,15.0,4.0,24.0,0.2083333333333333,0.625,0.1666666666666666,0.6727091593046982,0.041666666666666685,3.2188758248682006,0.32381347850804293,0.05285784669959132,0.5313472604228624
2018-08-26,0.952386172612508,0.3333333333333333,7.0,6.0,2.0,15.0,0.4666666666666667,0.4,0.1333333333333333,0.7666703208287555,0.33333333333333337,2.772588722239781,0.743660397444499,0.9909662149207168,0.20407618898736474
2018-08-27,0.9312251210212708,-0.0769230769230769,5.0,2.0,6.0,13.0,0.3846153846153846,0.1538461538461538,0.4615384615384615,0.6287806616379664,-0.07692307692307693,2.6390573296152584,0.12752765040913708,-0.328570830489218,0.10615500399876947
2018-08-28,0.9589143047730128,-0.0833333333333333,3.0,5.0,4.0,12.0,0.25,0.4166666666666667,0.3333333333333333,0.6462400133411089,-0.08333333333333331,2.5649493574615367,0.20554132010303017,-0.34918859682374814,0.05181017685539133
2018-08-29,0.91208364147889,0.0,5.0,9.0,5.0,19.0,0.2631578947368421,0.4736842105263157,0.2631578947368421,0.6384585490352229,0.0,2.995732273553991,0.17077138153853325,-0.08115763447485524,0.36771172470511354
2018-08-30,0.9693294700823332,0.0526315789473684,5.0,10.0,4.0,19.0,0.2631578947368421,0.5263157894736842,0.2105263157894736,0.6943201027418437,0.0526315789473685,2.995732273553991,0.4203777170745543,0.08812507858760375,0.36771172470511354
2018-08-31,0.9128199934959412,0.2,3.0,6.0,1.0,10.0,0.3,0.6,0.1,0.6989739954471588,0.19999999999999998,2.3978952727983707,0.4411727187720066,0.562116675162488,-0.07069385463778585
2018-09-01,0.9760504705565316,0.0,1.0,5.0,1.0,7.0,0.1428571428571428,0.7142857142857143,0.1428571428571428,0.6832353293895721,0.0,2.0794415416798357,0.3708475935259153,-0.08115763447485524,-0.3042222115452213
2018-09-02,0.9373924533526102,0.6666666666666666,4.0,2.0,0.0,6.0,0.6666666666666666,0.3333333333333333,0.0,0.856174717346827,0.6666666666666666,1.9459101490553132,1.1435931409297728,2.0630900643162886,-0.40214339653381637
2018-09-03,0.9675495407798074,-0.3636363636363636,2.0,3.0,6.0,11.0,0.1818181818181818,0.2727272727272727,0.5454545454545454,0.5681937694549561,-0.36363636363636365,2.4849066497880004,-0.14319292816160897,-1.2507472883609339,-0.006886708057115773
2018-09-04,0.8966026157140732,0.0,6.0,8.0,6.0,20.0,0.3,0.4,0.3,0.6276218309998511,0.0,3.044522437723423,0.12234964425116403,-0.08115763447485524,0.403490507486875
2018-09-05,0.939058032631874,-0.2,4.0,8.0,8.0,20.0,0.2,0.4,0.4,0.5973406228423117,-0.2,3.044522437723423,-0.012955962239889407,-0.7244319441121985,0.403490507486875
2018-09-06,0.962939399130204,-0.1764705882352941,4.0,6.0,7.0,17.0,0.2352941176470588,0.3529411764705882,0.4117647058823529,0.6211164029205545,-0.17647058823529413,2.8903717578961645,0.09328142190105922,-0.6487526135666286,0.2904487954309894
2018-09-07,0.9398162066936492,-0.2,2.0,4.0,4.0,10.0,0.2,0.4,0.4,0.5978713446855544,-0.2,2.3978952727983707,-0.010584536354092379,-0.7244319441121985,-0.07069385463778585
2018-09-08,0.8819578103721142,-0.5,1.0,2.0,5.0,8.0,0.125,0.25,0.625,0.4673704672604798,-0.5,2.1972245773362196,-0.5937019693095527,-1.6893434085682133,-0.2178496051015963
2018-09-09,0.9573582485318184,-0.5,1.0,2.0,5.0,8.0,0.125,0.25,0.625,0.5201507739722728,-0.5,2.1972245773362196,-0.3578635782761062,-1.6893434085682133,-0.2178496051015963
2018-09-10,0.9551163629481668,-0.2631578947368421,3.0,8.0,8.0,19.0,0.1578947368421052,0.4210526315789473,0.4210526315789473,0.5896340856426641,-0.2631578947368421,2.995732273553991,-0.04739110380753415,-0.927571199787149,0.36771172470511354
2018-09-11,0.9438224501079984,0.0,4.0,1.0,4.0,9.0,0.4444444444444444,0.1111111111111111,0.4444444444444444,0.6606757150755989,0.0,2.302585092994046,0.2700444062463351,-0.08115763447485524,-0.14058667582747214
2018-09-12,0.9386357665061952,-0.1333333333333333,3.0,7.0,5.0,15.0,0.2,0.4666666666666667,0.3333333333333333,0.6170450365543365,-0.1333333333333333,2.772588722239781,0.07508932426207383,-0.510007174233084,0.20407618898736474
2018-09-13,0.9258776166859796,0.1176470588235294,4.0,11.0,2.0,17.0,0.2352941176470588,0.6470588235294118,0.1176470588235294,0.6834084493272444,0.1176470588235294,2.8903717578961645,0.3716211458241123,0.29723901825299365,0.2904487954309894
2018-09-14,0.880285894870758,0.15,9.0,5.0,6.0,20.0,0.45,0.25,0.3,0.6612001264095306,0.15000000000000002,3.044522437723423,0.27238763486585615,0.4012980977531523,0.403490507486875
2018-09-15,0.9319236363683427,0.0714285714285714,5.0,5.0,4.0,14.0,0.3571428571428571,0.3571428571428571,0.2857142857142857,0.6737751168864113,0.0714285714285714,2.70805020110221,0.328576499730217,0.14858319039562437,0.15674882766063303
2018-09-16,0.9193249225616456,-0.0666666666666666,5.0,4.0,6.0,15.0,0.3333333333333333,0.2666666666666666,0.4,0.6235274457931518,-0.06666666666666671,2.772588722239781,0.10405469146334005,-0.29558240435396976,0.20407618898736474
2018-09-17,0.8629070878028869,-0.2,3.0,6.0,6.0,15.0,0.2,0.4,0.4,0.5440349614620208,-0.2,2.772588722239781,-0.25114179699731803,-0.7244319441121985,0.20407618898736474
2018-09-18,0.9354843894640604,0.2222222222222222,4.0,3.0,2.0,9.0,0.4444444444444444,0.3333333333333333,0.2222222222222222,0.721505739291509,0.2222222222222222,2.302585092994046,0.5418513723547832,0.633591598455526,-0.14058667582747214
2018-09-19,0.9488232319171612,-0.3076923076923077,1.0,7.0,5.0,13.0,0.0769230769230769,0.5384615384615384,0.3846153846153846,0.5718685700343205,-0.3076923076923077,2.6390573296152584,-0.12677280652915146,-1.0708104185323064,0.10615500399876947
2018-09-20,0.9375322771072389,-0.08,5.0,13.0,7.0,25.0,0.2,0.52,0.28,0.6322725939750672,-0.08000000000000002,3.258096538021482,0.14313066136692487,-0.3384673583297925,0.5601085773879774
2018-09-21,0.9295760705357506,-0.1428571428571428,4.0,10.0,7.0,21.0,0.1904761904761904,0.4761904761904761,0.3333333333333333,0.6078461065178826,-0.1428571428571429,3.091042453358316,0.0339857196378553,-0.5406392842158148,0.43760454589480013
2018-09-22,0.8078623576597734,-0.2727272727272727,1.0,6.0,4.0,11.0,0.0909090909090909,0.5454545454545454,0.3636363636363636,0.48368546854365957,-0.2727272727272727,2.4849066497880004,-0.5208016037746549,-0.9583498748894141,-0.006886708057115773
2018-09-23,0.9375363863431492,0.4615384615384615,8.0,3.0,2.0,13.0,0.6153846153846154,0.2307692307692307,0.1538461538461538,0.7947370089017428,0.4615384615384616,2.6390573296152584,0.8690708576927714,1.4033215416113216,0.10615500399876947
2018-09-24,0.8976091711144698,-0.1052631578947368,5.0,7.0,7.0,19.0,0.2631578947368421,0.3684210526315789,0.3684210526315789,0.5967474724117078,-0.10526315789473684,2.995732273553991,-0.015606337955935983,-0.41972306059977266,0.36771172470511354
2018-09-25,0.949105476339658,-0.1666666666666666,2.0,6.0,4.0,12.0,0.1666666666666666,0.5,0.3333333333333333,0.6143738334377606,-0.1666666666666667,2.5649493574615367,0.06315357995924616,-0.6172195591726414,0.05181017685539133
2018-09-26,0.926707900232739,0.3333333333333333,3.0,6.0,0.0,9.0,0.3333333333333333,0.6666666666666666,0.0,0.7486955301629172,0.3333333333333333,2.302585092994046,0.6633435904023918,0.9909662149207167,-0.14058667582747214
2018-09-27,0.919429287314415,-0.1666666666666666,3.0,4.0,5.0,12.0,0.25,0.3333333333333333,0.4166666666666667,0.5936005011200906,-0.16666666666666669,2.5649493574615367,-0.029667958516349003,-0.6172195591726413,0.05181017685539133
2018-09-28,0.9686830540498098,0.3333333333333333,6.0,4.0,2.0,12.0,0.5,0.3333333333333333,0.1666666666666666,0.7780781378348668,0.33333333333333337,2.5649493574615367,0.794633977848573,0.9909662149207168,0.05181017685539133
2018-09-29,0.8429465691248575,0.1666666666666666,2.0,3.0,1.0,6.0,0.3333333333333333,0.5,0.1666666666666666,0.6400625983874002,0.1666666666666667,1.9459101490553132,0.177938759712772,0.45490429022293094,-0.40214339653381637
2018-09-30,0.974167484503526,0.1538461538461538,5.0,5.0,3.0,13.0,0.3846153846153846,0.3846153846153846,0.2307692307692307,0.7280710853063143,0.15384615384615388,2.6390573296152584,0.5711873261824932,0.41366875755387045,0.10615500399876947
2018-10-01,0.8774158273424421,-0.5714285714285714,0.0,3.0,4.0,7.0,0.0,0.4285714285714285,0.5714285714285714,0.442762507711138,-0.5714285714285714,2.0794415416798357,-0.7036577832918953,-1.9190842334386928,-0.3042222115452213
2018-10-02,0.9670125950466504,-0.4545454545454545,1.0,4.0,6.0,11.0,0.0909090909090909,0.3636363636363636,0.5454545454545454,0.5405451801690189,-0.45454545454545453,2.4849066497880004,-0.26673519643878624,-1.5431447018324533,-0.006886708057115773
2018-10-03,0.9828972667455672,-0.375,0.0,5.0,3.0,8.0,0.0,0.625,0.375,0.575528086721897,-0.375,2.1972245773362196,-0.11042097795280725,-1.2872969650448738,-0.2178496051015963
2018-10-04,0.9429203942418098,-0.25,1.0,4.0,3.0,8.0,0.125,0.5,0.375,0.5850442759692669,-0.25,2.1972245773362196,-0.0678997631155309,-0.8852505215215343,-0.2178496051015963
2018-10-05,0.9909252325693766,0.1666666666666666,2.0,3.0,1.0,6.0,0.3333333333333333,0.5,0.1666666666666666,0.7436476627985635,0.1666666666666667,1.9459101490553132,0.640788190642022,0.45490429022293094,-0.40214339653381637
2018-10-06,0.9164615528924124,-0.1428571428571428,2.0,2.0,3.0,7.0,0.2857142857142857,0.2857142857142857,0.4285714285714285,0.5986659441675458,-0.1428571428571428,2.0794415416798357,-0.0070340252823747305,-0.5406392842158144,-0.3042222115452213
2018-10-07,0.9489856362342834,-0.8,0.0,1.0,4.0,5.0,0.0,0.2,0.8,0.42428994536399833,-0.8,1.791759469228055,-0.7861987849197059,-2.6542548730242284,-0.5151851085897018
2018-10-08,0.9506406188011168,0.0,0.0,8.0,0.0,8.0,0.0,1.0,0.0,0.6654484331607817,0.0,2.1972245773362196,0.29137035571858894,-0.08115763447485524,-0.2178496051015963
2018-10-09,0.8579714127949306,-0.2857142857142857,1.0,3.0,3.0,7.0,0.1428571428571428,0.4285714285714285,0.4285714285714285,0.5148657032421656,-0.2857142857142857,2.0794415416798357,-0.38147887449430623,-1.000120933956774,-0.3042222115452213
2018-10-10,0.936967690785726,0.3333333333333333,4.0,4.0,1.0,9.0,0.4444444444444444,0.4444444444444444,0.1111111111111111,0.7558773835500081,0.3333333333333333,2.302585092994046,0.6954342858335189,0.9909662149207167,-0.14058667582747214
2018-10-11,0.9977491583142962,-0.4285714285714285,0.0,4.0,3.0,7.0,0.0,0.5714285714285714,0.4285714285714285,0.5698529822485787,-0.4285714285714285,2.0794415416798357,-0.13577906302878992,-1.4596025836977333,-0.3042222115452213
2018-10-12,0.9344097773234048,-0.5555555555555556,1.0,2.0,6.0,9.0,0.1111111111111111,0.2222222222222222,0.6666666666666666,0.48742017745971666,-0.5555555555555556,2.302585092994046,-0.5041137935550077,-1.8680307168008088,-0.14058667582747214
2018-10-13,0.8564481437206268,0.3333333333333333,2.0,4.0,0.0,6.0,0.3333333333333333,0.6666666666666666,0.0,0.6995137006044387,0.3333333333333333,1.9459101490553132,0.4435842848248602,0.9909662149207167,-0.40214339653381637
2018-10-14,0.9183664832796368,-0.1428571428571428,0.0,6.0,1.0,7.0,0.0,0.8571428571428571,0.1428571428571428,0.5999993954386029,-0.1428571428571428,2.0794415416798357,-0.0010757612653650266,-0.5406392842158144,-0.3042222115452213
2018-10-15,0.8677064478397369,0.125,2.0,5.0,1.0,8.0,0.25,0.625,0.125,0.6448945134878158,0.125,2.1972245773362196,0.19952921937256038,0.32088880904848427,-0.2178496051015963
2018-10-16,0.9897952198982238,0.2,1.0,4.0,0.0,5.0,0.2,0.8,0.0,0.7528566539287567,0.2,1.791759469228055,0.6819367512793318,0.562116675162488,-0.5151851085897018
2018-10-17,0.940168833732605,-0.2,1.0,2.0,2.0,5.0,0.2,0.4,0.4,0.5981181836128235,-0.2,1.791759469228055,-0.009481585289986919,-0.7244319441121985,-0.5151851085897018
2018-10-18,0.946015927526686,-0.4444444444444444,1.0,3.0,5.0,9.0,0.1111111111111111,0.3333333333333333,0.5555555555555556,0.5288778159353468,-0.4444444444444445,2.302585092994046,-0.31886851244044556,-1.510656100335618,-0.14058667582747214
2018-10-19,0.8986758828163147,0.4,3.0,1.0,1.0,5.0,0.6,0.2,0.2,0.7490731179714203,0.39999999999999997,1.791759469228055,0.6650307670555602,1.205390984799831,-0.5151851085897018
2018-10-20,0.9919971028963724,0.0,2.0,2.0,2.0,6.0,0.3333333333333333,0.3333333333333333,0.3333333333333333,0.6943979720274607,0.0,1.9459101490553132,0.4207256606196932,-0.08115763447485524,-0.40214339653381637
2018-10-21,0.9896427869796752,0.0,3.0,4.0,3.0,10.0,0.3,0.4,0.3,0.6927499508857726,0.0,2.3978952727983707,0.4133618031762886,-0.08115763447485524,-0.07069385463778585
2018-10-22,0.9830088019371032,0.1,3.0,5.0,2.0,10.0,0.3,0.5,0.2,0.7181061613559722,0.09999999999999998,2.3978952727983707,0.5266610288259408,0.2404795203438163,-0.07069385463778585
2018-10-23,0.8919204208585951,-0.1111111111111111,1.0,6.0,2.0,9.0,0.1111111111111111,0.6666666666666666,0.2222222222222222,0.5910109612676833,-0.1111111111111111,2.302585092994046,-0.041238806629140805,-0.4385322509400459,-0.14058667582747214
2018-10-24,0.9969813376665116,0.375,4.0,3.0,1.0,8.0,0.5,0.375,0.125,0.8103869363665581,0.375,2.1972245773362196,0.9389994720383852,1.1249816960951633,-0.2178496051015963
2018-10-25,0.9494501153628032,0.0,2.0,5.0,2.0,9.0,0.2222222222222222,0.5555555555555556,0.2222222222222222,0.6646150807539623,0.0,2.302585092994046,0.2876466848452584,-0.08115763447485524,-0.14058667582747214
2018-10-26,0.7225207090377808,-1.0,0.0,0.0,2.0,2.0,0.0,0.0,1.0,0.2057644963264465,-1.0,1.0986122886681098,-1.7626366556257975,-3.297529182661571,-1.0234835091222876
2018-10-27,0.8517904962812152,0.1428571428571428,2.0,4.0,1.0,7.0,0.2857142857142857,0.5714285714285714,0.1428571428571428,0.6391104902539934,0.1428571428571429,2.0794415416798357,0.17368445229658647,0.3783240152661044,-0.3042222115452213
2018-10-28,0.9391989335417747,-0.75,1.0,0.0,7.0,8.0,0.125,0.0,0.875,0.4324392534792423,-0.75,2.1972245773362196,-0.7497852088404764,-2.493436295614892,-0.2178496051015963
2018-10-29,0.9853037084851948,0.0,3.0,8.0,3.0,14.0,0.2142857142857142,0.5714285714285714,0.2142857142857142,0.6897125959396363,0.0,2.70805020110221,0.3997899816367556,-0.08115763447485524,0.15674882766063303
2018-10-30,0.9496479502746036,-0.0714285714285714,3.0,7.0,4.0,14.0,0.2142857142857142,0.5,0.2857142857142857,0.643324993763651,-0.07142857142857151,2.70805020110221,0.1925161300310472,-0.31089845934533517,0.15674882766063303
2018-10-31,0.9320672489702702,0.0625,5.0,7.0,4.0,16.0,0.3125,0.4375,0.25,0.6711970742791891,0.0625,2.833213344056216,0.31705702479000936,0.11986558728681451,0.24853341130094786
2018-11-01,0.8999240398406982,0.1,2.0,7.0,1.0,10.0,0.2,0.7,0.1,0.6599468278884888,0.1,2.3978952727983707,0.26678751760429686,0.2404795203438164,-0.07069385463778585
2018-11-02,0.8996170194525468,-0.2631578947368421,2.0,10.0,7.0,19.0,0.1052631578947368,0.5263157894736842,0.3684210526315789,0.5507845451957301,-0.26315789473684215,2.995732273553991,-0.22098261325866334,-0.9275711997871491,0.36771172470511354
2018-11-03,0.9307302399115128,0.0909090909090909,4.0,4.0,3.0,11.0,0.3636363636363636,0.3636363636363636,0.2727272727272727,0.6787838952107862,0.09090909090909088,2.4849066497880004,0.3509572378247122,0.21123977899666435,-0.006886708057115773
2018-11-04,0.9227208296457926,0.0,4.0,7.0,4.0,15.0,0.2666666666666666,0.4666666666666667,0.2666666666666666,0.6459045807520548,0.0,2.772588722239781,0.20404250573397634,-0.08115763447485524,0.20407618898736474
2018-11-05,0.9674242649759563,0.3571428571428571,6.0,7.0,1.0,14.0,0.4285714285714285,0.5,0.0714285714285714,0.7843398426260265,0.3571428571428571,2.70805020110221,0.822613170753558,1.067546489877543,0.15674882766063303
2018-11-06,0.9692594408988952,-0.0555555555555555,3.0,11.0,4.0,18.0,0.1666666666666666,0.6111111111111112,0.2222222222222222,0.66181494196256,-0.05555555555555561,2.9444389791664403,0.2751348169085929,-0.25984494270745073,0.33009734751876035
2018-11-07,0.9042518649782452,0.3571428571428571,5.0,9.0,0.0,14.0,0.3571428571428571,0.6428571428571429,0.0,0.7401191626276287,0.3571428571428571,2.70805020110221,0.6250217835307768,1.067546489877543,0.15674882766063303
2018-11-08,0.9285725042933508,0.0476190476190476,6.0,10.0,5.0,21.0,0.2857142857142857,0.4761904761904761,0.238095238095238,0.6642864672910598,0.0476190476190477,3.091042453358316,0.28617834039652235,0.07200291543879817,0.43760454589480013
2018-11-09,0.9310782074928284,-0.2,3.0,6.0,6.0,15.0,0.2,0.4,0.4,0.5917547452449798,-0.2,2.772588722239781,-0.03791535461814883,-0.7244319441121985,0.20407618898736474
2018-11-10,0.9727556659625128,0.0,3.0,7.0,3.0,13.0,0.2307692307692307,0.5384615384615384,0.2307692307692307,0.680928966173759,0.0,2.6390573296152584,0.3605420643647034,-0.08115763447485524,0.10615500399876947
2018-11-11,0.9078127475161302,0.0,5.0,9.0,5.0,19.0,0.2631578947368421,0.4736842105263157,0.2631578947368421,0.6354689232612911,0.0,2.995732273553991,0.15741282839168955,-0.08115763447485524,0.36771172470511354
2018-11-12,0.9550467928250632,-0.1111111111111111,6.0,4.0,8.0,18.0,0.3333333333333333,0.2222222222222222,0.4444444444444444,0.6351994216442108,-0.1111111111111111,2.9444389791664403,0.15620861356777446,-0.4385322509400459,0.33009734751876035
2018-11-13,0.9534697093461688,-0.3157894736842105,2.0,9.0,8.0,19.0,0.1052631578947368,0.4736842105263157,0.4210526315789473,0.572691954437055,-0.3157894736842105,2.995732273553991,-0.12309367571615139,-1.0968539128496078,0.36771172470511354
2018-11-14,0.9711872696876526,-0.52,1.0,10.0,14.0,25.0,0.04,0.4,0.56,0.5238310887813568,-0.52,3.258096538021482,-0.34141881739568136,-1.7536708395319476,0.5601085773879774
2018-11-15,0.9016227827352636,-0.3529411764705882,1.0,9.0,7.0,17.0,0.0588235294117647,0.5294117647058824,0.4117647058823529,0.5252535949735081,-0.3529411764705882,2.8903717578961645,-0.33506262902747075,-1.216347592658402,0.2904487954309894
2018-11-16,0.9382405596620896,-0.2941176470588235,4.0,4.0,9.0,17.0,0.2352941176470588,0.2352941176470588,0.5294117647058824,0.5685330976458156,-0.2941176470588236,2.8903717578961645,-0.1416767070641915,-1.027149266294478,0.2904487954309894
2018-11-17,0.9639559427897136,-0.2666666666666666,1.0,9.0,5.0,15.0,0.0666666666666666,0.6,0.3333333333333333,0.5947691599527996,-0.2666666666666667,2.772588722239781,-0.024446037009183255,-0.9388567139913131,0.20407618898736474
2018-11-18,0.9485103567441304,-0.0666666666666666,2.0,10.0,3.0,15.0,0.1333333333333333,0.6666666666666666,0.2,0.6439572497208912,-0.06666666666666671,2.772588722239781,0.19534124108034528,-0.29558240435396976,0.20407618898736474
2018-11-19,0.9859814069100789,-0.5,3.0,8.0,17.0,28.0,0.1071428571428571,0.2857142857142857,0.6071428571428571,0.5401869848370552,-0.5,3.367295829986474,-0.26833572163518743,-1.6893434085682133,0.6401865564980662
2018-11-20,0.9398191052098428,-0.5161290322580645,2.0,11.0,18.0,31.0,0.064516129032258,0.3548387096774194,0.5806451612903226,0.5030346639694706,-0.5161290322580646,3.4657359027997265,-0.4343435401273022,-1.741220369022838,0.7123745895199507
2018-11-21,0.9326655722799756,-0.3809523809523809,3.0,7.0,11.0,21.0,0.1428571428571428,0.3333333333333333,0.5238095238095238,0.5385801863102687,-0.38095238095238104,3.091042453358316,-0.2755153839539659,-1.3064420337840807,0.43760454589480013
2018-11-22,0.8956407176123725,-0.3333333333333333,2.0,8.0,8.0,18.0,0.1111111111111111,0.4444444444444444,0.4444444444444444,0.5269485023286608,-0.3333333333333333,2.9444389791664403,-0.3274892697862551,-1.1532814838704273,0.33009734751876035
2018-11-23,0.9198465176991054,-0.3333333333333333,1.0,12.0,8.0,21.0,0.0476190476190476,0.5714285714285714,0.3809523809523809,0.5438925623893738,-0.33333333333333326,3.091042453358316,-0.25177807916902095,-1.153281483870427,0.43760454589480013
2018-11-24,0.9221759647130966,-0.25,3.0,9.0,8.0,20.0,0.15,0.45,0.4,0.5705231752991676,-0.25,3.044522437723423,-0.13278443755994304,-0.8852505215215343,0.403490507486875
2018-11-25,0.9522815545399984,-0.0555555555555555,4.0,9.0,5.0,18.0,0.2222222222222222,0.5,0.2777777777777778,0.6499304215113323,-0.05555555555555558,2.9444389791664403,0.22203118117706025,-0.2598449427074506,0.33009734751876035
2018-11-26,0.9594684896014986,-0.2857142857142857,4.0,7.0,10.0,21.0,0.1904761904761904,0.3333333333333333,0.4761904761904761,0.5859136570067632,-0.2857142857142857,3.091042453358316,-0.06401510541170756,-1.000120933956774,0.43760454589480013
2018-11-27,0.9773417976167468,-0.037037037037037,6.0,14.0,7.0,27.0,0.2222222222222222,0.5185185185185185,0.2592592592592592,0.6730281472206117,-0.03703703703703698,3.332204510175204,0.32523881309844105,-0.20028250662991862,0.6144534045313554
2018-11-28,0.9585064152876536,0.25,10.0,10.0,4.0,24.0,0.4166666666666667,0.4166666666666667,0.1666666666666666,0.7459544907013574,0.2500000000000001,3.2188758248682006,0.6510957961653605,0.7229352525718241,0.5313472604228624
2018-11-29,0.9188955982526144,0.0666666666666666,3.0,10.0,2.0,15.0,0.2,0.6666666666666666,0.1333333333333333,0.66322691877683,0.06666666666666671,2.772588722239781,0.28144395682838014,0.1332671354042593,0.20407618898736474
2018-11-30,0.9715478284792468,-0.0909090909090909,3.0,14.0,5.0,22.0,0.1363636363636363,0.6363636363636364,0.2272727272727272,0.6528107526627455,-0.09090909090909091,3.1354942159291497,0.2349013728586296,-0.37355504794637484,0.4702018938308565
2018-12-01,0.873227171599865,0.125,5.0,8.0,3.0,16.0,0.3125,0.5,0.1875,0.6487590201199054,0.125,2.833213344056216,0.21679700508716013,0.32088880904848427,0.24853341130094786
2018-12-02,0.9281616330146788,0.1,3.0,5.0,2.0,10.0,0.3,0.5,0.2,0.6797131431102752,0.09999999999999998,2.3978952727983707,0.3551093987942075,0.2404795203438163,-0.07069385463778585
2018-12-03,0.9297456060137068,-0.1904761904761904,4.0,9.0,8.0,21.0,0.1904761904761904,0.4285714285714285,0.3809523809523809,0.5936790670667376,-0.19047619047619047,3.091042453358316,-0.02931690207879497,-0.6937998341294678,0.43760454589480013
2018-12-04,0.9594709915774208,0.1428571428571428,8.0,16.0,4.0,28.0,0.2857142857142857,0.5714285714285714,0.1428571428571428,0.7144868369613373,0.1428571428571429,3.367295829986474,0.5104887915837485,0.3783240152661044,0.6401865564980662
2018-12-05,0.9620771616697312,-0.25,3.0,9.0,8.0,20.0,0.15,0.45,0.4,0.5984540131688119,-0.25,3.044522437723423,-0.007980997152478695,-0.8852505215215343,0.403490507486875
2018-12-06,0.9482170694014606,-0.0588235294117647,3.0,10.0,4.0,17.0,0.1764705882352941,0.5882352941176471,0.2352941176470588,0.6461048897574929,-0.05882352941176469,2.8903717578961645,0.20493754701916608,-0.27035596083877966,0.2904487954309894
2018-12-07,0.9226039052009584,-0.0434782608695652,7.0,8.0,8.0,23.0,0.3043478260869565,0.3478260869565217,0.3478260869565217,0.6327792553798012,-0.04347826086956519,3.1780538303479458,0.1453945779285259,-0.2209998757003645,0.5014116924754702
2018-12-08,0.9788895428180696,-0.4,1.0,4.0,5.0,10.0,0.1,0.4,0.5,0.5652226799726487,-0.4,2.3978952727983707,-0.15646865554511832,-1.3677062537495417,-0.07069385463778585
2018-12-09,0.9803682698143852,0.0555555555555555,7.0,5.0,6.0,18.0,0.3888888888888889,0.2777777777777778,0.3333333333333333,0.7029244555367362,0.05555555555555558,2.9444389791664403,0.4588245705593631,0.09752967375774017,0.33009734751876035
2018-12-10,0.9468386173248292,0.1071428571428571,10.0,11.0,7.0,28.0,0.3571428571428571,0.3928571428571428,0.25,0.6949298892702376,0.1071428571428571,3.367295829986474,0.4231024279125483,0.2634536028308642,0.6401865564980662
2018-12-11,0.9679111465811728,-0.375,2.0,11.0,11.0,24.0,0.0833333333333333,0.4583333333333333,0.4583333333333333,0.565037802606821,-0.375,3.2188758248682006,-0.15729474359218856,-1.2872969650448738,0.5313472604228624
2018-12-12,0.9757317510934976,-0.1538461538461538,5.0,12.0,9.0,26.0,0.1923076923076923,0.4615384615384615,0.3461538461538461,0.6368583796116022,-0.1538461538461538,3.295836866004329,0.16362134005983697,-0.5759840265035806,0.5877842989190949
2018-12-13,0.9732029925693164,0.0454545454545454,8.0,7.0,7.0,22.0,0.3636363636363636,0.3181818181818182,0.3181818181818182,0.6948784584348852,0.045454545454545414,3.1354942159291497,0.422872619368137,0.06504107226090446,0.4702018938308565
2018-12-14,0.9293168306350708,-0.35,3.0,7.0,10.0,20.0,0.15,0.35,0.5,0.5455217814445495,-0.35,3.044522437723423,-0.2444982351409863,-1.2068876763402059,0.403490507486875
2018-12-15,0.9647195378939312,-0.2,3.0,6.0,6.0,15.0,0.2,0.4,0.4,0.6153036765257518,-0.2,2.772588722239781,0.06730840041117823,-0.7244319441121985,0.20407618898736474
2018-12-16,0.9392879684766132,-0.1333333333333333,7.0,12.0,11.0,30.0,0.2333333333333333,0.4,0.3666666666666666,0.6175015779336291,-0.13333333333333328,3.4339872044851463,0.0771292893748288,-0.5100071742330838,0.6890926473511084
2018-12-17,0.9301824082027782,-0.2121212121212121,7.0,12.0,14.0,33.0,0.2121212121212121,0.3636363636363636,0.4242424242424242,0.5874913221055811,-0.2121212121212121,3.5263605246161616,-0.056965620070014954,-0.763418265908401,0.7568318118335339
2018-12-18,0.891789670648246,-0.0344827586206896,9.0,10.0,10.0,29.0,0.3103448275862069,0.3448275862068966,0.3448275862068966,0.6139079418675653,-0.03448275862068967,3.4011973816621555,0.06107183536251807,-0.1920669982054317,0.665047228193219
2018-12-19,0.913812381880624,0.25,12.0,11.0,5.0,28.0,0.4285714285714285,0.3928571428571428,0.1785714285714285,0.7146686673164367,0.25,3.367295829986474,0.511301264664321,0.7229352525718238,0.6401865564980662
2018-12-20,0.9447851802991784,-0.1739130434782608,3.0,13.0,7.0,23.0,0.1304347826086956,0.5652173913043478,0.3043478260869565,0.6091757131659465,-0.1739130434782609,3.1780538303479458,0.03992680471526932,-0.6405265993768928,0.5014116924754702
2018-12-21,0.923121910293897,-0.0666666666666666,8.0,12.0,10.0,30.0,0.2666666666666666,0.4,0.3333333333333333,0.6261853372057279,-0.06666666666666671,3.4339872044851463,0.11593095504222348,-0.29558240435396976,0.6890926473511084
2018-12-22,0.925113300482432,0.1666666666666666,5.0,4.0,3.0,12.0,0.4166666666666667,0.3333333333333333,0.25,0.6975793103377023,0.16666666666666669,2.5649493574615367,0.43494084342485106,0.45490429022293083,0.05181017685539133
2018-12-23,0.935858700586402,0.0,6.0,11.0,6.0,23.0,0.2608695652173913,0.4782608695652174,0.2608695652173913,0.6551010904104814,0.0,3.1780538303479458,0.24513529537633477,-0.08115763447485524,0.5014116924754702
2018-12-24,0.913903926548205,0.1578947368421052,9.0,4.0,6.0,19.0,0.4736842105263157,0.2105263157894736,0.3157894736842105,0.6871011696363749,0.1578947368421052,2.995732273553991,0.38812133823484113,0.4266905047125208,0.36771172470511354
2018-12-25,0.9082925468683244,0.1666666666666666,5.0,4.0,3.0,12.0,0.4166666666666667,0.3333333333333333,0.25,0.685804782807827,0.16666666666666669,2.5649493574615367,0.3823286893692106,0.45490429022293083,0.05181017685539133
2018-12-26,0.9013631906774308,-0.1666666666666666,5.0,5.0,8.0,18.0,0.2777777777777778,0.2777777777777778,0.4444444444444444,0.5809542334742016,-0.16666666666666663,2.9444389791664403,-0.08617531135290207,-0.6172195591726412,0.33009734751876035
2018-12-27,0.9430032193660736,-0.1,8.0,11.0,11.0,30.0,0.2666666666666666,0.3666666666666666,0.3666666666666666,0.6301022535562514,-0.09999999999999998,3.4339872044851463,0.13343292324722555,-0.40279478929352674,0.6890926473511084
2018-12-28,0.90307860918667,-0.1739130434782608,5.0,9.0,9.0,23.0,0.217391304347826,0.391304347826087,0.391304347826087,0.5799811133871907,-0.17391304347826098,3.1780538303479458,-0.0905235065397197,-0.6405265993768932,0.5014116924754702
2018-12-29,0.8770542124907176,-0.1333333333333333,4.0,5.0,6.0,15.0,0.2666666666666666,0.3333333333333333,0.4,0.5739379487435022,-0.13333333333333341,2.772588722239781,-0.11752619589694654,-0.5100071742330843,0.20407618898736474
2018-12-30,0.894935029524344,-0.3333333333333333,6.0,6.0,15.0,27.0,0.2222222222222222,0.2222222222222222,0.5555555555555556,0.5264545206670408,-0.33333333333333337,3.332204510175204,-0.3296965294164923,-1.1532814838704275,0.6144534045313554
2018-12-31,0.962684471864958,-0.1081081081081081,8.0,17.0,12.0,37.0,0.2162162162162162,0.4594594594594595,0.3243243243243243,0.6414466978730381,-0.10810810810810809,3.6375861597263857,0.18412333528762606,-0.42887347752206767,0.8383957480513464
2019-01-01,0.8962684909502665,-0.5333333333333333,0.0,7.0,8.0,15.0,0.0,0.4666666666666667,0.5333333333333333,0.46738794366518643,-0.5333333333333333,2.772588722239781,-0.593623879441876,-1.7965557935077705,0.20407618898736474
2019-01-02,0.9447839030852684,0.1923076923076923,13.0,5.0,8.0,26.0,0.5,0.1923076923076923,0.3076923076923077,0.7190410398519955,0.1923076923076923,3.295836866004329,0.5308383490055648,0.5373753555610516,0.5877842989190949
2019-01-03,0.9569131395091182,-0.0869565217391304,4.0,13.0,6.0,23.0,0.1739130434782608,0.5652173913043478,0.2608695652173913,0.6437522411346436,-0.08695652173913049,3.1780538303479458,0.19442520064517524,-0.36084211692587415,0.5014116924754702
2019-01-04,0.9450935833156108,-0.4375,2.0,5.0,9.0,16.0,0.125,0.3125,0.5625,0.5303155083209276,-0.4375,2.833213344056216,-0.31244446756196725,-1.4883201868065437,0.24853341130094786
2019-01-05,0.9790948271751404,-0.2,1.0,2.0,2.0,5.0,0.2,0.4,0.4,0.6253663790225983,-0.2,1.791759469228055,0.11227160191857433,-0.7244319441121985,-0.5151851085897018
2019-01-06,0.9790193268230984,0.0,2.0,3.0,2.0,7.0,0.2857142857142857,0.4285714285714285,0.2857142857142857,0.6853135287761689,0.0,2.0794415416798357,0.38013361761550585,-0.08115763447485524,-0.3042222115452213
2019-01-07,0.9923702031373978,0.375,5.0,1.0,2.0,8.0,0.625,0.125,0.25,0.8071591421961783,0.375,2.1972245773362196,0.9245767103843796,1.1249816960951633,-0.2178496051015963
2019-01-08,0.8067766743547776,-0.0588235294117647,5.0,6.0,6.0,17.0,0.2941176470588235,0.3529411764705882,0.3529411764705882,0.5470966132248148,-0.05882352941176472,2.8903717578961645,-0.23746140992444922,-0.2703559608387797,0.2904487954309894
2019-01-09,0.9703408738841182,-0.0434782608695652,4.0,14.0,5.0,23.0,0.1739130434782608,0.6086956521739131,0.217391304347826,0.6661951334580131,-0.04347826086956519,3.1780538303479458,0.29470683873004305,-0.2209998757003645,0.5014116924754702
2019-01-10,0.922314926981926,-0.35,2.0,9.0,9.0,20.0,0.1,0.45,0.45,0.5406204488873482,-0.35,3.044522437723423,-0.26639887301567955,-1.2068876763402059,0.403490507486875
2019-01-11,0.9314757989298912,-0.1935483870967742,4.0,17.0,10.0,31.0,0.1290322580645161,0.5483870967741935,0.3225806451612903,0.5939685431218915,-0.19354838709677422,3.4657359027997265,-0.02802343541777304,-0.7036811599303487,0.7123745895199507
2019-01-12,0.915396735072136,-0.5,0.0,6.0,6.0,12.0,0.0,0.5,0.5,0.4907777145504951,-0.5,2.5649493574615367,-0.4891113012495322,-1.6893434085682133,0.05181017685539133
2019-01-13,0.9859289526939392,-0.4736842105263157,1.0,8.0,10.0,19.0,0.0526315789473684,0.4210526315789473,0.5263157894736842,0.5480450037278627,-0.47368421052631576,2.995732273553991,-0.23322371400631942,-1.604702052036984,0.36771172470511354
2019-01-14,0.9537172364561182,-0.1842105263157894,5.0,21.0,12.0,38.0,0.131578947368421,0.5526315789473685,0.3157894736842105,0.6123389076245459,-0.18421052631578952,3.6635616461296463,0.05406091529775487,-0.6736471301934609,0.8574440808760825
2019-01-15,0.9143305875006176,-0.238095238095238,2.0,12.0,7.0,21.0,0.0952380952380952,0.5714285714285714,0.3333333333333333,0.5686028398218609,-0.2380952380952381,3.091042453358316,-0.14136507790531785,-0.846960384043121,0.43760454589480013
2019-01-16,0.9707525755677904,-0.1428571428571428,3.0,6.0,5.0,14.0,0.2142857142857142,0.4285714285714285,0.3571428571428571,0.6366696600403104,-0.1428571428571429,2.70805020110221,0.1627780838754234,-0.5406392842158148,0.15674882766063303
2019-01-17,0.9691315591335296,0.1071428571428571,11.0,9.0,8.0,28.0,0.3928571428571428,0.3214285714285714,0.2857142857142857,0.7105349485363278,0.1071428571428571,3.367295829986474,0.492830557561215,0.2634536028308642,0.6401865564980662
2019-01-18,0.8738011526209968,0.0,8.0,12.0,8.0,28.0,0.2857142857142857,0.4285714285714285,0.2857142857142857,0.6116608068346977,0.0,3.367295829986474,0.05103095565561856,-0.08115763447485524,0.6401865564980662
2019-01-19,0.916189615543072,-0.0769230769230769,3.0,6.0,4.0,13.0,0.2307692307692307,0.4615384615384615,0.3076923076923077,0.6182558078032272,-0.07692307692307701,2.6390573296152584,0.0804994167953962,-0.32857083048921826,0.10615500399876947
2019-01-20,0.940911327089582,0.0,6.0,9.0,6.0,21.0,0.2857142857142857,0.4285714285714285,0.2857142857142857,0.6586379289627073,0.0,3.091042453358316,0.26093896089985597,-0.08115763447485524,0.43760454589480013
2019-01-21,0.9599245519473636,-0.2413793103448276,5.0,12.0,12.0,29.0,0.1724137931034483,0.4137931034482758,0.4137931034482758,0.5995333932597061,-0.2413793103448275,3.4011973816621555,-0.0031580000952607873,-0.85752318058889,0.665047228193219
2019-01-22,0.9099306892603636,-0.28125,4.0,15.0,13.0,32.0,0.125,0.46875,0.40625,0.5525764824822544,-0.28125,3.4965075614664802,-0.2129756949056799,-0.9857621324023692,0.7349400493829054
2019-01-23,0.920991144397042,0.0909090909090909,6.0,24.0,3.0,33.0,0.1818181818181818,0.7272727272727273,0.0909090909090909,0.6719665283506566,0.0909090909090909,3.5263605246161616,0.3204951785540628,0.21123977899666435,0.7568318118335339
2019-01-24,0.946636438369751,-0.15625,5.0,17.0,10.0,32.0,0.15625,0.53125,0.3125,0.6157705068588256,-0.15625,3.4965075614664802,0.06939433968468264,-0.5837156888790296,0.7349400493829054
2019-01-25,0.9235582316623014,-0.1176470588235294,3.0,9.0,5.0,17.0,0.1764705882352941,0.5294117647058824,0.2941176470588235,0.6111966445165522,-0.11764705882352938,2.8903717578961645,0.04895693788062654,-0.4595542872027041,0.2904487954309894
2019-01-26,0.9271915209920782,-0.3684210526315789,1.0,10.0,8.0,19.0,0.0526315789473684,0.5263157894736842,0.4210526315789473,0.538507748904981,-0.36842105263157887,2.995732273553991,-0.27583905621314736,-1.2661366259120663,0.36771172470511354
2019-01-27,0.9392134507497152,-0.0666666666666666,4.0,6.0,5.0,15.0,0.2666666666666666,0.4,0.3333333333333333,0.6374494155248006,-0.06666666666666671,2.772588722239781,0.16626226747188924,-0.29558240435396976,0.20407618898736474
2019-01-28,0.9315378098260788,-0.3333333333333333,2.0,10.0,9.0,21.0,0.0952380952380952,0.4761904761904761,0.4285714285714285,0.5520764668782552,-0.33333333333333326,3.091042453358316,-0.2152099160174048,-1.153281483870427,0.43760454589480013
2019-01-29,0.9596255992849668,-0.25,0.0,18.0,6.0,24.0,0.0,0.75,0.25,0.5967379194994767,-0.25,3.2188758248682006,-0.015649023260183144,-0.8852505215215343,0.5313472604228624
2019-01-30,0.9545243821646038,0.0,5.0,9.0,5.0,19.0,0.2631578947368421,0.4736842105263157,0.2631578947368421,0.6681670675152226,0.0,2.995732273553991,0.30351803715326936,-0.08115763447485524,0.36771172470511354
2019-01-31,0.9517804756760596,0.3125,7.0,7.0,2.0,16.0,0.4375,0.4375,0.125,0.7599963329732417,0.3125,2.833213344056216,0.7138389989782891,0.9239584743334934,0.24853341130094786
2019-02-01,0.9447241980921138,0.0,4.0,14.0,4.0,22.0,0.1818181818181818,0.6363636363636364,0.1818181818181818,0.6613069386644796,0.0,3.1354942159291497,0.2728649043612265,-0.08115763447485524,0.4702018938308565
2019-02-02,0.9392629265785216,0.0,4.0,3.0,4.0,11.0,0.3636363636363636,0.2727272727272727,0.3636363636363636,0.6574840486049651,0.0,2.4849066497880004,0.2557830740934191,-0.08115763447485524,-0.006886708057115773
2019-02-03,0.9523138105869292,-0.15,5.0,7.0,8.0,20.0,0.25,0.35,0.4,0.6216196674108504,-0.15000000000000002,3.044522437723423,0.09553016002044452,-0.5636133667028627,0.403490507486875
2019-02-04,0.9097492175717508,-0.032258064516129,8.0,14.0,9.0,31.0,0.2580645161290322,0.4516129032258064,0.2903225806451613,0.6271470329453868,-0.032258064516129115,3.4657359027997265,0.12022810278604651,-0.18491155538410442,0.7123745895199507
2019-02-05,0.9005692968001733,-0.1538461538461538,4.0,14.0,8.0,26.0,0.1538461538461538,0.5384615384615384,0.3076923076923077,0.5842446616062752,-0.1538461538461539,3.295836866004329,-0.07147268219394656,-0.5759840265035809,0.5877842989190949
2019-02-06,0.9402249819702572,-0.25,5.0,17.0,14.0,36.0,0.1388888888888889,0.4722222222222222,0.3888888888888889,0.58315748737918,-0.25,3.6109179126442243,-0.0763305058115926,-0.8852505215215343,0.8188394002553128
2019-02-07,0.9721726528529464,-0.2068965517241379,3.0,17.0,9.0,29.0,0.1034482758620689,0.5862068965517241,0.3103448275862069,0.618451891479821,-0.206896551724138,3.4011973816621555,0.08137557803197885,-0.746613816858314,0.665047228193219
2019-02-08,0.9661088759700456,0.0416666666666666,7.0,11.0,6.0,24.0,0.2916666666666667,0.4583333333333333,0.25,0.6887762131790318,0.041666666666666685,3.2188758248682006,0.3956059399475269,0.05285784669959132,0.5313472604228624
2019-02-09,0.9753999219221228,0.1764705882352941,6.0,8.0,3.0,17.0,0.3529411764705882,0.4705882352941176,0.1764705882352941,0.7357211218160742,0.1764705882352941,2.8903717578961645,0.6053700055606293,0.4864373446169181,0.2904487954309894
2019-02-10,0.9091709388626946,0.0,5.0,8.0,5.0,18.0,0.2777777777777778,0.4444444444444444,0.2777777777777778,0.6364196572038862,0.0,2.9444389791664403,0.16166099550725502,-0.08115763447485524,0.33009734751876035
2019-02-11,0.968502986815668,-0.064516129032258,8.0,13.0,10.0,31.0,0.2580645161290322,0.4193548387096774,0.3225806451612903,0.6585972520612903,-0.06451612903225812,3.4657359027997265,0.260757204188308,-0.2886654762933532,0.7123745895199507
2019-02-12,0.9271126029820278,0.0344827586206896,6.0,18.0,5.0,29.0,0.2068965517241379,0.6206896551724138,0.1724137931034483,0.6593236496736263,0.03448275862068961,3.4011973816621555,0.2640029686564708,0.02975172925572104,0.665047228193219
2019-02-13,0.9203373382488886,-0.1333333333333333,6.0,14.0,10.0,30.0,0.2,0.4666666666666667,0.3333333333333333,0.6042361367742219,-0.1333333333333333,3.4339872044851463,0.01785528180858571,-0.510007174233084,0.6890926473511084
2019-02-14,0.9523789157038148,0.0,4.0,15.0,4.0,23.0,0.1739130434782608,0.6521739130434783,0.1739130434782608,0.6666652409926703,0.0,3.1780538303479458,0.29680742153248246,-0.08115763447485524,0.5014116924754702
2019-02-15,0.9574181846209936,0.0285714285714285,6.0,24.0,5.0,35.0,0.1714285714285714,0.6857142857142857,0.1428571428571428,0.6787641578061241,0.02857142857142861,3.58351893845611,0.35086904512465644,0.010738695473336767,0.7987471959635755
2019-02-16,0.9802580960094928,-0.125,2.0,10.0,4.0,16.0,0.125,0.625,0.25,0.648680667206645,-0.125,2.833213344056216,0.21644690054727897,-0.4832040779981947,0.24853341130094786
2019-02-17,0.9836819360130712,0.1578947368421052,6.0,10.0,3.0,19.0,0.3157894736842105,0.5263157894736842,0.1578947368421052,0.7359457762617814,0.1578947368421053,2.995732273553991,0.6063738296441724,0.4266905047125211,0.36771172470511354
2019-02-18,0.9211285838059016,0.3214285714285714,12.0,13.0,3.0,28.0,0.4285714285714285,0.4642857142857143,0.1071428571428571,0.7412185800927025,0.3214285714285714,3.367295829986474,0.6299343136426782,0.9526760774423033,0.6401865564980662
2019-02-19,0.9631356946353254,0.0689655172413793,8.0,15.0,6.0,29.0,0.2758620689655172,0.5172413793103449,0.2068965517241379,0.6948846414171416,0.06896551724137928,3.4011973816621555,0.4229002468049214,0.1406610929862975,0.665047228193219
2019-02-20,0.9353686849276224,0.1,7.0,19.0,4.0,30.0,0.2333333333333333,0.6333333333333333,0.1333333333333333,0.6847580794493356,0.1,3.4339872044851463,0.37765170184612096,0.2404795203438164,0.6890926473511084
2019-02-21,0.9844448044896126,0.03125,9.0,15.0,8.0,32.0,0.28125,0.46875,0.25,0.6984863631427288,0.03125,3.4965075614664802,0.43899382999213155,0.019353976405979637,0.7349400493829054
2019-02-22,0.9739089757204056,0.1428571428571428,6.0,20.0,2.0,28.0,0.2142857142857142,0.7142857142857143,0.0714285714285714,0.7245934258614267,0.1428571428571428,3.367295829986474,0.5556480908286128,0.378324015266104,0.6401865564980662
2019-02-23,0.9237701405178416,0.4545454545454545,6.0,4.0,1.0,11.0,0.5454545454545454,0.3636363636363636,0.0909090909090909,0.7830027347261254,0.45454545454545453,2.4849066497880004,0.8166385678117313,1.3808294328827428,-0.006886708057115773
2019-02-24,0.9522932382190928,0.2352941176470588,8.0,5.0,4.0,17.0,0.4705882352941176,0.2941176470588235,0.2352941176470588,0.7371935020474826,0.2352941176470588,2.8903717578961645,0.6119490462369356,0.6756356709808425,0.2904487954309894
2019-02-25,0.9341800090144662,-0.0588235294117647,7.0,18.0,9.0,34.0,0.2058823529411764,0.5294117647058824,0.2647058823529412,0.6362789474865969,-0.058823529411764774,3.5553480614894135,0.16103226188678774,-0.2703559608387799,0.7780889402491042
2019-02-26,0.9558991662093572,0.0,7.0,14.0,7.0,28.0,0.25,0.5,0.25,0.66912941634655,0.0,3.367295829986474,0.30781810310840824,-0.08115763447485524,0.6401865564980662
2019-02-27,0.9647806478398188,0.1071428571428571,7.0,17.0,4.0,28.0,0.25,0.6071428571428571,0.1428571428571428,0.7074893106307303,0.1071428571428572,3.367295829986474,0.4792217252509225,0.26345360283086455,0.6401865564980662
2019-02-28,0.956339155926424,0.0,9.0,16.0,9.0,34.0,0.2647058823529412,0.4705882352941176,0.2647058823529412,0.6694374091484968,0.0,3.5553480614894135,0.30919430820053956,-0.08115763447485524,0.7780889402491042
2019-03-01,0.9515147644120294,-0.081081081081081,3.0,28.0,6.0,37.0,0.081081081081081,0.7567567567567568,0.1621621621621621,0.6417360107640963,-0.08108108108108109,3.6375861597263857,0.1854160728820657,-0.34194451676026466,0.8383957480513464
2019-03-02,0.915458271377965,0.2631578947368421,6.0,12.0,1.0,19.0,0.3157894736842105,0.631578947368421,0.0526315789473684,0.7197681583856281,0.2631578947368421,2.995732273553991,0.5340873347683588,0.7652559308374384,0.36771172470511354
2019-03-03,0.8605399790563082,0.0,4.0,11.0,4.0,19.0,0.2105263157894736,0.5789473684210527,0.2105263157894736,0.6023779853394157,0.0,2.995732273553991,0.00955249859297989,-0.08115763447485524,0.36771172470511354
2019-03-04,0.9388887286186218,-0.2444444444444444,5.0,24.0,16.0,45.0,0.1111111111111111,0.5333333333333333,0.3555555555555555,0.5838887766997019,-0.2444444444444444,3.828641396489095,-0.07306288371016081,-0.8673817906982747,0.9785002943634425
2019-03-05,0.9513195978270635,0.0666666666666666,10.0,28.0,7.0,45.0,0.2222222222222222,0.6222222222222222,0.1555555555555555,0.6859237184789445,0.06666666666666671,3.828641396489095,0.38286012995870944,0.1332671354042593,0.9785002943634425
2019-03-06,0.9246477019041776,0.03125,7.0,19.0,6.0,32.0,0.21875,0.59375,0.1875,0.6566283913329243,0.03125,3.4965075614664802,0.25195973832888685,0.019353976405979637,0.7349400493829054
2019-03-07,0.9550163427988688,-0.0666666666666666,7.0,14.0,9.0,30.0,0.2333333333333333,0.4666666666666667,0.3,0.6485114399592081,-0.06666666666666668,3.4339872044851463,0.21569074196766982,-0.29558240435396965,0.6890926473511084
2019-03-08,0.9261904376925844,-0.0909090909090909,5.0,20.0,8.0,33.0,0.1515151515151515,0.6060606060606061,0.2424242424242424,0.6210605791120818,-0.09090909090909091,3.5263605246161616,0.0930319842226568,-0.37355504794637484,0.7568318118335339
2019-03-09,0.9442029529147676,0.0,2.0,5.0,2.0,9.0,0.2222222222222222,0.5555555555555556,0.2222222222222222,0.6609420670403373,0.0,2.302585092994046,0.27123454746994563,-0.08115763447485524,-0.14058667582747214
2019-03-10,0.8906996937898489,0.1538461538461538,5.0,5.0,3.0,13.0,0.3846153846153846,0.3846153846153846,0.2307692307692307,0.6696436318067404,0.15384615384615388,2.6390573296152584,0.3101157734769801,0.41366875755387045,0.10615500399876947
2019-03-11,0.9530070849827358,0.2142857142857142,4.0,9.0,1.0,14.0,0.2857142857142857,0.6428571428571429,0.0714285714285714,0.7313906737736293,0.2142857142857143,2.70805020110221,0.5860202525483766,0.608064840136584,0.15674882766063303
2019-03-12,0.9599844602977528,0.0588235294117647,2.0,14.0,1.0,17.0,0.1176470588235294,0.8235294117647058,0.0588235294117647,0.6896361810319563,0.0588235294117647,2.8903717578961645,0.3994485366925908,0.1080406918890692,0.2904487954309894
2019-03-13,0.9286726027727128,0.0,4.0,12.0,4.0,20.0,0.2,0.6,0.2,0.6500708219408989,0.0,3.044522437723423,0.22265853280633763,-0.08115763447485524,0.403490507486875
2019-03-14,0.948339662768624,0.1818181818181818,5.0,3.0,3.0,11.0,0.4545454545454545,0.2727272727272727,0.2727272727272727,0.7183832184834913,0.18181818181818177,2.4849066497880004,0.5278990039581288,0.503637192468184,-0.006886708057115773
2019-03-15,0.9690039038658144,0.0,0.0,5.0,0.0,5.0,0.0,1.0,0.0,0.67830273270607,0.0,1.791759469228055,0.3488072580688626,-0.08115763447485524,-0.5151851085897018
2019-03-16,0.991080904006958,0.2,1.0,4.0,0.0,5.0,0.2,0.8,0.0,0.7537566328048706,0.2,1.791759469228055,0.6859581293904101,0.562116675162488,-0.5151851085897018
2019-03-17,0.9696634146902297,0.1111111111111111,3.0,4.0,2.0,9.0,0.3333333333333333,0.4444444444444444,0.2222222222222222,0.712097723616494,0.1111111111111111,2.302585092994046,0.499813509791222,0.27621698199033545,-0.14058667582747214
2019-03-18,0.951912705714886,0.2307692307692307,4.0,8.0,1.0,13.0,0.3076923076923077,0.6153846153846154,0.0769230769230769,0.7355696632311893,0.2307692307692308,2.6390573296152584,0.6046932427452387,0.6610819535682332,0.10615500399876947
2019-03-19,0.9392216931218688,-0.0869565217391304,4.0,13.0,6.0,23.0,0.1739130434782608,0.5652173913043478,0.2608695652173913,0.631368228663569,-0.08695652173913049,3.1780538303479458,0.13908968333443955,-0.36084211692587415,0.5014116924754702
2019-03-20,0.9603863106324122,-0.1153846153846153,5.0,13.0,8.0,26.0,0.1923076923076923,0.5,0.3076923076923077,0.6376550328273038,-0.11538461538461542,3.295836866004329,0.16718102783559446,-0.45227742849639946,0.5877842989190949
2019-03-21,0.9513011762970373,-0.2631578947368421,0.0,14.0,5.0,19.0,0.0,0.7368421052631579,0.2631578947368421,0.5869634549868734,-0.2631578947368421,2.995732273553991,-0.0593242901822457,-0.927571199787149,0.36771172470511354
2019-03-22,0.8922073543071747,0.0555555555555555,4.0,11.0,3.0,18.0,0.2222222222222222,0.6111111111111112,0.1666666666666666,0.6412118146816889,0.05555555555555561,2.9444389791664403,0.18307380607152873,0.09752967375774027,0.33009734751876035
2019-03-23,0.9548550181918674,-0.2222222222222222,1.0,5.0,3.0,9.0,0.1111111111111111,0.5555555555555556,0.3333333333333333,0.6017318460676404,-0.2222222222222222,2.302585092994046,0.006665352690795285,-0.7959068674052365,-0.14058667582747214
2019-03-24,0.911723765043112,0.0769230769230769,4.0,6.0,3.0,13.0,0.3076923076923077,0.4615384615384615,0.2307692307692307,0.6612835586071015,0.07692307692307701,2.6390573296152584,0.2727604351859253,0.16625556153950782,0.10615500399876947
2019-03-25,0.9867205257926668,0.1071428571428571,8.0,15.0,5.0,28.0,0.2857142857142857,0.5357142857142857,0.1785714285714285,0.7228472251977238,0.1071428571428572,3.367295829986474,0.5478455375543778,0.26345360283086455,0.6401865564980662
2019-03-26,0.9548182112830026,0.0,8.0,19.0,8.0,35.0,0.2285714285714285,0.5428571428571428,0.2285714285714285,0.6683727478981017,0.0,3.58351893845611,0.30443707937919345,-0.08115763447485524,0.7987471959635755
2019-03-27,0.9259470224380492,-0.0285714285714285,9.0,16.0,10.0,35.0,0.2571428571428571,0.4571428571428571,0.2857142857142857,0.6395914871352059,-0.02857142857142858,3.58351893845611,0.17583369199647467,-0.17305396442304716,0.7987471959635755
2019-03-28,0.9798402670891054,-0.1612903225806451,4.0,18.0,9.0,31.0,0.1290322580645161,0.5806451612903226,0.2903225806451613,0.6375010901881802,-0.1612903225806452,3.4657359027997265,0.16649316551375157,-0.5999272390210999,0.7123745895199507
2019-03-29,0.9374656464372364,0.119047619047619,12.0,23.0,7.0,42.0,0.2857142857142857,0.5476190476190477,0.1666666666666666,0.6919402382203511,0.1190476190476191,3.7612001156935624,0.4097437618250862,0.3017437403092778,0.9290442825384422
2019-03-30,0.8958463026927068,0.0,3.0,7.0,3.0,13.0,0.2307692307692307,0.5384615384615384,0.2307692307692307,0.6270924118848947,0.0,2.6390573296152584,0.11998403934978566,-0.08115763447485524,0.10615500399876947
2019-03-31,0.9549250404040018,-0.3333333333333333,0.0,8.0,4.0,12.0,0.0,0.6666666666666666,0.3333333333333333,0.5684475282828013,-0.3333333333333333,2.5649493574615367,-0.14205905688654558,-1.1532814838704273,0.05181017685539133
2019-04-01,0.9449284690799136,0.0606060606060606,10.0,15.0,8.0,33.0,0.303030303030303,0.4545454545454545,0.2424242424242424,0.6796317465377576,0.06060606060606058,3.5263605246161616,0.3547456942632162,0.11377397450615777,0.7568318118335339
2019-04-02,0.949345858960316,0.2586206896551724,24.0,25.0,9.0,58.0,0.4137931034482758,0.4310344827586206,0.1551724137931034,0.7421283081687728,0.2586206896551724,4.07753744390572,0.633999254130992,0.7506625935044677,1.161020639751779
2019-04-03,0.960410414263606,0.34375,13.0,17.0,2.0,32.0,0.40625,0.53125,0.0625,0.7754122899845242,0.34375,3.4965075614664802,0.7827221624967251,1.0244700852143283,0.7349400493829054
2019-04-04,0.9541549072379156,0.1904761904761904,13.0,24.0,5.0,42.0,0.3095238095238095,0.5714285714285714,0.119047619047619,0.725051292209398,0.19047619047619047,3.7612001156935624,0.5576939763025937,0.5314845651797573,0.9290442825384422
2019-04-05,0.919514140662025,0.088235294117647,9.0,19.0,6.0,34.0,0.2647058823529412,0.5588235294117647,0.1764705882352941,0.6701304866987116,0.08823529411764708,3.5553480614894135,0.3122911885426071,0.20263985507103155,0.7780889402491042
2019-04-06,0.9058089454968772,0.0666666666666666,5.0,6.0,4.0,15.0,0.3333333333333333,0.4,0.2666666666666666,0.654066261847814,0.06666666666666671,2.772588722239781,0.24051136803639775,0.1332671354042593,0.20407618898736474
2019-04-07,0.9383035187537854,0.0769230769230769,7.0,14.0,5.0,26.0,0.2692307692307692,0.5384615384615384,0.1923076923076923,0.6798893862045728,0.07692307692307693,3.295836866004329,0.3558969063018254,0.16625556153950755,0.5877842989190949
2019-04-08,0.9527390948156031,0.0975609756097561,13.0,19.0,9.0,41.0,0.3170731707317073,0.4634146341463415,0.2195121951219512,0.696185659053849,0.09756097560975613,3.7376696182833684,0.42871358752350913,0.23263471168970254,0.911788908019461
2019-04-09,0.9503989773137228,0.0238095238095238,8.0,27.0,7.0,42.0,0.1904761904761904,0.6428571428571429,0.1666666666666666,0.672422141262463,0.023809523809523808,3.7612001156935624,0.322530994992971,-0.004577359518028671,0.9290442825384422
2019-04-10,0.9378068233147646,0.0769230769230769,10.0,22.0,7.0,39.0,0.2564102564102564,0.5641025641025641,0.1794871794871795,0.6795416993972583,0.0769230769230769,3.6888794541139363,0.35434333637529253,0.16625556153950746,0.8760101252376995
2019-04-11,0.9385929587410716,0.024390243902439,10.0,22.0,9.0,41.0,0.2439024390243902,0.5365853658536586,0.2195121951219512,0.6643321442894818,0.02439024390243902,3.7376696182833684,0.2863824390554013,-0.002709547933715843,0.911788908019461
2019-04-12,0.9265994545486238,-0.0555555555555555,7.0,20.0,9.0,36.0,0.1944444444444444,0.5555555555555556,0.25,0.63195295151737,-0.05555555555555561,3.6109179126442243,0.14170240208565688,-0.25984494270745073,0.8188394002553128
2019-04-13,0.9218275348345438,0.0833333333333333,2.0,9.0,1.0,12.0,0.1666666666666666,0.75,0.0833333333333333,0.6702792743841807,0.0833333333333333,2.5649493574615367,0.31295601697072206,0.18687332787403765,0.05181017685539133
2019-04-14,0.9470640392530532,0.238095238095238,6.0,14.0,1.0,21.0,0.2857142857142857,0.6666666666666666,0.0476190476190476,0.7343733989057085,0.23809523809523808,3.091042453358316,0.5993479715380696,0.6846451150934104,0.43760454589480013
2019-04-15,0.9736823101301452,-0.1081081081081081,2.0,29.0,6.0,37.0,0.054054054054054,0.7837837837837838,0.1621621621621621,0.6491451846586691,-0.10810810810810809,3.6375861597263857,0.21852250516796698,-0.42887347752206767,0.8383957480513464
2019-04-16,0.9548541045770412,-0.024390243902439,6.0,28.0,7.0,41.0,0.1463414634146341,0.6829268292682927,0.1707317073170731,0.6610808000331971,-0.02439024390243899,3.7376696182833684,0.271854448487156,-0.15960572101599454,0.911788908019461
2019-04-17,0.965180653333664,0.2,7.0,10.0,3.0,20.0,0.35,0.5,0.15,0.7356264573335647,0.19999999999999998,3.044522437723423,0.6049470159905806,0.562116675162488,0.403490507486875
2019-04-18,0.9185562999017776,0.1612903225806451,9.0,18.0,4.0,31.0,0.2903225806451613,0.5806451612903226,0.1290322580645161,0.6913765067054377,0.1612903225806452,3.4657359027997265,0.40722483873170606,0.43761197007138947,0.7123745895199507
2019-04-19,0.9458713390325244,0.0789473684210526,9.0,23.0,6.0,38.0,0.2368421052631578,0.6052631578947368,0.1578947368421052,0.6857941478490828,0.0789473684210526,3.6635616461296463,0.38228116915352417,0.17276643511883277,0.8574440808760825
2019-04-20,0.9835302670796712,0.1333333333333333,3.0,11.0,1.0,15.0,0.2,0.7333333333333333,0.0666666666666666,0.7284711869557698,0.13333333333333341,2.772588722239781,0.5729751014937031,0.34769190528337385,0.20407618898736474
2019-04-21,0.9817900797900032,0.0588235294117647,4.0,10.0,3.0,17.0,0.2352941176470588,0.5882352941176471,0.1764705882352941,0.7049001146765317,0.05882352941176469,2.8903717578961645,0.4676524137794515,0.10804069188906919,0.2904487954309894
2019-04-22,0.9395417695244154,0.0416666666666666,5.0,15.0,4.0,24.0,0.2083333333333333,0.625,0.1666666666666666,0.6701792386670907,0.041666666666666685,3.2188758248682006,0.31250902709828354,0.05285784669959132,0.5313472604228624
2019-04-23,0.9628649513895918,0.1951219512195122,13.0,23.0,5.0,41.0,0.3170731707317073,0.5609756097560976,0.1219512195121951,0.7325420513385679,0.1951219512195122,3.7376696182833684,0.5911649561187794,0.5464270578542602,0.911788908019461
2019-04-24,0.9546656109565912,0.0465116279069767,10.0,25.0,8.0,43.0,0.2325581395348837,0.5813953488372093,0.1860465116279069,0.6822194160417068,0.0465116279069768,3.784189633918261,0.36630818509279933,0.0684410421849922,0.9459029464273858
2019-04-25,0.9450682997703552,0.0217391304347826,10.0,27.0,9.0,46.0,0.217391304347826,0.5869565217391305,0.1956521739130435,0.6680695489696834,0.02173913043478251,3.8501476017100584,0.3030822947654604,-0.011236513862100856,0.9942712157808973
2019-04-26,0.9737497412023092,-0.0238095238095238,6.0,29.0,7.0,42.0,0.1428571428571428,0.6904761904761905,0.1666666666666666,0.6744819616987593,-0.023809523809523808,3.7612001156935624,0.33173489636790143,-0.1577379094316818,0.9290442825384422
2019-04-27,0.9373191281368858,0.1052631578947368,5.0,11.0,3.0,19.0,0.2631578947368421,0.5789473684210527,0.1578947368421052,0.687702337064241,0.10526315789473689,2.995732273553991,0.3908075363220147,0.25740779165006245,0.36771172470511354
2019-04-28,0.8958770823478699,-0.24,3.0,13.0,9.0,25.0,0.12,0.52,0.36,0.5551139576435089,-0.24,3.258096538021482,-0.2016374875969324,-0.8530868060396671,0.5601085773879774
2019-04-29,0.9386580235817852,-0.1176470588235294,6.0,18.0,10.0,34.0,0.1764705882352941,0.5294117647058824,0.2941176470588235,0.6217664988601908,-0.11764705882352938,3.5553480614894135,0.09618624739323355,-0.4595542872027041,0.7780889402491042
2019-04-30,0.9559970614386768,-0.073170731707317,6.0,26.0,9.0,41.0,0.1463414634146341,0.6341463414634146,0.2195121951219512,0.6472467234948786,-0.07317073170731708,3.7376696182833684,0.21003960587841417,-0.3165018940982735,0.911788908019461
2019-05-01,0.9375721135654964,0.1081081081081081,8.0,25.0,4.0,37.0,0.2162162162162162,0.6756756756756757,0.1081081081081081,0.6887329119282799,0.1081081081081081,3.6375861597263857,0.39541245684855914,0.26655820857235724,0.8383957480513464
2019-05-02,0.9797281384468078,0.16,6.0,17.0,2.0,25.0,0.24,0.68,0.08,0.7338096969127655,0.15999999999999998,3.258096538021482,0.5968291803577919,0.43346181323501926,0.5601085773879774
2019-05-03,0.951291915584118,-0.0212765957446808,11.0,24.0,12.0,47.0,0.2340425531914893,0.5106382978723404,0.2553191489361702,0.6595213621854783,-0.021276595744680882,3.871201010907891,0.26488640802216007,-0.14959107167031738,1.0097100930080563
2019-05-04,0.9273709813753764,0.0,4.0,7.0,4.0,15.0,0.2666666666666666,0.4666666666666667,0.2666666666666666,0.6491596869627635,0.0,2.772588722239781,0.21858730585361996,-0.08115763447485524,0.20407618898736474
2019-05-05,0.9512109518051148,0.15,7.0,9.0,4.0,20.0,0.35,0.45,0.2,0.7108476662635804,0.14999999999999997,3.044522437723423,0.4942278750502097,0.40129809775315206,0.403490507486875
2019-05-06,0.9550348542354724,-0.1481481481481481,5.0,36.0,13.0,54.0,0.0925925925925925,0.6666666666666666,0.2407407407407407,0.6240799535203863,-0.1481481481481482,4.007333185232471,0.1065234632750698,-0.5576571230951096,1.109538482145135
2019-05-07,0.9421515277138462,-0.1111111111111111,12.0,24.0,18.0,54.0,0.2222222222222222,0.4444444444444444,0.3333333333333333,0.626172736066359,-0.1111111111111111,4.007333185232471,0.11587464933619251,-0.4385322509400459,1.109538482145135
2019-05-08,0.942325196176205,-0.0188679245283018,12.0,28.0,13.0,53.0,0.2264150943396226,0.5283018867924528,0.2452830188679245,0.6539672599648529,-0.01886792452830191,3.9889840465642745,0.24006899764786785,-0.14184389010101978,1.096082699451681
2019-05-09,0.9676711115726204,0.1162790697674418,13.0,22.0,8.0,43.0,0.3023255813953488,0.5116279069767442,0.1860465116279069,0.7122534990310667,0.11627906976744193,3.784189633918261,0.500509561508693,0.29283905717476316,0.9459029464273858
2019-05-10,0.9772765614368296,0.0925925925925925,11.0,37.0,6.0,54.0,0.2037037037037037,0.6851851851851852,0.1111111111111111,0.7118713707835584,0.09259259259259259,4.007333185232471,0.49880209679931026,0.21665454591280367,1.109538482145135
2019-05-11,0.8953534054756165,0.12,7.0,14.0,4.0,25.0,0.28,0.56,0.16,0.6627473838329315,0.12000000000000002,3.258096538021482,0.27930124950705126,0.30480695130755076,0.5601085773879774
2019-05-12,0.9398014402389526,0.36,10.0,14.0,1.0,25.0,0.4,0.56,0.04,0.7658610081672668,0.36000000000000004,3.258096538021482,0.74004414343198,1.0767361228723626,0.5601085773879774
2019-05-13,0.952834082616342,0.1081081081081081,21.0,40.0,13.0,74.0,0.2837837837837837,0.5405405405405406,0.1756756756756756,0.6994162902638718,0.10810810810810811,4.31748811353631,0.443149025929629,0.26655820857235735,1.3369811644435536
2019-05-14,0.9288942235888856,0.1515151515151515,21.0,34.0,11.0,66.0,0.3181818181818182,0.5151515151515151,0.1666666666666666,0.6956805019667653,0.15151515151515157,4.204692619390966,0.42645639270864205,0.4061713879776777,1.2542660198547155
2019-05-15,0.936006568480229,0.2753623188405797,25.0,38.0,6.0,69.0,0.3623188405797101,0.5507246376811594,0.0869565217391304,0.7378132935883341,0.2753623188405797,4.248495242049359,0.614718462499875,0.8045098932867042,1.2863873407816906
2019-05-16,0.9333646641837224,0.0444444444444444,13.0,21.0,11.0,45.0,0.2888888888888888,0.4666666666666667,0.2444444444444444,0.6666885982619389,0.0444444444444444,3.828641396489095,0.29691178888361064,0.06179221211122088,0.9785002943634425
2019-05-17,0.9566568011668192,-0.1791044776119403,12.0,31.0,24.0,67.0,0.1791044776119403,0.4626865671641791,0.3582089552238806,0.6159284175331913,-0.1791044776119403,4.219507705176107,0.07009993238941549,-0.6572241804187446,1.2651302123661199
2019-05-18,0.9736065481390273,0.0,4.0,6.0,4.0,14.0,0.2857142857142857,0.4285714285714285,0.2857142857142857,0.681524583697319,0.0,2.70805020110221,0.3632034637990562,-0.08115763447485524,0.15674882766063303
2019-05-19,0.9351624498764672,-0.0416666666666666,5.0,13.0,6.0,24.0,0.2083333333333333,0.5416666666666666,0.25,0.6421137149135271,-0.04166666666666671,3.2188758248682006,0.1871037693817248,-0.21517311564930186,0.5313472604228624
2019-05-20,0.9267436715902068,0.1372549019607843,15.0,28.0,8.0,51.0,0.2941176470588235,0.5490196078431373,0.1568627450980392,0.6898970407013799,0.13725490196078427,3.9512437185814275,0.4006141366777956,0.3603051270409684,1.0684069779205634
2019-05-21,0.939192928019024,0.0793650793650793,16.0,36.0,11.0,63.0,0.2539682539682539,0.5714285714285714,0.1746031746031746,0.6812445734228406,0.0793650793650793,4.1588830833596715,0.3619522931121099,0.17410994871456648,1.2206729900525364
2019-05-22,0.9378433253454126,0.0144927536231884,15.0,40.0,14.0,69.0,0.217391304347826,0.5797101449275363,0.2028985507246377,0.6608381538287452,0.014492753623188304,4.248495242049359,0.2707702317780567,-0.034543554066352435,1.2863873407816906
2019-05-23,0.9284550213452542,-0.1515151515151515,9.0,38.0,19.0,66.0,0.1363636363636363,0.5757575757575758,0.2878787878787879,0.6044639694871324,-0.1515151515151516,4.204692619390966,0.018873307352298398,-0.5684866569273882,1.2542660198547155
2019-05-24,0.9214726392536948,0.0273972602739726,17.0,41.0,15.0,73.0,0.2328767123287671,0.5616438356164384,0.2054794520547945,0.6532500255597781,0.0273972602739726,4.30406509320417,0.23686417716415334,0.006962133968616428,1.3271378007878991
2019-05-25,0.9398173987865448,-0.0909090909090909,3.0,14.0,5.0,22.0,0.1363636363636363,0.6363636363636364,0.2272727272727272,0.630599451877854,-0.09090909090909091,3.1354942159291497,0.13565455588819508,-0.37355504794637484,0.4702018938308565
2019-05-26,0.9203723390897116,-0.0333333333333333,8.0,13.0,9.0,30.0,0.2666666666666666,0.4333333333333333,0.3,0.634260637362798,-0.03333333333333338,3.4339872044851463,0.15201384115644975,-0.1883700194144126,0.6890926473511084
2019-05-27,0.9346533194184304,0.3333333333333333,31.0,18.0,11.0,60.0,0.5166666666666667,0.3,0.1833333333333333,0.7542573235929012,0.3333333333333334,4.110873864173311,0.688195367428817,0.990966214920717,1.1854668895191234
2019-05-28,0.9177412295341492,0.04,29.0,46.0,25.0,100.0,0.29,0.46,0.25,0.6544188606739044,0.03999999999999998,4.61512051684126,0.2420868863500657,0.04749722745261334,1.555240833947456
2019-05-29,0.9347113102254732,0.056338028169014,18.0,39.0,14.0,71.0,0.2535211267605634,0.5492957746478874,0.1971830985915492,0.6711993256085353,0.056338028169014176,4.276666119016055,0.31706708441117853,0.1000463964089037,1.3070455964961614
2019-05-30,0.9632050210938734,0.088235294117647,17.0,40.0,11.0,68.0,0.25,0.5882352941176471,0.1617647058823529,0.7007141030010055,0.0882352941176471,4.23410650459726,0.44894804618655254,0.20263985507103163,1.275835797851548
2019-05-31,0.9667296589545484,-0.0754716981132075,7.0,35.0,11.0,53.0,0.1320754716981132,0.660377358490566,0.2075471698113207,0.6540692518342216,-0.0754716981132075,3.9889840465642745,0.2405247282009649,-0.32390265697951287,1.096082699451681
2019-06-01,0.9374617659128628,-0.1538461538461538,3.0,5.0,5.0,13.0,0.2307692307692307,0.3846153846153846,0.3846153846153846,0.6100693899851578,-0.15384615384615388,2.6390573296152584,0.04392002332799066,-0.5759840265035808,0.10615500399876947
2019-06-02,0.9588328525424004,-0.1875,2.0,9.0,5.0,16.0,0.125,0.5625,0.3125,0.6149329967796802,-0.1875,2.833213344056216,0.0656520910725535,-0.6842272997598645,0.24853341130094786
2019-06-03,0.9633702777199826,0.0508474576271186,13.0,36.0,10.0,59.0,0.2203389830508474,0.6101694915254238,0.1694915254237288,0.6896134316921234,0.05084745762711859,4.0943445622221,0.39934688575424804,0.08238668153463863,1.1733456287258048
2019-06-04,0.9441793074210484,-0.0333333333333333,4.0,21.0,5.0,30.0,0.1333333333333333,0.7,0.1666666666666666,0.6509255151947339,-0.0333333333333333,3.4339872044851463,0.2264775610456436,-0.18837001941441234,0.6890926473511084
2019-06-05,0.9356743161742752,-0.1621621621621621,4.0,23.0,10.0,37.0,0.1081081081081081,0.6216216216216216,0.2702702702702703,0.606323372673344,-0.16216216216216217,3.6375861597263857,0.027181683772184242,-0.6027313990456741,0.8383957480513464
2019-06-06,0.9503696635365486,-0.075,6.0,25.0,9.0,40.0,0.15,0.625,0.225,0.642758764475584,-0.07500000000000001,3.713572066704308,0.18998604613094913,-0.32238550058885895,0.8941177015745426
2019-06-07,0.9359909551484245,0.0,10.0,15.0,10.0,35.0,0.2857142857142857,0.4285714285714285,0.2857142857142857,0.655193668603897,0.0,3.58351893845611,0.24554896277503252,-0.08115763447485524,0.7987471959635755
2019-06-08,0.962302103638649,-0.375,1.0,3.0,4.0,8.0,0.125,0.375,0.5,0.5611114725470543,-0.375,2.1972245773362196,-0.17483877510034088,-1.2872969650448738,-0.2178496051015963
2019-06-09,0.955954530659844,0.0,4.0,9.0,4.0,17.0,0.2352941176470588,0.5294117647058824,0.2352941176470588,0.6691681714618908,0.0,2.8903717578961645,0.30799127269789545,-0.08115763447485524,0.2904487954309894
2019-06-10,0.936273556947708,0.2,11.0,20.0,4.0,35.0,0.3142857142857143,0.5714285714285714,0.1142857142857142,0.7153914898633955,0.20000000000000007,3.58351893845611,0.5145310546579318,0.5621166751624882,0.7987471959635755
2019-06-11,0.925638255973657,0.0,6.0,12.0,6.0,24.0,0.25,0.5,0.25,0.6479467791815599,0.0,3.2188758248682006,0.21316766664703118,-0.08115763447485524,0.5313472604228624
2019-06-12,0.9805053384215744,0.1851851851851851,7.0,18.0,2.0,27.0,0.2592592592592592,0.6666666666666666,0.074074074074074,0.7419092924506576,0.18518518518518517,3.332204510175204,0.6330206255896048,0.5144667263004625,0.6144534045313554
2019-06-13,0.947114124491408,0.081081081081081,9.0,22.0,6.0,37.0,0.2432432432432432,0.5945945945945946,0.1621621621621621,0.6873042114683099,0.08108108108108111,3.6375861597263857,0.389028590616255,0.17962924781055428,0.8383957480513464
2019-06-14,0.9736362057072776,0.0357142857142857,6.0,17.0,5.0,28.0,0.2142857142857142,0.6071428571428571,0.1785714285714285,0.6922596297093799,0.0357142857142857,3.367295829986474,0.4111708997023563,0.03371277796038457,0.6401865564980662
2019-06-15,0.9490336974461874,-0.0833333333333333,2.0,7.0,3.0,12.0,0.1666666666666666,0.5833333333333334,0.25,0.6393235882123312,-0.0833333333333334,2.5649493574615367,0.1746366384955285,-0.3491885968237484,0.05181017685539133
2019-06-16,0.9562563583964392,0.0952380952380952,7.0,9.0,5.0,21.0,0.3333333333333333,0.4285714285714285,0.238095238095238,0.697950879448936,0.09523809523809532,3.091042453358316,0.43660112671629897,0.22516346535245133,0.43760454589480013
2019-06-17,0.923214769611756,0.1666666666666666,15.0,26.0,7.0,48.0,0.3125,0.5416666666666666,0.1458333333333333,0.6962503387282291,0.1666666666666667,3.8918202981106265,0.42900259589213524,0.45490429022293094,1.0248306200753463
2019-06-18,0.9376633298599114,0.0169491525423728,9.0,42.0,8.0,59.0,0.1525423728813559,0.711864406779661,0.135593220338983,0.6614490766646498,0.01694915254237289,4.0943445622221,0.2735000199820562,-0.026642862471690527,1.1733456287258048
2019-06-19,0.9440331079743124,-0.1212121212121212,4.0,21.0,8.0,33.0,0.1212121212121212,0.6363636363636364,0.2424242424242424,0.6244595392183823,-0.1212121212121212,3.5263605246161616,0.10821956710340706,-0.4710208524368814,0.7568318118335339
2019-06-20,0.9365657471321724,0.081081081081081,8.0,24.0,5.0,37.0,0.2162162162162162,0.6486486486486487,0.1351351351351351,0.6799203473168449,0.08108108108108111,3.6375861597263857,0.3560352499257593,0.17962924781055428,0.8383957480513464
2019-06-21,0.967417704022449,0.1739130434782608,18.0,18.0,10.0,46.0,0.391304347826087,0.391304347826087,0.217391304347826,0.7293663058591925,0.17391304347826098,3.8501476017100584,0.5769747637753104,0.47821133042718267,0.9942712157808973
2019-06-22,0.9614338278770448,0.44,13.0,10.0,2.0,25.0,0.52,0.4,0.08,0.8050036795139314,0.44,3.258096538021482,0.9149454504963013,1.3340458467272998,0.5601085773879774
2019-06-23,0.9453656946619352,0.25,8.0,14.0,2.0,24.0,0.3333333333333333,0.5833333333333334,0.0833333333333333,0.7367559862633546,0.25,3.2188758248682006,0.6099940932438824,0.7229352525718238,0.5313472604228624
2019-06-24,0.945437906956186,0.3265306122448979,21.0,23.0,5.0,49.0,0.4285714285714285,0.4693877551020408,0.1020408163265306,0.7597657185427995,0.3265306122448979,3.912023005428146,0.7128085438784058,0.9690861363616231,1.0396456609554483
2019-06-25,0.92522046821458,0.25,8.0,19.0,1.0,28.0,0.2857142857142857,0.6785714285714286,0.0357142857142857,0.722654327750206,0.25,3.367295829986474,0.5469836133540226,0.7229352525718238,0.6401865564980662
2019-06-26,0.9313271939754486,0.1458333333333333,18.0,19.0,11.0,48.0,0.375,0.3958333333333333,0.2291666666666666,0.695679035782814,0.1458333333333334,3.8918202981106265,0.4264498413548211,0.38789654963570774,1.0248306200753463
2019-06-27,0.9618727445602416,0.0363636363636363,14.0,29.0,12.0,55.0,0.2545454545454545,0.5272727272727272,0.2181818181818181,0.6842200121012599,0.03636363636363643,4.02535169073515,0.37524745402068244,0.03580133091375284,1.1227518050639418
2019-06-28,0.8874613617436361,0.0,11.0,37.0,11.0,59.0,0.1864406779661017,0.6271186440677966,0.1864406779661017,0.6212229532205452,0.0,4.0943445622221,0.09375752090236214,-0.08115763447485524,1.1733456287258048
2019-06-29,0.8833062537014484,0.0625,4.0,9.0,3.0,16.0,0.25,0.5625,0.1875,0.6370643775910139,0.0625,2.833213344056216,0.16454180140322922,0.11986558728681451,0.24853341130094786
2019-06-30,0.9721925218900044,-0.4,2.0,5.0,8.0,15.0,0.1333333333333333,0.3333333333333333,0.5333333333333333,0.5605347653230031,-0.4,2.772588722239781,-0.1774156775908908,-1.3677062537495417,0.20407618898736474
2019-07-01,0.9352450333535672,-0.15625,4.0,19.0,9.0,32.0,0.125,0.59375,0.28125,0.607796523347497,-0.15625,3.4965075614664802,0.03376416701994549,-0.5837156888790296,0.7349400493829054
2019-07-02,0.94578816600748,-0.1081081081081081,9.0,15.0,13.0,37.0,0.2432432432432432,0.4054054054054054,0.3513513513513513,0.6296192837728035,-0.10810810810810811,3.6375861597263857,0.131274868022801,-0.4288734775220678,0.8383957480513464
2019-07-03,0.944648587041431,0.0555555555555555,13.0,12.0,11.0,36.0,0.3611111111111111,0.3333333333333333,0.3055555555555556,0.6779206775956682,0.055555555555555525,3.6109179126442243,0.34710012015821584,0.09752967375773999,0.8188394002553128
2019-07-04,0.9294936418533324,0.2,9.0,6.0,5.0,20.0,0.45,0.3,0.25,0.7106455492973327,0.2,3.044522437723423,0.4933247552487142,0.562116675162488,0.403490507486875
2019-07-05,0.914944186254784,-0.037037037037037,8.0,10.0,9.0,27.0,0.2962962962962963,0.3703703703703703,0.3333333333333333,0.6293498192672377,-0.037037037037037035,3.332204510175204,0.13007081902436882,-0.20028250662991878,0.6144534045313554
2019-07-06,0.9680310024155512,0.3333333333333333,5.0,2.0,2.0,9.0,0.5555555555555556,0.2222222222222222,0.2222222222222222,0.7776217016908857,0.33333333333333337,2.302585092994046,0.792594482959053,0.9909662149207168,-0.14058667582747214
2019-07-07,0.942174106836319,0.125,4.0,1.0,3.0,8.0,0.5,0.125,0.375,0.6970218747854232,0.125,2.1972245773362196,0.43245005259879177,0.32088880904848427,-0.2178496051015963
2019-07-08,0.931490414026307,-0.048780487804878,10.0,19.0,12.0,41.0,0.2439024390243902,0.4634146341463415,0.2926829268292683,0.6374091434769514,-0.048780487804878064,3.7376696182833684,0.16608231976866283,-0.2380538075571341,0.911788908019461
2019-07-09,0.9425028681755064,0.3,7.0,12.0,1.0,20.0,0.35,0.6,0.05,0.7497520077228544,0.3,3.044522437723423,0.6680642520169418,0.8837538299811595,0.403490507486875
2019-07-10,0.9322794033930852,0.2692307692307692,9.0,15.0,2.0,26.0,0.3461538461538461,0.5769230769230769,0.0769230769230769,0.7333648131443904,0.26923076923076916,3.295836866004329,0.5948413049802687,0.7847885515754143,0.5877842989190949
2019-07-11,0.9348281269723718,-0.0454545454545454,4.0,13.0,5.0,22.0,0.1818181818181818,0.5909090909090909,0.2272727272727272,0.6407433252442966,-0.045454545454545414,3.1354942159291497,0.18098045341759128,-0.2273563412106149,0.4702018938308565
2019-07-12,0.9661795582090106,-0.3214285714285714,0.0,19.0,9.0,28.0,0.0,0.6785714285714286,0.3214285714285714,0.5798971193177359,-0.3214285714285714,3.367295829986474,-0.09089881747348787,-1.114991346392014,0.6401865564980662
2019-07-13,0.9929002150893212,-0.25,0.0,6.0,2.0,8.0,0.0,0.75,0.25,0.6200301505625249,-0.25,2.1972245773362196,0.08842771747351841,-0.8852505215215343,-0.2178496051015963
2019-07-14,0.9850374658902488,-0.3333333333333333,2.0,2.0,5.0,9.0,0.2222222222222222,0.2222222222222222,0.5555555555555556,0.5895262261231741,-0.33333333333333337,2.302585092994046,-0.04787305279796086,-1.1532814838704275,-0.14058667582747214
2019-07-15,0.9614916329200452,-0.3076923076923077,2.0,14.0,10.0,26.0,0.0769230769230769,0.5384615384615384,0.3846153846153846,0.5807364507363393,-0.3076923076923077,3.295836866004329,-0.08714843056520165,-1.0708104185323064,0.5877842989190949
2019-07-16,0.9605630934238434,-0.3461538461538461,4.0,9.0,13.0,26.0,0.1538461538461538,0.3461538461538461,0.5,0.5685480115505365,-0.3461538461538462,3.295836866004329,-0.1416100672223164,-1.1945170165394878,0.5877842989190949
2019-07-17,0.9596373880351032,-0.2962962962962963,2.0,15.0,10.0,27.0,0.074074074074074,0.5555555555555556,0.3703703703703703,0.5828572827356833,-0.2962962962962963,3.332204510175204,-0.0776719110536965,-1.0341566117153638,0.6144534045313554
2019-07-18,0.9556847375172836,0.0769230769230769,7.0,14.0,5.0,26.0,0.2692307692307692,0.5384615384615384,0.1923076923076923,0.6920562393390216,0.07692307692307693,3.295836866004329,0.41026208994573765,0.16625556153950755,0.5877842989190949
2019-07-19,0.9877624074618022,0.2666666666666666,7.0,5.0,3.0,15.0,0.4666666666666667,0.3333333333333333,0.2,0.7714336852232615,0.26666666666666666,2.772588722239781,0.7649445517947292,0.7765414450416024,0.20407618898736474
2019-07-20,0.9311524374144418,-0.2857142857142857,0.0,5.0,2.0,7.0,0.0,0.7142857142857143,0.2857142857142857,0.5660924204758234,-0.2857142857142857,2.0794415416798357,-0.15258239163980636,-1.000120933956774,-0.3042222115452213
2019-07-21,0.8480414066995893,0.1428571428571428,2.0,4.0,1.0,7.0,0.2857142857142857,0.5714285714285714,0.1428571428571428,0.6364861275468553,0.1428571428571429,2.0794415416798357,0.16195800512530978,0.3783240152661044,-0.3042222115452213
2019-07-22,0.9440206359414494,0.1176470588235294,5.0,9.0,3.0,17.0,0.2941176470588235,0.5294117647058824,0.1764705882352941,0.6961085628060734,0.11764705882352938,2.8903717578961645,0.42836909814550295,0.29723901825299365,0.2904487954309894
2019-07-23,0.9503341828073774,-0.1428571428571428,2.0,8.0,4.0,14.0,0.1428571428571428,0.5714285714285714,0.2857142857142857,0.6223767851080213,-0.1428571428571429,2.70805020110221,0.09891319112897422,-0.5406392842158148,0.15674882766063303
2019-07-24,0.9248663945631548,0.1818181818181818,9.0,8.0,5.0,22.0,0.4090909090909091,0.3636363636363636,0.2272727272727272,0.7019519307396629,0.1818181818181819,3.1354942159291497,0.4544790353082264,0.5036371924681844,0.4702018938308565
2019-07-25,0.9370070767402648,-0.16,3.0,15.0,7.0,25.0,0.12,0.6,0.28,0.6079049537181853,-0.16000000000000003,3.258096538021482,0.03424866674636668,-0.5957770821847299,0.5601085773879774
2019-07-26,0.938850125031812,0.1071428571428571,10.0,11.0,7.0,28.0,0.3571428571428571,0.3928571428571428,0.25,0.6893379446651254,0.1071428571428571,3.367295829986474,0.39811592630657827,0.2634536028308642,0.6401865564980662
2019-07-27,0.9210302432378134,-0.0666666666666666,3.0,8.0,4.0,15.0,0.2,0.5333333333333333,0.2666666666666666,0.6247211702664693,-0.0666666666666666,2.772588722239781,0.10938861384203587,-0.2955824043539694,0.20407618898736474
2019-07-28,0.8734737251486097,-0.1428571428571428,3.0,6.0,5.0,14.0,0.2142857142857142,0.4285714285714285,0.3571428571428571,0.5685744647468839,-0.1428571428571429,2.70805020110221,-0.14149186633162558,-0.5406392842158148,0.15674882766063303
2019-07-29,0.9865595873664408,0.1764705882352941,5.0,10.0,2.0,17.0,0.2941176470588235,0.5882352941176471,0.1176470588235294,0.7435328876270968,0.1764705882352941,2.8903717578961645,0.6402753404246652,0.4864373446169181,0.2904487954309894
2019-07-30,0.97634249383753,-0.0909090909090909,4.0,12.0,6.0,22.0,0.1818181818181818,0.5454545454545454,0.2727272727272727,0.6561670184135437,-0.09090909090909091,3.1354942159291497,0.24989818443214157,-0.37355504794637484,0.4702018938308565
2019-07-31,0.940128489335378,0.1333333333333333,7.0,20.0,3.0,30.0,0.2333333333333333,0.6666666666666666,0.1,0.6980899425347645,0.1333333333333333,3.4339872044851463,0.4372225026888381,0.3476919052833735,0.6890926473511084
2019-08-01,0.9534441954211184,0.4210526315789473,9.0,9.0,1.0,19.0,0.4736842105263157,0.4736842105263157,0.0526315789473684,0.793726726268467,0.4210526315789473,2.995732273553991,0.8645566089972901,1.2731040700248144,0.36771172470511354
2019-08-02,0.9376208265622455,-0.2,1.0,22.0,7.0,30.0,0.0333333333333333,0.7333333333333333,0.2333333333333333,0.5963345785935719,-0.2,3.4339872044851463,-0.017451272549979822,-0.7244319441121985,0.6890926473511084
2019-08-03,0.959308135509491,0.0,1.0,3.0,1.0,5.0,0.2,0.6,0.2,0.6715156948566436,0.0,1.791759469228055,0.31848071800095173,-0.08115763447485524,-0.5151851085897018
2019-08-04,0.9903583100863864,0.0,2.0,3.0,2.0,7.0,0.2857142857142857,0.4285714285714285,0.2857142857142857,0.6932508170604704,0.0,2.0794415416798357,0.41559982489542757,-0.08115763447485524,-0.3042222115452213
2019-08-05,0.9366015940904616,0.0833333333333333,9.0,8.0,7.0,24.0,0.375,0.3333333333333333,0.2916666666666667,0.6806211158633231,0.08333333333333331,3.2188758248682006,0.359166495967786,0.1868733278740377,0.5313472604228624
2019-08-06,0.95915663930086,0.0384615384615384,8.0,11.0,7.0,26.0,0.3076923076923077,0.4230769230769231,0.2692307692307692,0.6829481090490634,0.03846153846153849,3.295836866004329,0.3695642060809063,0.04254896353232624,0.5877842989190949
2019-08-07,0.9406899618250985,-0.1785714285714285,5.0,13.0,10.0,28.0,0.1785714285714285,0.4642857142857143,0.3571428571428571,0.6049115447061404,-0.1785714285714286,3.367295829986474,0.02087320894615734,-0.6555096966510546,0.6401865564980662
2019-08-08,0.97727233171463,0.3076923076923077,4.0,9.0,0.0,13.0,0.3076923076923077,0.6923076923076923,0.0,0.7763983245079333,0.3076923076923077,2.6390573296152584,0.7871280632955602,0.9084951495825958,0.10615500399876947
2019-08-09,0.9660074482945836,-0.1764705882352941,0.0,14.0,3.0,17.0,0.0,0.8235294117647058,0.1764705882352941,0.6232640373356202,-0.1764705882352941,2.8903717578961645,0.10287770272115505,-0.6487526135666286,0.2904487954309894
2019-08-10,0.9879904572780316,-0.2307692307692307,3.0,4.0,6.0,13.0,0.2307692307692307,0.3076923076923077,0.4615384615384615,0.6223625508638528,-0.2307692307692308,2.6390573296152584,0.09884958821623256,-0.8233972225179437,0.10615500399876947
2019-08-11,0.8837882816791535,0.0,3.0,4.0,3.0,10.0,0.3,0.4,0.3,0.6186517971754074,0.0,2.3978952727983707,0.08226881720663823,-0.08115763447485524,-0.07069385463778585
2019-08-12,0.8880487871170044,0.04,6.0,14.0,5.0,25.0,0.24,0.56,0.2,0.633634150981903,0.03999999999999998,3.258096538021482,0.14921451032115476,0.04749722745261334,0.5601085773879774
2019-08-13,0.9079854540202928,-0.1304347826086956,2.0,16.0,5.0,23.0,0.0869565217391304,0.6956521739130435,0.217391304347826,0.5964593830315963,-0.1304347826086956,3.1780538303479458,-0.016893608533015365,-0.5006843581513832,0.5014116924754702
2019-08-14,0.8806766122579575,0.0,3.0,14.0,3.0,20.0,0.15,0.7,0.15,0.6164736285805702,0.0,3.044522437723423,0.07253610042628625,-0.08115763447485524,0.403490507486875
2019-08-15,0.9186277219227382,-0.2142857142857142,7.0,8.0,13.0,28.0,0.25,0.2857142857142857,0.4642857142857143,0.5787536910602025,-0.2142857142857143,3.367295829986474,-0.09600800113153984,-0.7703801090862944,0.6401865564980662
2019-08-16,0.949072200627554,-0.0952380952380952,2.0,15.0,4.0,21.0,0.0952380952380952,0.7142857142857143,0.1904761904761904,0.6357791118678592,-0.0952380952380952,3.091042453358316,0.15879884500370695,-0.3874787343021614,0.43760454589480013
2019-08-17,0.924952268600464,-0.2,1.0,2.0,2.0,5.0,0.2,0.4,0.4,0.5874665880203247,-0.2,1.791759469228055,-0.05707613945184428,-0.7244319441121985,-0.5151851085897018
2019-08-18,0.9777429029345512,-0.875,0.0,1.0,7.0,8.0,0.0,0.125,0.875,0.42192003205418577,-0.875,2.1972245773362196,-0.7967882751423927,-2.895482739138232,-0.2178496051015963
2019-08-19,0.9261010537544886,0.25,9.0,12.0,3.0,24.0,0.375,0.5,0.125,0.723270737628142,0.25,3.2188758248682006,0.5497379193231666,0.7229352525718238,0.5313472604228624
2019-08-20,0.9152158843353392,-0.28125,7.0,9.0,16.0,32.0,0.21875,0.28125,0.5,0.5562761190347374,-0.28125,3.4965075614664802,-0.19644459862557523,-0.9857621324023692,0.7349400493829054
2019-08-21,0.966872961356722,-0.3448275862068966,2.0,15.0,12.0,29.0,0.0689655172413793,0.5172413793103449,0.4137931034482758,0.5733627970876364,-0.3448275862068965,3.4011973816621555,-0.12009614763785446,-1.1902512717806193,0.665047228193219
2019-08-22,0.9351216148246418,-0.3636363636363636,1.0,12.0,9.0,22.0,0.0454545454545454,0.5454545454545454,0.4090909090909091,0.5454942212863403,-0.3636363636363637,3.1354942159291497,-0.24462138227243801,-1.250747288360934,0.4702018938308565
2019-08-23,0.928447457154592,-0.2,5.0,14.0,11.0,30.0,0.1666666666666666,0.4666666666666667,0.3666666666666666,0.5899132200082144,-0.19999999999999998,3.4339872044851463,-0.04614384694688323,-0.7244319441121984,0.6890926473511084
2019-08-24,0.9682492986321448,0.0,1.0,6.0,1.0,8.0,0.125,0.75,0.125,0.6777745090425014,0.0,2.1972245773362196,0.3464469948062396,-0.08115763447485524,-0.2178496051015963
2019-08-25,0.9507622023423512,-0.5833333333333334,1.0,3.0,8.0,12.0,0.0833333333333333,0.25,0.6666666666666666,0.4905335416396458,-0.5833333333333334,2.5649493574615367,-0.4902023397450663,-1.9573743709171065,0.05181017685539133
2019-08-26,0.9208532951094888,0.0,3.0,16.0,3.0,22.0,0.1363636363636363,0.7272727272727273,0.1363636363636363,0.644597306576642,0.0,3.1354942159291497,0.19820120890611923,-0.08115763447485524,0.4702018938308565
2019-08-27,0.9439934429369474,-0.1052631578947368,2.0,13.0,4.0,19.0,0.1052631578947368,0.6842105263157895,0.2105263157894736,0.6292164626874421,-0.1052631578947368,2.995732273553991,0.12947494144858218,-0.4197230605997726,0.36771172470511354
2019-08-28,0.9609190672636032,-0.125,2.0,10.0,4.0,16.0,0.125,0.625,0.25,0.6351433470845222,-0.125,2.833213344056216,0.15595805545701777,-0.4832040779981947,0.24853341130094786
2019-08-29,0.9692358002066612,-0.4375,2.0,5.0,9.0,16.0,0.125,0.3125,0.5625,0.5472150601446628,-0.4375,2.833213344056216,-0.23693215322360534,-1.4883201868065437,0.24853341130094786
2019-08-30,0.9272784739732742,-0.3,3.0,8.0,9.0,20.0,0.15,0.4,0.45,0.559094931781292,-0.30000000000000004,3.044522437723423,-0.18384928980325135,-1.0460690989308703,0.403490507486875
2019-08-31,0.8926790248263966,-0.3636363636363636,2.0,3.0,6.0,11.0,0.1818181818181818,0.2727272727272727,0.5454545454545454,0.5157844082875684,-0.36363636363636365,2.4849066497880004,-0.3773738221889983,-1.2507472883609339,-0.006886708057115773
2019-09-01,0.9594300720426772,-0.3333333333333333,1.0,4.0,4.0,9.0,0.1111111111111111,0.4444444444444444,0.4444444444444444,0.571601050429874,-0.3333333333333333,2.302585092994046,-0.12796816512051157,-1.1532814838704273,-0.14058667582747214
2019-09-02,0.9424398057162762,0.0,4.0,8.0,4.0,16.0,0.25,0.5,0.25,0.6597078640013933,0.0,2.833213344056216,0.2657197546040656,-0.08115763447485524,0.24853341130094786
2019-09-03,0.9783238339424132,0.08,9.0,9.0,7.0,25.0,0.36,0.36,0.28,0.7088266837596892,0.07999999999999996,3.258096538021482,0.48519751331648436,0.17615208938008192,0.5601085773879774
2019-09-04,0.931849767421854,-0.0689655172413793,4.0,19.0,6.0,29.0,0.1379310344827586,0.6551724137931034,0.2068965517241379,0.631605182022884,-0.06896551724137931,3.4011973816621555,0.14014846268780626,-0.302976361936008,0.665047228193219
2019-09-05,0.9845619743520564,0.2272727272727272,7.0,13.0,2.0,22.0,0.3181818181818182,0.5909090909090909,0.0909090909090909,0.7573752002282576,0.2272727272727273,3.1354942159291497,0.7021269842558735,0.6498358992039439,0.4702018938308565
2019-09-06,0.9302976510741494,0.0454545454545454,6.0,11.0,5.0,22.0,0.2727272727272727,0.5,0.2272727272727272,0.6648447193882682,0.0454545454545455,3.1354942159291497,0.28867277979255673,0.06504107226090472,0.4702018938308565
2019-09-07,0.9541296263535818,0.1666666666666666,2.0,3.0,1.0,6.0,0.3333333333333333,0.5,0.1666666666666666,0.7178907384475072,0.1666666666666667,1.9459101490553132,0.5256984540458898,0.45490429022293094,-0.40214339653381637
2019-09-08,0.8962256577279832,0.0,2.0,5.0,2.0,9.0,0.2222222222222222,0.5555555555555556,0.2222222222222222,0.6273579604095882,0.0,2.302585092994046,0.12117059056001254,-0.08115763447485524,-0.14058667582747214
2019-09-09,0.9279407382011412,0.35,9.0,9.0,2.0,20.0,0.45,0.45,0.1,0.7545585167407988,0.35,3.044522437723423,0.6895411896078797,1.0445724073904952,0.403490507486875
2019-09-10,0.9729270219802856,-0.1,4.0,10.0,6.0,20.0,0.2,0.5,0.3,0.6510489153861998,-0.09999999999999998,3.044522437723423,0.22702895046381166,-0.40279478929352674,0.403490507486875
2019-09-11,0.93133656336711,0.2692307692307692,10.0,13.0,3.0,26.0,0.3846153846153846,0.5,0.1153846153846153,0.7327048251262078,0.2692307692307693,3.295836866004329,0.591892278686059,0.7847885515754146,0.5877842989190949
2019-09-12,0.9071626938306367,0.1923076923076923,10.0,11.0,5.0,26.0,0.3846153846153846,0.4230769230769231,0.1923076923076923,0.6927061933737534,0.1923076923076923,3.295836866004329,0.4131662813638332,0.5373753555610516,0.5877842989190949
2019-09-13,0.947814092749641,0.0476190476190476,5.0,12.0,4.0,21.0,0.238095238095238,0.5714285714285714,0.1904761904761904,0.6777555792104629,0.04761904761904759,3.091042453358316,0.3463624105851804,0.0720029154387978,0.43760454589480013
2019-09-14,0.8809158086776734,0.0,1.0,3.0,1.0,5.0,0.2,0.6,0.2,0.6166410660743713,0.0,1.791759469228055,0.07328426184475527,-0.08115763447485524,-0.5151851085897018
2019-09-15,0.9450269589821496,-0.5,0.0,6.0,6.0,12.0,0.0,0.5,0.5,0.5115188712875046,-0.5,2.5649493574615367,-0.39643353301034356,-1.6893434085682133,0.05181017685539133
2019-09-16,0.9238995806030604,0.1739130434782608,7.0,13.0,3.0,23.0,0.3043478260869565,0.5652173913043478,0.1304347826086956,0.6989036194656205,0.1739130434782609,3.1780538303479458,0.4408582575782888,0.47821133042718245,0.5014116924754702
2019-09-17,0.9422588300704956,0.04,4.0,18.0,3.0,25.0,0.16,0.72,0.12,0.6715811810493469,0.04000000000000001,3.258096538021482,0.31877333013764103,0.04749722745261343,0.5601085773879774
2019-09-18,0.9494219390969528,-0.1052631578947368,2.0,13.0,4.0,19.0,0.1052631578947368,0.6842105263157895,0.2105263157894736,0.6330164099994459,-0.1052631578947368,2.995732273553991,0.14645425657398276,-0.4197230605997726,0.36771172470511354
2019-09-19,0.9057243692463842,0.1379310344827586,8.0,17.0,4.0,29.0,0.2758620689655172,0.5862068965517241,0.1379310344827586,0.6753863688172965,0.1379310344827586,3.4011973816621555,0.3357760612068954,0.36247982044745036,0.665047228193219
2019-09-20,0.9253250570858226,0.4411764705882353,17.0,15.0,2.0,34.0,0.5,0.4411764705882353,0.0588235294117647,0.7800804811365464,0.4411764705882353,3.5553480614894135,0.8035810539833012,1.3378298132545783,0.7780889402491042
2019-09-21,0.9972206354141236,0.0,1.0,3.0,1.0,5.0,0.2,0.6,0.2,0.6980544447898865,0.0,1.791759469228055,0.4370638880168345,-0.08115763447485524,-0.5151851085897018
2019-09-22,0.9214042499661446,0.125,2.0,5.0,1.0,8.0,0.25,0.625,0.125,0.6824829749763012,0.125,2.1972245773362196,0.36748584621206193,0.32088880904848427,-0.2178496051015963
2019-09-23,0.9489885917524012,-0.2195121951219512,6.0,20.0,15.0,41.0,0.1463414634146341,0.4878048780487805,0.3658536585365853,0.5984383556900955,-0.2195121951219512,3.7376696182833684,-0.008050959508102494,-0.7871904133451099,0.911788908019461
2019-09-24,0.975889765447186,-0.2258064516129032,4.0,16.0,11.0,31.0,0.1290322580645161,0.5161290322580645,0.3548387096774194,0.6153809003291592,-0.22580645161290328,3.4657359027997265,0.06765345974636783,-0.8074350808395977,0.7123745895199507
2019-09-25,0.8944408613092759,0.2352941176470588,5.0,11.0,1.0,17.0,0.2941176470588235,0.6470588235294118,0.0588235294117647,0.6966968382106107,0.2352941176470588,2.8903717578961645,0.43099769076903977,0.6756356709808425,0.2904487954309894
2019-09-26,0.9405273884534836,-0.2,4.0,8.0,8.0,20.0,0.2,0.4,0.4,0.5983691719174384,-0.2,3.044522437723423,-0.008360093551566158,-0.7244319441121985,0.403490507486875
2019-09-27,0.96078137251047,-0.2692307692307692,4.0,11.0,11.0,26.0,0.1538461538461538,0.4230769230769231,0.4230769230769231,0.5917777299880982,-0.2692307692307693,3.295836866004329,-0.03781265182665222,-0.9471038205251251,0.5877842989190949
2019-09-28,0.964041895336575,0.2222222222222222,5.0,1.0,3.0,9.0,0.5555555555555556,0.1111111111111111,0.3333333333333333,0.7414959934022691,0.22222222222222227,2.302585092994046,0.6311738803040983,0.6335915984555263,-0.14058667582747214
2019-09-29,0.9642668697569106,-0.2222222222222222,2.0,3.0,4.0,9.0,0.2222222222222222,0.3333333333333333,0.4444444444444444,0.6083201421631707,-0.2222222222222222,2.302585092994046,0.03610385442793319,-0.7959068674052365,-0.14058667582747214
2019-09-30,0.920991575717926,0.05,5.0,11.0,4.0,20.0,0.25,0.55,0.2,0.6596941030025482,0.04999999999999999,3.044522437723423,0.2656582662947164,0.07966094293448053,0.403490507486875
2019-10-01,0.9489744594020229,0.0967741935483871,8.0,18.0,5.0,31.0,0.2580645161290322,0.5806451612903226,0.1612903225806451,0.6933143796459321,0.0967741935483871,3.4657359027997265,0.41588384177253795,0.23010412825289148,0.7123745895199507
2019-10-02,0.9353297871092092,-0.1304347826086956,5.0,10.0,8.0,23.0,0.217391304347826,0.4347826086956521,0.3478260869565217,0.6156004161938378,-0.13043478260869568,3.1780538303479458,0.0686343230940329,-0.5006843581513835,0.5014116924754702
2019-10-03,0.943289575251666,-0.0454545454545454,3.0,15.0,4.0,22.0,0.1363636363636363,0.6818181818181818,0.1818181818181818,0.6466663390398025,-0.0454545454545455,3.1354942159291497,0.20744627240626576,-0.22735634121061518,0.4702018938308565
2019-10-04,0.9652745542318923,0.0434782608695652,7.0,10.0,6.0,23.0,0.3043478260869565,0.4347826086956521,0.2608695652173913,0.6887356662231942,0.04347826086956519,3.1780538303479458,0.3954247638721723,0.05868460675065406,0.5014116924754702
2019-10-05,0.8919566348195076,0.0,2.0,4.0,2.0,8.0,0.25,0.5,0.25,0.6243696443736553,0.0,2.1972245773362196,0.10781788971910573,-0.08115763447485524,-0.2178496051015963
2019-10-06,0.9288686381445992,-0.6666666666666666,0.0,3.0,6.0,9.0,0.0,0.3333333333333333,0.6666666666666666,0.4502080467012194,-0.6666666666666666,2.302585092994046,-0.6703888607487597,-2.225405333265999,-0.14058667582747214
2019-10-07,0.9395439591672684,0.0555555555555555,6.0,7.0,5.0,18.0,0.3333333333333333,0.3888888888888889,0.2777777777777778,0.6743474380837544,0.055555555555555525,2.9444389791664403,0.33113380412544835,0.09752967375773999,0.33009734751876035
2019-10-08,0.911064692905971,0.1428571428571428,5.0,6.0,3.0,14.0,0.3571428571428571,0.4285714285714285,0.2142857142857142,0.6806024278913225,0.1428571428571429,2.70805020110221,0.3590829924506057,0.3783240152661044,0.15674882766063303
2019-10-09,0.9624932143423292,-0.1111111111111111,5.0,6.0,7.0,18.0,0.2777777777777778,0.3333333333333333,0.3888888888888889,0.640411916706297,-0.1111111111111111,2.9444389791664403,0.17949961972703812,-0.4385322509400459,0.33009734751876035
2019-10-10,0.918916944000456,0.1111111111111111,4.0,12.0,2.0,18.0,0.2222222222222222,0.6666666666666666,0.1111111111111111,0.6765751941336525,0.1111111111111111,2.9444389791664403,0.3410880926689366,0.27621698199033545,0.33009734751876035
2019-10-11,0.9359451028016896,0.3846153846153846,6.0,6.0,1.0,13.0,0.4615384615384615,0.4615384615384615,0.0769230769230769,0.7705461873457982,0.3846153846153846,2.6390573296152584,0.760978942564577,1.1559083455969585,0.10615500399876947
2019-10-12,0.970178912083308,0.1666666666666666,2.0,3.0,1.0,6.0,0.3333333333333333,0.5,0.1666666666666666,0.7291252384583154,0.1666666666666667,1.9459101490553132,0.5758976016386085,0.45490429022293094,-0.40214339653381637
2019-10-13,0.8936086297035217,0.2222222222222222,4.0,3.0,2.0,9.0,0.4444444444444444,0.3333333333333333,0.2222222222222222,0.6921927074591319,0.2222222222222222,2.302585092994046,0.41087187082575233,0.633591598455526,-0.14058667582747214
2019-10-14,0.9075981858703824,0.0555555555555555,5.0,9.0,4.0,18.0,0.2777777777777778,0.5,0.2222222222222222,0.6519853967759343,0.05555555555555558,2.9444389791664403,0.23121343285785567,0.09752967375774017,0.33009734751876035
2019-10-15,0.9354354739189148,0.1764705882352941,4.0,12.0,1.0,17.0,0.2352941176470588,0.7058823529411765,0.0588235294117647,0.7077460082138286,0.1764705882352941,2.8903717578961645,0.4803687277742435,0.4864373446169181,0.2904487954309894
2019-10-16,0.94045403930876,-0.037037037037037,5.0,16.0,6.0,27.0,0.1851851851851851,0.5925925925925926,0.2222222222222222,0.6472067164050209,-0.03703703703703712,3.332204510175204,0.2098608420877171,-0.20028250662991906,0.6144534045313554
2019-10-17,0.9533663913607596,-0.0416666666666666,7.0,9.0,8.0,24.0,0.2916666666666667,0.375,0.3333333333333333,0.6548564739525318,-0.04166666666666663,3.2188758248682006,0.24404227497806102,-0.2151731156493016,0.5313472604228624
2019-10-18,0.8945170285610052,-0.1538461538461538,5.0,12.0,9.0,26.0,0.1923076923076923,0.4615384615384615,0.3461538461538461,0.5800080738388576,-0.1538461538461538,3.295836866004329,-0.09040303907867668,-0.5759840265035806,0.5877842989190949
2019-10-19,0.8946677893400192,0.0833333333333333,3.0,7.0,2.0,12.0,0.25,0.5833333333333334,0.1666666666666666,0.6512674525380134,0.0833333333333334,2.5649493574615367,0.22800544062606465,0.18687332787403796,0.05181017685539133
2019-10-20,0.943084844521114,-0.5714285714285714,0.0,3.0,4.0,7.0,0.0,0.4285714285714285,0.5714285714285714,0.48873081973620836,-0.5714285714285714,2.0794415416798357,-0.49825744703174757,-1.9190842334386928,-0.3042222115452213
2019-10-21,0.8935895711183548,-0.1666666666666666,5.0,10.0,9.0,24.0,0.2083333333333333,0.4166666666666667,0.375,0.5755126997828484,-0.1666666666666667,3.2188758248682006,-0.11048973145528282,-0.6172195591726414,0.5313472604228624
2019-10-22,0.9394793212413788,0.3888888888888889,7.0,11.0,0.0,18.0,0.3888888888888889,0.6111111111111112,0.0,0.7743021915356318,0.3888888888888889,2.9444389791664403,0.7777619065151699,1.169653523153312,0.33009734751876035
2019-10-23,0.9444376272814614,-0.3214285714285714,3.0,13.0,12.0,28.0,0.1071428571428571,0.4642857142857143,0.4285714285714285,0.5646777676684516,-0.3214285714285714,3.367295829986474,-0.15890348870700058,-1.114991346392014,0.6401865564980662
2019-10-24,0.9607669991605422,-0.1176470588235294,3.0,9.0,5.0,17.0,0.1764705882352941,0.5294117647058824,0.2941176470588235,0.6372427817653207,-0.11764705882352938,2.8903717578961645,0.16533896527065267,-0.4595542872027041,0.2904487954309894
2019-10-25,0.9360434920699509,-0.1111111111111111,6.0,12.0,9.0,27.0,0.2222222222222222,0.4444444444444444,0.3333333333333333,0.6218971111156323,-0.1111111111111111,3.332204510175204,0.0967698624968892,-0.4385322509400459,0.6144534045313554
2019-10-26,0.9382266700267792,0.1666666666666666,2.0,3.0,1.0,6.0,0.3333333333333333,0.5,0.1666666666666666,0.7067586690187453,0.1666666666666667,1.9459101490553132,0.4759569973073442,0.45490429022293094,-0.40214339653381637
2019-10-27,0.9552186681674076,0.3076923076923077,6.0,5.0,2.0,13.0,0.4615384615384615,0.3846153846153846,0.1538461538461538,0.7609607600248777,0.3076923076923077,2.6390573296152584,0.7181483510510035,0.9084951495825958,0.10615500399876947
2019-10-28,0.9604988587754112,0.2142857142857142,10.0,14.0,4.0,28.0,0.3571428571428571,0.5,0.1428571428571428,0.7366349154285021,0.2142857142857143,3.367295829986474,0.6094531120963382,0.608064840136584,0.6401865564980662
2019-10-29,0.9369487395653358,-0.0769230769230769,2.0,8.0,3.0,13.0,0.1538461538461538,0.6153846153846154,0.2307692307692307,0.6327871946188118,-0.0769230769230769,2.6390573296152584,0.14543005285224178,-0.3285708304892179,0.10615500399876947
2019-10-30,0.9122057812554496,0.1428571428571428,5.0,14.0,2.0,21.0,0.238095238095238,0.6666666666666666,0.0952380952380952,0.6814011897359575,0.1428571428571428,3.091042453358316,0.36265210221888106,0.378324015266104,0.43760454589480013
2019-10-31,0.9336035677364894,0.0476190476190476,7.0,8.0,6.0,21.0,0.3333333333333333,0.3809523809523809,0.2857142857142857,0.6678082117012568,0.047619047619047616,3.091042453358316,0.3019145607233043,0.0720029154387979,0.43760454589480013
2019-11-01,0.9322907090187073,-0.32,2.0,13.0,10.0,25.0,0.08,0.52,0.4,0.556603496313095,-0.32,3.258096538021482,-0.19498177782367332,-1.1103965298946044,0.5601085773879774
2019-11-02,0.9919392019510268,-0.25,1.0,1.0,2.0,4.0,0.25,0.25,0.5,0.6193574413657188,-0.25,1.6094379124341003,0.08542184910154292,-0.8852505215215343,-0.6488850763600583
2019-11-03,0.9327801913022996,0.25,3.0,4.0,1.0,8.0,0.375,0.5,0.125,0.7279461339116097,0.25,2.1972245773362196,0.5706290055185868,0.7229352525718238,-0.2178496051015963
2019-11-04,0.9124741330742836,0.0625,5.0,7.0,4.0,16.0,0.3125,0.4375,0.25,0.6574818931519986,0.0625,2.833213344056216,0.2557734428769437,0.11986558728681451,0.24853341130094786
2019-11-05,0.9489436248938242,0.0,5.0,8.0,5.0,18.0,0.2777777777777778,0.4444444444444444,0.2777777777777778,0.6642605374256769,0.0,2.9444389791664403,0.2860624779070336,-0.08115763447485524,0.33009734751876035
2019-11-06,0.9192166880325034,0.1481481481481481,9.0,13.0,5.0,27.0,0.3333333333333333,0.4814814814814814,0.1851851851851851,0.6878961260671967,0.14814814814814822,3.332204510175204,0.3916734442620087,0.39534185414539924,0.6144534045313554
2019-11-07,0.9186160809853496,0.1176470588235294,4.0,11.0,2.0,17.0,0.2352941176470588,0.6470588235294118,0.1176470588235294,0.6783253743368035,0.1176470588235294,2.8903717578961645,0.3489084277303373,0.29723901825299365,0.2904487954309894
2019-11-08,0.9112692177295684,-0.1153846153846153,7.0,9.0,10.0,26.0,0.2692307692307692,0.3461538461538461,0.3846153846153846,0.6032730677953132,-0.11538461538461536,3.295836866004329,0.013551998016009464,-0.4522774284963993,0.5877842989190949
2019-11-09,0.7287084758281708,-0.5,0.0,1.0,1.0,2.0,0.0,0.5,0.5,0.36009593307971954,-0.5,1.0986122886681098,-1.0730370682547081,-1.6893434085682133,-1.0234835091222876
2019-11-10,0.977915411645716,-0.0909090909090909,4.0,2.0,5.0,11.0,0.3636363636363636,0.1818181818181818,0.4545454545454545,0.6572680608792739,-0.09090909090909088,2.4849066497880004,0.25481797553898794,-0.3735550479463748,-0.006886708057115773
2019-11-11,0.9273611024806374,0.0526315789473684,3.0,14.0,2.0,19.0,0.1578947368421052,0.7368421052631579,0.1052631578947368,0.6649422454206566,0.052631578947368404,2.995732273553991,0.28910855563387494,0.08812507858760345,0.36771172470511354
2019-11-12,0.9367013291308754,-0.2631578947368421,3.0,8.0,8.0,19.0,0.1578947368421052,0.4210526315789473,0.4210526315789473,0.5767435619705601,-0.2631578947368421,2.995732273553991,-0.10498986652424058,-0.927571199787149,0.36771172470511354
2019-11-13,0.9595542409840752,0.2352941176470588,5.0,11.0,1.0,17.0,0.2941176470588235,0.6470588235294118,0.0588235294117647,0.7422762039829702,0.2352941176470588,2.8903717578961645,0.634660097408227,0.6756356709808425,0.2904487954309894
2019-11-14,0.9246262217822828,-0.0526315789473684,5.0,8.0,6.0,19.0,0.2631578947368421,0.4210526315789473,0.3157894736842105,0.6314488815633874,-0.05263157894736842,2.995732273553991,0.13945006491064407,-0.2504403475373139,0.36771172470511354
2019-11-15,0.9184309794352604,-0.2307692307692307,4.0,12.0,10.0,26.0,0.1538461538461538,0.4615384615384615,0.3846153846153846,0.5736709163739131,-0.23076923076923078,3.295836866004329,-0.11871937737544068,-0.8233972225179437,0.5877842989190949
2019-11-16,0.8778299927711487,0.0,1.0,3.0,1.0,5.0,0.2,0.6,0.2,0.614480994939804,0.0,1.791759469228055,0.06363240999637797,-0.08115763447485524,-0.5151851085897018
2019-11-17,0.9166597936834608,-0.0714285714285714,4.0,5.0,5.0,14.0,0.2857142857142857,0.3571428571428571,0.3571428571428571,0.6202332841498511,-0.0714285714285714,2.70805020110221,0.08933537984580195,-0.31089845934533483,0.15674882766063303
2019-11-18,0.962334523598353,-0.25,3.0,3.0,6.0,12.0,0.25,0.25,0.5,0.5986341665188472,-0.25,2.5649493574615367,-0.007176017438290789,-0.8852505215215343,0.05181017685539133
2019-11-19,0.941097997702085,-0.4615384615384615,1.0,5.0,7.0,13.0,0.0769230769230769,0.3846153846153846,0.5384615384615384,0.5203070599299211,-0.46153846153846156,2.6390573296152584,-0.35716524529759297,-1.565636810561032,0.10615500399876947
2019-11-20,0.9111263553301492,0.0,3.0,9.0,3.0,15.0,0.2,0.6,0.2,0.6377884487311044,0.0,2.772588722239781,0.16777717048899754,-0.08115763447485524,0.20407618898736474
2019-11-21,0.916313817103704,-0.4166666666666667,2.0,3.0,7.0,12.0,0.1666666666666666,0.25,0.5833333333333334,0.5164196719725928,-0.41666666666666674,2.5649493574615367,-0.37453527170129075,-1.4213124462193205,0.05181017685539133
2019-11-22,0.9386046528816224,-0.3928571428571428,4.0,9.0,15.0,28.0,0.1428571428571428,0.3214285714285714,0.5357142857142857,0.5391661141599928,-0.3928571428571429,3.367295829986474,-0.2728972809161193,-1.3447321712624938,0.6401865564980662
2019-11-23,0.9984663724899292,-1.0,0.0,0.0,1.0,1.0,0.0,0.0,1.0,0.3989264607429504,-1.0,0.6931471805599453,-0.8995305136777917,-3.297529182661571,-1.320819012610393
2019-11-24,0.9574764668941498,-0.6428571428571429,1.0,3.0,10.0,14.0,0.0714285714285714,0.2142857142857142,0.7142857142857143,0.4773763839687619,-0.6428571428571429,2.70805020110221,-0.5489925038988738,-2.148825058309173,0.15674882766063303
2019-11-25,0.946457796237048,-0.2352941176470588,3.0,7.0,7.0,17.0,0.1764705882352941,0.4117647058823529,0.4117647058823529,0.591932222071816,-0.23529411764705882,2.8903717578961645,-0.03712233442000364,-0.8379509399305531,0.2904487954309894
2019-11-26,0.9789968505501748,0.125,5.0,8.0,3.0,16.0,0.3125,0.5,0.1875,0.7227977953851223,0.125,2.833213344056216,0.5476246701854807,0.32088880904848427,0.24853341130094786
2019-11-27,0.9678721172469004,0.3571428571428571,8.0,3.0,3.0,14.0,0.5714285714285714,0.2142857142857142,0.2142857142857142,0.7846533392156874,0.3571428571428572,2.70805020110221,0.824013968435614,1.0675464898775435,0.15674882766063303
2019-11-28,0.9566185900143216,0.1428571428571428,5.0,6.0,3.0,14.0,0.3571428571428571,0.4285714285714285,0.2142857142857142,0.7124901558671679,0.1428571428571429,2.70805020110221,0.5015670159065603,0.3783240152661044,0.15674882766063303
2019-11-29,0.91531754391534,-0.6428571428571429,0.0,5.0,9.0,14.0,0.0,0.3571428571428571,0.6428571428571429,0.44786513788359517,-0.6428571428571429,2.70805020110221,-0.6808576867240189,-2.148825058309173,0.15674882766063303
2019-11-30,0.9463706527437482,-0.2857142857142857,2.0,1.0,4.0,7.0,0.2857142857142857,0.1428571428571428,0.5714285714285714,0.576745171206338,-0.2857142857142857,2.0794415416798357,-0.10498267597154609,-1.000120933956774,-0.3042222115452213
2019-12-01,0.891262431939443,-0.3333333333333333,0.0,6.0,3.0,9.0,0.0,0.6666666666666666,0.3333333333333333,0.5238837023576101,-0.3333333333333333,2.302585092994046,-0.3411837240068185,-1.1532814838704273,-0.14058667582747214
2019-12-02,0.9541564524173736,0.05,5.0,11.0,4.0,20.0,0.25,0.55,0.2,0.6829095166921615,0.04999999999999999,3.044522437723423,0.3693917637454033,0.07966094293448053,0.403490507486875
2019-12-03,0.8822971474040638,-0.1818181818181818,0.0,9.0,2.0,11.0,0.0,0.8181818181818182,0.1818181818181818,0.5630625486373901,-0.1818181818181818,2.4849066497880004,-0.1661207763884118,-0.6659524614178944,-0.006886708057115773
2019-12-04,0.942668104171753,0.1,3.0,5.0,2.0,10.0,0.3,0.5,0.2,0.6898676729202271,0.09999999999999998,2.3978952727983707,0.40048291253972607,0.2404795203438163,-0.07069385463778585
2019-12-05,0.9131829076343112,0.0,4.0,19.0,4.0,27.0,0.1481481481481481,0.7037037037037037,0.1481481481481481,0.6392280353440178,0.0,3.332204510175204,0.174209679348726,-0.08115763447485524,0.6144534045313554
2019-12-06,0.9268302917480468,-0.2777777777777778,2.0,9.0,7.0,18.0,0.1111111111111111,0.5,0.3888888888888889,0.5654478708902994,-0.2777777777777778,2.9444389791664403,-0.15546243434250076,-0.974594175637832,0.33009734751876035
2019-12-07,0.7012796044349671,0.2,2.0,2.0,1.0,5.0,0.4,0.4,0.2,0.5508957231044769,0.2,1.791759469228055,-0.22048583670030633,0.562116675162488,-0.5151851085897018
2019-12-08,0.9021031320095062,0.3,4.0,5.0,1.0,10.0,0.4,0.5,0.1,0.7214721924066543,0.30000000000000004,2.3978952727983707,0.5417014747160387,0.8837538299811596,-0.07069385463778585
2019-12-09,0.8767860106059483,-0.238095238095238,3.0,10.0,8.0,21.0,0.1428571428571428,0.4761904761904761,0.3809523809523809,0.5423216359955924,-0.23809523809523808,3.091042453358316,-0.2587974539362882,-0.846960384043121,0.43760454589480013
2019-12-10,0.9232708877987332,-0.2777777777777778,1.0,11.0,6.0,18.0,0.0555555555555555,0.6111111111111112,0.3333333333333333,0.5629562881257798,-0.2777777777777778,2.9444389791664403,-0.16659558052748993,-0.974594175637832,0.33009734751876035
2019-12-11,0.9001893312842758,0.074074074074074,8.0,13.0,6.0,27.0,0.2962962962962963,0.4814814814814814,0.2222222222222222,0.6523547541212151,0.07407407407407407,3.332204510175204,0.2328638333093552,0.15709210983527186,0.6144534045313554
2019-12-12,0.9337567389011384,-0.35,1.0,11.0,8.0,20.0,0.05,0.55,0.4,0.5486297172307969,-0.35000000000000003,3.044522437723423,-0.23061103703760596,-1.206887676340206,0.403490507486875
2019-12-13,0.9186744938294092,0.1666666666666666,6.0,9.0,3.0,18.0,0.3333333333333333,0.5,0.1666666666666666,0.6930721456805864,0.1666666666666667,2.9444389791664403,0.4148014670725815,0.45490429022293094,0.33009734751876035
2019-12-14,0.9516420125961303,-0.4,1.0,1.0,3.0,5.0,0.2,0.2,0.6,0.5461494088172912,-0.39999999999999997,1.791759469228055,-0.2416938060086547,-1.3677062537495417,-0.5151851085897018
2019-12-15,0.9436177828095176,0.0909090909090909,4.0,4.0,3.0,11.0,0.3636363636363636,0.3636363636363636,0.2727272727272727,0.6878051752393894,0.09090909090909088,2.4849066497880004,0.39126704842557747,0.21123977899666435,-0.006886708057115773
2019-12-16,0.9661382287740709,-0.2916666666666667,2.0,13.0,9.0,24.0,0.0833333333333333,0.5416666666666666,0.375,0.5887967601418496,-0.2916666666666667,3.2188758248682006,-0.05113252766779459,-1.0192660026959808,0.5313472604228624
2019-12-17,0.9278265919004168,0.0714285714285714,5.0,5.0,4.0,14.0,0.3571428571428571,0.3571428571428571,0.2857142857142857,0.6709071857588632,0.0714285714285714,2.70805020110221,0.31576171510971457,0.14858319039562437,0.15674882766063303
2019-12-18,0.9538211690055,-0.2222222222222222,2.0,10.0,6.0,18.0,0.1111111111111111,0.5555555555555556,0.3333333333333333,0.6010081516371832,-0.2222222222222222,2.9444389791664403,0.0034316668577277464,-0.7959068674052365,0.33009734751876035
2019-12-19,0.9067765662544652,0.0526315789473684,5.0,10.0,4.0,19.0,0.2631578947368421,0.5263157894736842,0.2105263157894736,0.6505330700623362,0.0526315789473685,2.995732273553991,0.22472399737086307,0.08812507858760375,0.36771172470511354
2019-12-20,0.9466479213341422,0.0434782608695652,6.0,12.0,5.0,23.0,0.2608695652173913,0.5217391304347826,0.217391304347826,0.6756970231947691,0.0434782608695653,3.1780538303479458,0.3371641590243387,0.058684606750654414,0.5014116924754702
2019-12-21,0.96267007291317,0.5,2.0,2.0,0.0,4.0,0.5,0.5,0.0,0.8238690510392189,0.5,1.6094379124341003,0.9992416424655287,1.5270281396185026,-0.6488850763600583
2019-12-22,0.96554924760546,-0.1428571428571428,0.0,6.0,1.0,7.0,0.0,0.8571428571428571,0.1428571428571428,0.6330273304666791,-0.1428571428571428,2.0794415416798357,0.1465030525280437,-0.5406392842158144,-0.3042222115452213
2019-12-23,0.93737730383873,0.0555555555555555,4.0,11.0,3.0,18.0,0.2222222222222222,0.6111111111111112,0.1666666666666666,0.6728307793537776,0.05555555555555561,2.9444389791664403,0.3243569137110421,0.09752967375774027,0.33009734751876035
2019-12-24,0.9541827812790872,0.0,1.0,6.0,1.0,8.0,0.125,0.75,0.125,0.667927946895361,0.0,2.1972245773362196,0.3024495738235841,-0.08115763447485524,-0.2178496051015963
2019-12-25,0.8285014629364014,0.0,0.0,1.0,0.0,1.0,0.0,1.0,0.0,0.5799510240554809,0.0,0.6931471805599453,-0.09065795478414646,-0.08115763447485524,-1.320819012610393
2019-12-26,0.9993366599082948,0.0,2.0,6.0,2.0,10.0,0.2,0.6,0.2,0.6995356619358063,0.0,2.3978952727983707,0.4436824147027891,-0.08115763447485524,-0.07069385463778585
2019-12-27,0.9892423351605734,0.0,2.0,2.0,2.0,6.0,0.3333333333333333,0.3333333333333333,0.3333333333333333,0.6924696346124013,0.0,1.9459101490553132,0.4121092651936396,-0.08115763447485524,-0.40214339653381637
2019-12-28,0.9576022823651632,0.0,0.0,3.0,0.0,3.0,0.0,1.0,0.0,0.6703215976556142,0.0,1.3862943611198906,0.3131451301619858,-0.08115763447485524,-0.8125206120778071
2019-12-29,0.9127756878733636,0.0,3.0,2.0,3.0,8.0,0.375,0.25,0.375,0.6389429815113545,0.0,2.1972245773362196,0.17293597251673803,-0.08115763447485524,-0.2178496051015963
2019-12-30,0.9312530126836563,-0.2222222222222222,1.0,5.0,3.0,9.0,0.1111111111111111,0.5555555555555556,0.3333333333333333,0.5852104422118928,-0.2222222222222222,2.302585092994046,-0.06715728203221794,-0.7959068674052365,-0.14058667582747214
2019-12-31,0.977642759680748,-0.75,0.0,1.0,3.0,4.0,0.0,0.25,0.75,0.4593499317765236,-0.75,1.6094379124341003,-0.6295401502828408,-2.493436295614892,-0.6488850763600583
2020-01-01,0.9373304843902588,0.25,2.0,1.0,1.0,4.0,0.5,0.25,0.25,0.7311313390731811,0.25,1.6094379124341003,0.5848614665862786,0.7229352525718238,-0.6488850763600583
2020-01-02,0.9753060042858124,0.0833333333333333,5.0,3.0,4.0,12.0,0.4166666666666667,0.25,0.3333333333333333,0.7077142030000686,0.08333333333333337,2.5649493574615367,0.48022661244928727,0.18687332787403788,0.05181017685539133
2020-01-03,0.9630489978525374,0.0,5.0,8.0,5.0,18.0,0.2777777777777778,0.4444444444444444,0.2777777777777778,0.6741342984967761,0.0,2.9444389791664403,0.3301814319171362,-0.08115763447485524,0.33009734751876035
2020-01-04,0.9879549741744996,0.5,1.0,1.0,0.0,2.0,0.5,0.5,0.0,0.8415684819221497,0.5,1.0986122886681098,1.078328058625089,1.5270281396185026,-1.0234835091222876
2020-01-05,0.8599687814712524,0.0,1.0,0.0,1.0,2.0,0.5,0.0,0.5,0.6019781470298766,0.0,1.0986122886681098,0.0077658999642502,-0.08115763447485524,-1.0234835091222876
2020-01-06,0.9183328397133772,0.2941176470588235,6.0,10.0,1.0,17.0,0.3529411764705882,0.5882352941176471,0.0588235294117647,0.7310682819170111,0.2941176470588235,2.8903717578961645,0.5845797081202759,0.8648339973447668,0.2904487954309894
2020-01-07,0.9925550384954972,0.0909090909090909,3.0,6.0,2.0,11.0,0.2727272727272727,0.5454545454545454,0.1818181818181818,0.7220612542195752,0.09090909090909091,2.4849066497880004,0.5443335812503397,0.21123977899666443,-0.006886708057115773
2020-01-08,0.9579137438221982,0.1578947368421052,5.0,12.0,2.0,19.0,0.2631578947368421,0.631578947368421,0.1052631578947368,0.7179080417281702,0.1578947368421053,2.995732273553991,0.525775770342922,0.4266905047125211,0.36771172470511354
2020-01-09,0.9697083234786988,-0.3636363636363636,0.0,7.0,4.0,11.0,0.0,0.6363636363636364,0.3636363636363636,0.5697049173441802,-0.3636363636363636,2.4849066497880004,-0.13644066185224038,-1.2507472883609336,-0.006886708057115773
2020-01-10,0.9385962257018456,0.4615384615384615,7.0,5.0,1.0,13.0,0.5384615384615384,0.3846153846153846,0.0769230769230769,0.7954788964528303,0.46153846153846156,2.6390573296152584,0.8723858358972676,1.4033215416113214,0.10615500399876947
2020-01-11,0.9369296073913574,0.6,3.0,2.0,0.0,5.0,0.6,0.4,0.0,0.8358507251739502,0.6,1.791759469228055,1.0527793902708236,1.8486652944371742,-0.5151851085897018
2020-01-12,0.9531892389059068,0.25,1.0,3.0,0.0,4.0,0.25,0.75,0.0,0.7422324672341347,0.25,1.6094379124341003,0.6344646683719631,0.7229352525718238,-0.6488850763600583
2020-01-13,0.9736383131572178,-0.0714285714285714,4.0,5.0,5.0,14.0,0.2857142857142857,0.3571428571428571,0.3571428571428571,0.660118247781481,-0.0714285714285714,2.70805020110221,0.2675534735881292,-0.31089845934533483,0.15674882766063303
2020-01-14,0.9280290053440974,0.2307692307692307,4.0,8.0,1.0,13.0,0.3076923076923077,0.6153846153846154,0.0769230769230769,0.7188510729716373,0.2307692307692308,2.6390573296152584,0.5299895194665861,0.6610819535682332,0.10615500399876947
2020-01-15,0.9418330589930216,0.2222222222222222,6.0,10.0,2.0,18.0,0.3333333333333333,0.5555555555555556,0.1111111111111111,0.7259498079617818,0.2222222222222222,2.9444389791664403,0.5617088167338457,0.633591598455526,0.33009734751876035
2020-01-16,0.7820347845554352,0.0,2.0,2.0,2.0,6.0,0.3333333333333333,0.3333333333333333,0.3333333333333333,0.5474243491888046,0.0,1.9459101490553132,-0.23599698640654154,-0.08115763447485524,-0.40214339653381637
2020-01-17,0.9328245893120766,0.0,3.0,2.0,3.0,8.0,0.375,0.25,0.375,0.6529772125184535,0.0,2.1972245773362196,0.23564516589409293,-0.08115763447485524,-0.2178496051015963
2020-01-18,0.9797085126241049,0.0,1.0,1.0,1.0,3.0,0.3333333333333333,0.3333333333333333,0.3333333333333333,0.6857959588368734,0.0,1.3862943611198906,0.3822892611952975,-0.08115763447485524,-0.8125206120778071
2020-01-19,0.9643701910972594,0.5,1.0,1.0,0.0,2.0,0.5,0.5,0.0,0.8250591337680816,0.5,1.0986122886681098,1.004559292427365,1.5270281396185026,-1.0234835091222876
2020-01-20,0.997149591644605,0.0833333333333333,3.0,7.0,2.0,12.0,0.25,0.5833333333333334,0.1666666666666666,0.7230047141512235,0.0833333333333334,2.5649493574615367,0.5485492458825941,0.18687332787403796,0.05181017685539133
2020-01-21,0.9422069072723388,0.1333333333333333,5.0,7.0,3.0,15.0,0.3333333333333333,0.4666666666666667,0.2,0.6995448350906371,0.1333333333333333,2.772588722239781,0.44372340313599046,0.3476919052833735,0.20407618898736474
2020-01-22,0.9314789346286227,0.0,4.0,13.0,4.0,21.0,0.1904761904761904,0.6190476190476191,0.1904761904761904,0.6520352542400358,0.0,3.091042453358316,0.23143621110313814,-0.08115763447485524,0.43760454589480013
2020-01-23,0.955732846961302,0.0,2.0,13.0,2.0,17.0,0.1176470588235294,0.7647058823529411,0.1176470588235294,0.6690129928729114,0.0,2.8903717578961645,0.3072978877778801,-0.08115763447485524,0.2904487954309894
2020-01-24,0.900948828458786,0.0,2.0,6.0,2.0,10.0,0.2,0.6,0.2,0.6306641799211502,0.0,2.3978952727983707,0.1359437803837833,-0.08115763447485524,-0.07069385463778585
2020-01-25,0.9999446868896484,0.3333333333333333,1.0,2.0,0.0,3.0,0.3333333333333333,0.6666666666666666,0.0,0.7999612808227539,0.3333333333333333,1.3862943611198906,0.8924144864234693,0.9909662149207167,-0.8125206120778071
2020-01-26,0.9980438351631165,-0.25,1.0,1.0,2.0,4.0,0.25,0.25,0.5,0.6236306846141815,-0.25,1.6094379124341003,0.10451599377400649,-0.8852505215215343,-0.6488850763600583
2020-01-27,0.9106766064961752,0.0666666666666666,6.0,4.0,5.0,15.0,0.4,0.2666666666666666,0.3333333333333333,0.6574736245473226,0.06666666666666671,2.772588722239781,0.255736496247711,0.1332671354042593,0.20407618898736474
2020-01-28,0.9264262879596036,0.2352941176470588,7.0,7.0,3.0,17.0,0.4117647058823529,0.4117647058823529,0.1764705882352941,0.7190866368658401,0.23529411764705882,2.8903717578961645,0.531042090269134,0.6756356709808427,0.2904487954309894
2020-01-29,0.920994941677366,-0.3571428571428571,0.0,9.0,5.0,14.0,0.0,0.6428571428571429,0.3571428571428571,0.537553602031299,-0.3571428571428571,2.70805020110221,-0.2801024733381653,-1.2298617588272538,0.15674882766063303
2020-01-30,0.9731141870672052,0.3636363636363636,5.0,5.0,1.0,11.0,0.4545454545454545,0.4545454545454545,0.0909090909090909,0.7902708400379528,0.3636363636363636,2.4849066497880004,0.8491146629576511,1.0884320194112231,-0.006886708057115773
2020-01-31,0.9879685640335084,0.1111111111111111,2.0,6.0,1.0,9.0,0.2222222222222222,0.6666666666666666,0.1111111111111111,0.7249113281567892,0.1111111111111111,2.302585092994046,0.5570685745376884,0.27621698199033545,-0.14058667582747214
2020-02-01,0.962186723947525,0.75,3.0,1.0,0.0,4.0,0.75,0.25,0.0,0.8985307067632674,0.75,1.6094379124341003,1.3328525260475754,2.3311210266651816,-0.6488850763600583
2020-02-02,0.9788325190544128,0.4,3.0,1.0,1.0,5.0,0.6,0.2,0.2,0.8051827633380889,0.39999999999999997,1.791759469228055,0.9157456512450398,1.205390984799831,-0.5151851085897018
2020-02-03,0.9455642948548,0.25,5.0,5.0,2.0,12.0,0.4166666666666667,0.4166666666666667,0.1666666666666666,0.7368950063983599,0.2500000000000001,2.5649493574615367,0.6106152772991389,0.7229352525718241,0.05181017685539133
2020-02-04,0.956817484818972,0.0769230769230769,4.0,6.0,3.0,13.0,0.3076923076923077,0.4615384615384615,0.2307692307692307,0.6928491624502034,0.07692307692307701,2.6390573296152584,0.413805110485112,0.16625556153950782,0.10615500399876947
2020-02-05,0.9444785431811684,0.4210526315789473,9.0,9.0,1.0,19.0,0.4736842105263157,0.4736842105263157,0.0526315789473684,0.787450769700502,0.4210526315789473,2.995732273553991,0.8365137348384338,1.2731040700248144,0.36771172470511354
2020-02-06,0.9404578544199468,0.375,8.0,6.0,2.0,16.0,0.5,0.375,0.125,0.7708204980939628,0.375,2.833213344056216,0.7622046460422697,1.1249816960951633,0.24853341130094786
2020-02-07,0.9022665023803712,0.5555555555555556,6.0,2.0,1.0,9.0,0.6666666666666666,0.2222222222222222,0.1111111111111111,0.7982532183329264,0.5555555555555556,2.302585092994046,0.8847823460574588,1.705715447851098,-0.14058667582747214
2020-02-08,0.8919335007667542,-0.3333333333333333,1.0,0.0,2.0,3.0,0.3333333333333333,0.0,0.6666666666666666,0.5243534505367279,-0.3333333333333333,1.3862943611198906,-0.3390847469137338,-1.1532814838704273,-0.8125206120778071
2020-02-09,0.9820584774017334,0.4,2.0,3.0,0.0,5.0,0.4,0.6,0.0,0.8074409341812133,0.4,1.791759469228055,0.9258358422935528,1.2053909847998312,-0.5151851085897018
2020-02-10,0.976789653301239,-0.25,1.0,4.0,3.0,8.0,0.125,0.5,0.375,0.6087527573108673,-0.25,2.1972245773362196,0.038036909893612775,-0.8852505215215343,-0.2178496051015963
2020-02-11,0.8976164956887563,0.25,4.0,7.0,1.0,12.0,0.3333333333333333,0.5833333333333334,0.0833333333333333,0.7033315469821294,0.25,2.5649493574615367,0.4606435783951694,0.7229352525718238,0.05181017685539133
2020-02-12,0.9519355513832786,0.0,2.0,7.0,2.0,11.0,0.1818181818181818,0.6363636363636364,0.1818181818181818,0.666354885968295,0.0,2.4849066497880004,0.2954206613153145,-0.08115763447485524,-0.006886708057115773
2020-02-13,0.9257762782713946,-0.0588235294117647,6.0,4.0,7.0,17.0,0.3529411764705882,0.2352941176470588,0.4117647058823529,0.6303963359664467,-0.05882352941176472,2.8903717578961645,0.13474697249726927,-0.2703559608387797,0.2904487954309894
2020-02-14,0.958307064496554,0.5384615384615384,7.0,6.0,0.0,13.0,0.5384615384615384,0.4615384615384615,0.0,0.8323534066860493,0.5384615384615384,2.6390573296152584,1.03715231236046,1.650734737625684,0.10615500399876947
2020-02-15,0.9867298347609385,0.2857142857142857,3.0,3.0,1.0,7.0,0.4285714285714285,0.4285714285714285,0.1428571428571428,0.7764251700469427,0.2857142857142857,2.0794415416798357,0.7872480172920566,0.8378056650070635,-0.3042222115452213
2020-02-16,0.8858592510223389,-0.25,1.0,1.0,2.0,4.0,0.25,0.25,0.5,0.5451014757156372,-0.25,1.6094379124341003,-0.246376288396533,-0.8852505215215343,-0.6488850763600583
2020-02-17,0.9687548918383462,-0.5,1.0,5.0,8.0,14.0,0.0714285714285714,0.3571428571428571,0.5714285714285714,0.5281284242868423,-0.5,2.70805020110221,-0.3222170212242666,-1.6893434085682133,0.15674882766063303
2020-02-18,0.9794250471251352,0.1428571428571428,2.0,4.0,1.0,7.0,0.2857142857142857,0.5714285714285714,0.1428571428571428,0.7284546758447374,0.1428571428571429,2.0794415416798357,0.5729013248504313,0.3783240152661044,-0.3042222115452213
2020-02-19,0.9167980812489986,0.0625,4.0,9.0,3.0,16.0,0.25,0.5625,0.1875,0.660508656874299,0.0625,2.833213344056216,0.26929793962160276,0.11986558728681451,0.24853341130094786
2020-02-20,0.9565784118392252,-0.1818181818181818,2.0,5.0,4.0,11.0,0.1818181818181818,0.4545454545454545,0.3636363636363636,0.615059433742003,-0.1818181818181818,2.4849066497880004,0.06621704970237352,-0.6659524614178944,-0.006886708057115773
2020-02-21,0.9779854872647452,0.0,3.0,11.0,3.0,17.0,0.1764705882352941,0.6470588235294118,0.1764705882352941,0.6845898410853216,0.0,2.8903717578961645,0.3768999618970558,-0.08115763447485524,0.2904487954309894
2020-02-22,0.9480939904848734,-0.3333333333333333,0.0,2.0,1.0,3.0,0.0,0.6666666666666666,0.3333333333333333,0.5636657933394114,-0.3333333333333333,1.3862943611198906,-0.16342529641136294,-1.1532814838704273,-0.8125206120778071
2020-02-23,0.8433555960655212,0.0,1.0,1.0,1.0,3.0,0.3333333333333333,0.3333333333333333,0.3333333333333333,0.5903489172458648,0.0,1.3862943611198906,-0.044197019770105594,-0.08115763447485524,-0.8125206120778071
2020-02-24,0.9615575194358824,-0.0666666666666666,2.0,10.0,3.0,15.0,0.1333333333333333,0.6666666666666666,0.2,0.6530902636051177,-0.06666666666666671,2.772588722239781,0.23615031237853917,-0.29558240435396976,0.20407618898736474
2020-02-25,0.939361249699312,-0.2941176470588235,2.0,8.0,7.0,17.0,0.1176470588235294,0.4705882352941176,0.4117647058823529,0.5693175806718713,-0.29411764705882354,2.8903717578961645,-0.13817139938062148,-1.0271492662944777,0.2904487954309894
2020-02-26,0.984051089733839,-0.5,3.0,2.0,11.0,16.0,0.1875,0.125,0.6875,0.5388357628136873,-0.5,2.833213344056216,-0.27437339075409084,-1.6893434085682133,0.24853341130094786
2020-02-27,0.9513582495542672,0.0769230769230769,4.0,6.0,3.0,13.0,0.3076923076923077,0.4615384615384615,0.2307692307692307,0.6890276977649101,0.07692307692307701,2.6390573296152584,0.39672964922089504,0.16625556153950782,0.10615500399876947
2020-02-28,0.9380129138628642,-0.2666666666666666,3.0,5.0,7.0,15.0,0.2,0.3333333333333333,0.4666666666666667,0.576609039704005,-0.26666666666666666,2.772588722239781,-0.1055909527414117,-0.9388567139913129,0.20407618898736474
2020-02-29,0.8888193964958191,-0.3333333333333333,1.0,0.0,2.0,3.0,0.3333333333333333,0.0,0.6666666666666666,0.5221735775470734,-0.3333333333333333,1.3862943611198906,-0.3488250794461804,-1.1532814838704273,-0.8125206120778071
2020-03-01,0.9205502569675446,-0.3333333333333333,0.0,4.0,2.0,6.0,0.0,0.6666666666666666,0.3333333333333333,0.5443851798772812,-0.3333333333333333,1.9459101490553132,-0.24957691507997137,-1.1532814838704273,-0.40214339653381637
2020-03-02,0.932323521375656,-0.2,2.0,4.0,4.0,10.0,0.2,0.4,0.4,0.5926264649629591,-0.2,2.3978952727983707,-0.034020246981829844,-0.7244319441121985,-0.07069385463778585
2020-03-03,0.9149226265795092,-0.1764705882352941,3.0,8.0,6.0,17.0,0.1764705882352941,0.4705882352941176,0.3529411764705882,0.5875046621350681,-0.1764705882352941,2.8903717578961645,-0.05690601277921719,-0.6487526135666286,0.2904487954309894
2020-03-04,0.9389370507315584,-0.3684210526315789,2.0,8.0,9.0,19.0,0.1052631578947368,0.4210526315789473,0.4736842105263157,0.5467296197226171,-0.3684210526315789,2.995732273553991,-0.23910124800933666,-1.2661366259120663,0.36771172470511354
2020-03-05,0.9663067428689254,0.2105263157894736,5.0,13.0,1.0,19.0,0.2631578947368421,0.6842105263157895,0.0526315789473684,0.7395726147450898,0.2105263157894737,2.995732273553991,0.622579642109649,0.5959732177749798,0.36771172470511354
2020-03-06,0.986391076019832,-0.0714285714285714,3.0,7.0,4.0,14.0,0.2142857142857142,0.5,0.2857142857142857,0.6690451817853109,-0.07142857142857151,2.70805020110221,0.3074417175845327,-0.31089845934533517,0.15674882766063303
2020-03-07,0.9598698765039444,-0.25,1.0,1.0,2.0,4.0,0.25,0.25,0.5,0.5969089135527611,-0.25,1.6094379124341003,-0.014884970057099737,-0.8852505215215343,-0.6488850763600583
2020-03-08,0.9958937466144562,0.0,0.0,2.0,0.0,2.0,0.0,1.0,0.0,0.6971256226301192,0.0,1.0986122886681098,0.43291362938131983,-0.08115763447485524,-1.0234835091222876
2020-03-09,0.935128453373909,-0.45,0.0,11.0,9.0,20.0,0.0,0.55,0.45,0.5195899173617363,-0.45,3.044522437723423,-0.36036965542627647,-1.5285248311588775,0.403490507486875
2020-03-10,0.97992871205012,-0.3333333333333333,1.0,4.0,4.0,9.0,0.1111111111111111,0.4444444444444444,0.4444444444444444,0.5859500984350839,-0.3333333333333333,2.302585092994046,-0.06385227407635655,-1.1532814838704273,-0.14058667582747214
2020-03-11,0.9528486828009288,-0.1666666666666666,1.0,8.0,3.0,12.0,0.0833333333333333,0.6666666666666666,0.25,0.6169940779606502,-0.16666666666666669,2.5649493574615367,0.07486162583641043,-0.6172195591726413,0.05181017685539133
2020-03-12,0.9919631640116374,-0.8,0.0,3.0,12.0,15.0,0.0,0.2,0.8,0.4543742148081462,-0.8,2.772588722239781,-0.6517731602285324,-2.6542548730242284,0.20407618898736474
2020-03-13,0.8772385853987473,-0.2307692307692307,5.0,0.0,8.0,13.0,0.3846153846153846,0.0,0.6153846153846154,0.5448362405483539,-0.23076923076923084,2.6390573296152584,-0.2475614394309736,-0.8233972225179438,0.10615500399876947
2020-03-14,0.997754712899526,0.0,1.0,1.0,1.0,3.0,0.3333333333333333,0.3333333333333333,0.3333333333333333,0.6984282990296682,0.0,1.3862943611198906,0.4387343819545182,-0.08115763447485524,-0.8125206120778071
2020-03-15,0.9974357783794402,-1.0,0.0,0.0,2.0,2.0,0.0,0.0,1.0,0.3982050448656081,-1.0,1.0986122886681098,-0.9027540182456494,-3.297529182661571,-1.0234835091222876
2020-03-16,0.941585396017347,-0.3571428571428571,0.0,9.0,5.0,14.0,0.0,0.6428571428571429,0.3571428571428571,0.5519669200692858,-0.3571428571428571,2.70805020110221,-0.21569940432809717,-1.2298617588272538,0.15674882766063303
2020-03-17,0.8838466927409172,-0.375,1.0,3.0,4.0,8.0,0.125,0.375,0.5,0.506192684918642,-0.375,2.1972245773362196,-0.42023254635135876,-1.2872969650448738,-0.2178496051015963
2020-03-18,0.9630501568317412,0.0,2.0,6.0,2.0,10.0,0.2,0.6,0.2,0.6741351097822188,0.0,2.3978952727983707,0.33018505698613254,-0.08115763447485524,-0.07069385463778585
2020-03-19,0.9089824333786964,-0.375,0.0,5.0,3.0,8.0,0.0,0.625,0.375,0.5237877033650875,-0.375,2.1972245773362196,-0.34161267657166394,-1.2872969650448738,-0.2178496051015963
2020-03-20,0.8974198579788208,-0.2,2.0,4.0,4.0,10.0,0.2,0.4,0.4,0.5681939005851746,-0.2,2.3978952727983707,-0.14319234223208974,-0.7244319441121985,-0.07069385463778585
2020-03-21,0.9999858140945436,-0.5,0.0,1.0,1.0,2.0,0.0,0.5,0.5,0.5499900698661805,-0.5,1.0986122886681098,-0.2245325695796802,-1.6893434085682133,-1.0234835091222876
2020-03-22,0.995277777314186,-0.25,0.0,3.0,1.0,4.0,0.0,0.75,0.25,0.6216944441199302,-0.25,1.6094379124341003,0.09586428499725576,-0.8852505215215343,-0.6488850763600583
2020-03-23,0.9411839281811434,-0.0588235294117647,5.0,6.0,6.0,17.0,0.2941176470588235,0.3529411764705882,0.3529411764705882,0.6411816909032708,-0.05882352941176472,2.8903717578961645,0.1829392039087798,-0.2703559608387797,0.2904487954309894
2020-03-24,0.9614330093065898,-0.1333333333333333,4.0,5.0,6.0,15.0,0.2666666666666666,0.3333333333333333,0.4,0.6330031065146128,-0.13333333333333341,2.772588722239781,0.1463948125757638,-0.5100071742330843,0.20407618898736474
2020-03-25,0.9818638786673546,-0.25,1.0,4.0,3.0,8.0,0.125,0.5,0.375,0.6123047150671482,-0.25,2.1972245773362196,0.05390813259859364,-0.8852505215215343,-0.2178496051015963
2020-03-26,0.9710135012865068,0.0,9.0,6.0,9.0,24.0,0.375,0.25,0.375,0.6797094509005547,0.0,3.2188758248682006,0.3550929008832613,-0.08115763447485524,0.5313472604228624
2020-03-27,0.9827769714243272,-0.1764705882352941,4.0,6.0,7.0,17.0,0.2352941176470588,0.3529411764705882,0.4117647058823529,0.6350027035264407,-0.17647058823529413,2.8903717578961645,0.1553296174559223,-0.6487526135666286,0.2904487954309894
2020-03-28,0.9482061564922332,-0.625,1.0,1.0,6.0,8.0,0.125,0.125,0.75,0.4762443095445632,-0.625,2.1972245773362196,-0.5540509551919104,-2.091389852091553,-0.2178496051015963
2020-03-29,0.9502702289157444,-0.3333333333333333,1.0,4.0,4.0,9.0,0.1111111111111111,0.4444444444444444,0.4444444444444444,0.5651891602410211,-0.3333333333333333,2.302585092994046,-0.1566184318550233,-1.1532814838704273,-0.14058667582747214
2020-03-30,0.9585134933392206,-0.0416666666666666,6.0,11.0,7.0,24.0,0.25,0.4583333333333333,0.2916666666666667,0.6584594453374545,-0.041666666666666685,3.2188758248682006,0.2601414420215497,-0.21517311564930178,0.5313472604228624
2020-03-31,0.9046047727266948,-0.1666666666666666,4.0,12.0,8.0,24.0,0.1666666666666666,0.5,0.3333333333333333,0.5832233409086864,-0.1666666666666667,3.2188758248682006,-0.07603625230284614,-0.6172195591726414,0.5313472604228624
2020-04-01,0.9380465554339544,-0.1428571428571428,4.0,16.0,8.0,28.0,0.1428571428571428,0.5714285714285714,0.2857142857142857,0.6137754459466253,-0.1428571428571429,3.367295829986474,0.0604798034710853,-0.5406392842158148,0.6401865564980662
2020-04-02,0.9730288982391356,0.0,4.0,10.0,4.0,18.0,0.2222222222222222,0.5555555555555556,0.2222222222222222,0.6811202287673949,0.0,2.9444389791664403,0.36139668354291843,-0.08115763447485524,0.33009734751876035
2020-04-03,0.9666297763586044,-0.15,3.0,11.0,6.0,20.0,0.15,0.55,0.3,0.631640843451023,-0.15,3.044522437723423,0.14030780874617974,-0.5636133667028626,0.403490507486875
2020-04-04,0.9935786326726278,-0.6666666666666666,0.0,1.0,2.0,3.0,0.0,0.3333333333333333,0.6666666666666666,0.4955050428708395,-0.6666666666666666,1.3862943611198906,-0.4679881669895382,-2.225405333265999,-0.8125206120778071
2020-04-05,0.9582770347595216,-0.2,1.0,2.0,2.0,5.0,0.2,0.4,0.4,0.6107939243316651,-0.2,1.791759469228055,0.04715746216027727,-0.7244319441121985,-0.5151851085897018
2020-04-06,0.9394077387723055,0.0909090909090909,8.0,8.0,6.0,22.0,0.3636363636363636,0.3636363636363636,0.2727272727272727,0.684858144413341,0.09090909090909088,3.1354942159291497,0.378098822402633,0.21123977899666435,0.4702018938308565
2020-04-07,0.93908599560911,0.1818181818181818,7.0,12.0,3.0,22.0,0.3181818181818182,0.5454545454545454,0.1363636363636363,0.7119056514718315,0.18181818181818188,3.1354942159291497,0.49895527329390665,0.5036371924681843,0.4702018938308565
2020-04-08,0.9021225538518692,-0.2777777777777778,3.0,7.0,8.0,18.0,0.1666666666666666,0.3888888888888889,0.4444444444444444,0.5481524543629751,-0.2777777777777778,2.9444389791664403,-0.23274359203509237,-0.974594175637832,0.33009734751876035
2020-04-09,0.9051324015571958,-0.1428571428571428,2.0,14.0,5.0,21.0,0.0952380952380952,0.6666666666666666,0.238095238095238,0.5907355382328942,-0.1428571428571428,3.091042453358316,-0.042469480140246034,-0.5406392842158144,0.43760454589480013
2020-04-10,0.9223117927710216,-0.1666666666666666,1.0,8.0,3.0,12.0,0.0833333333333333,0.6666666666666666,0.25,0.5956182549397151,-0.16666666666666669,2.5649493574615367,-0.02065202352149762,-0.6172195591726413,0.05181017685539133
2020-04-11,0.8687642961740494,0.0,1.0,2.0,1.0,4.0,0.25,0.5,0.25,0.6081350073218346,0.0,1.6094379124341003,0.035276615902334024,-0.08115763447485524,-0.6488850763600583
2020-04-12,0.9084301739931108,0.25,1.0,3.0,0.0,4.0,0.25,0.75,0.0,0.7109011217951775,0.25,1.6094379124341003,0.49446673055047297,0.7229352525718238,-0.6488850763600583
2020-04-13,0.943929951924544,-0.3846153846153846,0.0,8.0,5.0,13.0,0.0,0.6153846153846154,0.3846153846153846,0.5453663509625655,-0.3846153846153846,2.6390573296152584,-0.24519274559521387,-1.318223614546669,0.10615500399876947
2020-04-14,0.8888527154922485,-0.2352941176470588,2.0,9.0,6.0,17.0,0.1176470588235294,0.5294117647058824,0.3529411764705882,0.5516086655504563,-0.23529411764705882,2.8903717578961645,-0.21730019398933537,-0.8379509399305531,0.2904487954309894
2020-04-15,0.9558776319026948,0.25,5.0,5.0,2.0,12.0,0.4166666666666667,0.4166666666666667,0.1666666666666666,0.7441143423318863,0.2500000000000001,2.5649493574615367,0.6428734560965802,0.7229352525718241,0.05181017685539133
2020-04-16,0.9099168506535616,0.2272727272727272,8.0,11.0,3.0,22.0,0.3636363636363636,0.5,0.1363636363636363,0.7051236136393112,0.2272727272727273,3.1354942159291497,0.46865107481542057,0.6498358992039439,0.4702018938308565
2020-04-17,0.9466841703369504,0.1904761904761904,5.0,15.0,1.0,21.0,0.238095238095238,0.7142857142857143,0.0476190476190476,0.7198217763787224,0.1904761904761904,3.091042453358316,0.5343269161957808,0.5314845651797572,0.43760454589480013
2020-04-18,0.9808606207370758,-0.5,0.0,1.0,1.0,2.0,0.0,0.5,0.5,0.536602434515953,-0.5,1.0986122886681098,-0.2843525777880576,-1.6893434085682133,-1.0234835091222876
2020-04-19,0.9502372401101248,0.1428571428571428,1.0,6.0,0.0,7.0,0.1428571428571428,0.8571428571428571,0.0,0.7080232109342302,0.1428571428571428,2.0794415416798357,0.48160735345951233,0.378324015266104,-0.3042222115452213
2020-04-20,0.9441696060331244,-0.1578947368421052,2.0,12.0,5.0,19.0,0.1052631578947368,0.631578947368421,0.2631578947368421,0.6135503031705554,-0.1578947368421053,2.995732273553991,0.05947379737962654,-0.5890057736622316,0.36771172470511354
2020-04-21,0.9536974997747512,0.0,5.0,11.0,5.0,21.0,0.238095238095238,0.5238095238095238,0.238095238095238,0.6675882498423258,0.0,3.091042453358316,0.3009317045382828,-0.08115763447485524,0.43760454589480013
2020-04-22,0.9348123761323782,-0.0769230769230769,3.0,6.0,4.0,13.0,0.2307692307692307,0.4615384615384615,0.3076923076923077,0.6312917402157416,-0.07692307692307701,2.6390573296152584,0.13874790979062984,-0.32857083048921826,0.10615500399876947
2020-04-23,0.9532794713974,0.1333333333333333,4.0,9.0,2.0,15.0,0.2666666666666666,0.6,0.1333333333333333,0.70729562997818,0.1333333333333333,2.772588722239781,0.47835630145334596,0.3476919052833735,0.20407618898736474
2020-04-24,0.944761786609888,0.125,5.0,8.0,3.0,16.0,0.3125,0.5,0.1875,0.6988332506269215,0.125,2.833213344056216,0.4405438283009393,0.32088880904848427,0.24853341130094786
2020-04-25,0.9987131059169768,0.0,0.0,2.0,0.0,2.0,0.0,1.0,0.0,0.6990991741418837,0.0,1.0986122886681098,0.44173205508122515,-0.08115763447485524,-1.0234835091222876
2020-04-26,0.881428043047587,0.1666666666666666,2.0,3.0,1.0,6.0,0.3333333333333333,0.5,0.1666666666666666,0.6669996301333109,0.1666666666666667,1.9459101490553132,0.29830157345809266,0.45490429022293094,-0.40214339653381637
2020-04-27,0.941198684667286,0.3157894736842105,8.0,9.0,2.0,19.0,0.4210526315789473,0.4736842105263157,0.1052631578947368,0.7535759213723633,0.3157894736842105,2.995732273553991,0.6851506559947629,0.934538643899897,0.36771172470511354
2020-04-28,0.9816309263308844,0.25,3.0,9.0,0.0,12.0,0.25,0.75,0.0,0.762141648431619,0.25,2.5649493574615367,0.7234249179977754,0.7229352525718238,0.05181017685539133
2020-04-29,0.902742063999176,0.25,8.0,9.0,3.0,20.0,0.4,0.45,0.15,0.7069194447994231,0.25,3.044522437723423,0.4766753921745673,0.7229352525718238,0.403490507486875
2020-04-30,0.9365896838051933,0.1428571428571428,5.0,6.0,3.0,14.0,0.3571428571428571,0.4285714285714285,0.2142857142857142,0.698469921520778,0.1428571428571429,2.70805020110221,0.4389203638471159,0.3783240152661044,0.15674882766063303
2020-05-01,0.9570916154805352,0.0,4.0,9.0,4.0,17.0,0.2352941176470588,0.5294117647058824,0.2352941176470588,0.6699641308363746,0.0,2.8903717578961645,0.31154786018101277,-0.08115763447485524,0.2904487954309894
2020-05-02,0.9344957888126372,0.0,2.0,6.0,2.0,10.0,0.2,0.6,0.2,0.6541470521688459,0.0,2.3978952727983707,0.2408723636521922,-0.08115763447485524,-0.07069385463778585
2020-05-03,0.9167912602424622,0.0,0.0,5.0,0.0,5.0,0.0,1.0,0.0,0.6417538821697235,0.0,1.791759469228055,0.1854959277334529,-0.08115763447485524,-0.5151851085897018
2020-05-04,0.9439079016447068,-0.1875,5.0,16.0,11.0,32.0,0.15625,0.5,0.34375,0.6044855311512948,-0.1875,3.4965075614664802,0.01896965139614446,-0.6842272997598645,0.7349400493829054
2020-05-05,0.952721438624642,0.1818181818181818,4.0,5.0,2.0,11.0,0.3636363636363636,0.4545454545454545,0.1818181818181818,0.7214504615827039,0.1818181818181818,2.4849066497880004,0.5416043748150419,0.503637192468184,-0.006886708057115773
2020-05-06,0.9555737055264988,0.3076923076923077,5.0,7.0,1.0,13.0,0.3846153846153846,0.5384615384615384,0.0769230769230769,0.7612092861762414,0.3076923076923077,2.6390573296152584,0.7192588411432155,0.9084951495825958,0.10615500399876947
2020-05-07,0.9404612654133848,0.1052631578947368,6.0,9.0,4.0,19.0,0.3157894736842105,0.4736842105263157,0.2105263157894736,0.6899018331577904,0.10526315789473692,2.995732273553991,0.4006355508240817,0.2574077916500625,0.36771172470511354
2020-05-08,0.9461852598190308,-0.16,3.0,15.0,7.0,25.0,0.12,0.6,0.28,0.6143296818733215,-0.16000000000000003,3.258096538021482,0.06295629740126865,-0.5957770821847299,0.5601085773879774
2020-05-09,0.9244284689426422,-0.2,2.0,4.0,4.0,10.0,0.2,0.4,0.4,0.5870999282598495,-0.2,2.3978952727983707,-0.058714486277666456,-0.7244319441121985,-0.07069385463778585
2020-05-10,0.8232213258743286,-0.5,0.0,1.0,1.0,2.0,0.0,0.5,0.5,0.4262549281120299,-0.5,1.0986122886681098,-0.7774186470505807,-1.6893434085682133,-1.0234835091222876
2020-05-11,0.9747424423694612,-0.0625,3.0,9.0,4.0,16.0,0.1875,0.5625,0.25,0.6635697096586227,-0.0625,2.833213344056216,0.2829756502773092,-0.28218085623652495,0.24853341130094786
2020-05-12,0.9561892946561178,0.25,5.0,5.0,2.0,12.0,0.4166666666666667,0.4166666666666667,0.1666666666666666,0.7443325062592824,0.2500000000000001,2.5649493574615367,0.6438482785791317,0.7229352525718241,0.05181017685539133
2020-05-13,0.8613424797852834,0.0,4.0,4.0,4.0,12.0,0.3333333333333333,0.3333333333333333,0.3333333333333333,0.6029397358496984,0.0,2.5649493574615367,0.01206256995786826,-0.08115763447485524,0.05181017685539133
2020-05-14,0.9271166703917764,-0.3636363636363636,2.0,3.0,6.0,11.0,0.1818181818181818,0.2727272727272727,0.5454545454545454,0.5398907601833343,-0.36363636363636365,2.4849066497880004,-0.2696593430779248,-1.2507472883609339,-0.006886708057115773
2020-05-15,0.9970812542097908,0.2857142857142857,2.0,5.0,0.0,7.0,0.2857142857142857,0.7142857142857143,0.0,0.7836711636611392,0.2857142857142857,2.0794415416798357,0.8196253106780557,0.8378056650070635,-0.3042222115452213
2020-05-16,0.7139219045639038,-0.3333333333333333,0.0,2.0,1.0,3.0,0.0,0.6666666666666666,0.3333333333333333,0.39974533319473265,-0.3333333333333333,1.3862943611198906,-0.89587154362776,-1.1532814838704273,-0.8125206120778071
2020-05-17,0.4823522269725799,0.0,0.0,1.0,0.0,1.0,0.0,1.0,0.0,0.3376465588808059,0.0,0.6931471805599453,-1.1733476693220677,-0.08115763447485524,-1.320819012610393
2020-05-18,0.991918683052063,0.2,1.0,4.0,0.0,5.0,0.2,0.8,0.0,0.754343078136444,0.2,1.791759469228055,0.6885785446938406,0.562116675162488,-0.5151851085897018
2020-05-19,0.8791762590408325,0.1428571428571428,2.0,4.0,1.0,7.0,0.2857142857142857,0.5714285714285714,0.1428571428571428,0.6582805241857256,0.1428571428571429,2.0794415416798357,0.2593419681424756,0.3783240152661044,-0.3042222115452213
2020-05-20,0.9348397304614384,0.0,3.0,6.0,3.0,12.0,0.25,0.5,0.25,0.6543878113230068,0.0,2.5649493574615367,0.2419481484492364,-0.08115763447485524,0.05181017685539133
2020-05-21,0.956251275539398,-0.0666666666666666,3.0,8.0,4.0,15.0,0.2,0.5333333333333333,0.2666666666666666,0.6493758928775786,-0.0666666666666666,2.772588722239781,0.21955337934311922,-0.2955824043539694,0.20407618898736474
2020-05-22,0.9702670216560364,0.1,3.0,5.0,2.0,10.0,0.3,0.5,0.2,0.7091869151592255,0.09999999999999998,2.3978952727983707,0.4868071362792739,0.2404795203438163,-0.07069385463778585
2020-05-23,0.9155572255452474,-0.3333333333333333,1.0,0.0,2.0,3.0,0.3333333333333333,0.0,0.6666666666666666,0.5408900578816732,-0.3333333333333333,1.3862943611198906,-0.2651941783977235,-1.1532814838704273,-0.8125206120778071
2020-05-24,0.9491243362426758,0.5,3.0,0.0,1.0,4.0,0.75,0.0,0.25,0.814387035369873,0.5,1.6094379124341003,0.9568731255218252,1.5270281396185026,-0.6488850763600583
2020-05-25,0.9128242433071136,0.5,1.0,1.0,0.0,2.0,0.5,0.5,0.0,0.7889769703149795,0.5,1.0986122886681098,0.8433332612818489,1.5270281396185026,-1.0234835091222876
2020-05-26,0.9534710862419822,0.0909090909090909,2.0,8.0,1.0,11.0,0.1818181818181818,0.7272727272727273,0.0909090909090909,0.6947024876421147,0.0909090909090909,2.4849066497880004,0.4220863285861893,0.21123977899666435,-0.006886708057115773
2020-05-27,0.9282734394073486,0.1428571428571428,5.0,6.0,3.0,14.0,0.3571428571428571,0.4285714285714285,0.2142857142857142,0.6926485504422868,0.1428571428571429,2.70805020110221,0.41290871529310597,0.3783240152661044,0.15674882766063303
2020-05-28,0.889286743743079,0.0,3.0,8.0,3.0,14.0,0.2142857142857142,0.5714285714285714,0.2142857142857142,0.6225007206201553,0.0,2.70805020110221,0.09946697252196961,-0.08115763447485524,0.15674882766063303
2020-05-29,0.9583377748727798,0.0,2.0,16.0,2.0,20.0,0.1,0.8,0.1,0.6708364424109459,0.0,3.044522437723423,0.31544561241178504,-0.08115763447485524,0.403490507486875
2020-05-30,0.8772471249103546,0.0,1.0,0.0,1.0,2.0,0.5,0.0,0.5,0.6140729874372481,0.0,1.0986122886681098,0.06180930893980809,-0.08115763447485524,-1.0234835091222876
2020-05-31,0.9338657557964324,0.5,1.0,1.0,0.0,2.0,0.5,0.5,0.0,0.8037060290575027,0.5,1.0986122886681098,0.9091471553587024,1.5270281396185026,-1.0234835091222876
2020-06-01,0.9773471474647522,0.4,8.0,5.0,2.0,15.0,0.5333333333333333,0.3333333333333333,0.1333333333333333,0.8041430032253265,0.4,2.772588722239781,0.9110996882461199,1.2053909847998312,0.20407618898736474
2020-06-02,0.8965298788888114,0.1428571428571428,6.0,12.0,3.0,21.0,0.2857142857142857,0.5714285714285714,0.1428571428571428,0.6704280580793107,0.1428571428571429,3.091042453358316,0.3136208275687939,0.3783240152661044,0.43760454589480013
2020-06-03,0.8975035957992077,-0.125,4.0,6.0,6.0,16.0,0.25,0.375,0.375,0.5907525170594453,-0.125,2.833213344056216,-0.04239361360242299,-0.4832040779981947,0.24853341130094786
2020-06-04,0.9834749341011048,-0.05,1.0,17.0,2.0,20.0,0.05,0.85,0.1,0.6734324538707733,-0.05,3.044522437723423,0.32704537762598185,-0.24197621188419108,0.403490507486875
2020-06-05,0.9310969799757004,-0.25,3.0,9.0,8.0,20.0,0.15,0.45,0.4,0.5767678859829903,-0.25,3.044522437723423,-0.10488117947195894,-0.8852505215215343,0.403490507486875
2020-06-06,0.9169889887173972,0.3333333333333333,1.0,2.0,0.0,3.0,0.3333333333333333,0.6666666666666666,0.0,0.741892292102178,0.3333333333333333,1.3862943611198906,0.632944662885289,0.9909662149207167,-0.8125206120778071
2020-06-07,0.9385454654693604,0.0,0.0,4.0,0.0,4.0,0.0,1.0,0.0,0.6569818258285522,0.0,1.6094379124341003,0.2535389906670699,-0.08115763447485524,-0.6488850763600583
2020-06-08,0.8747348471691734,0.4210526315789473,9.0,9.0,1.0,19.0,0.4736842105263157,0.4736842105263157,0.0526315789473684,0.7386301824921054,0.4210526315789473,2.995732273553991,0.6183685694568217,1.2731040700248144,0.36771172470511354
2020-06-09,0.973067304262748,0.0769230769230769,5.0,18.0,3.0,26.0,0.1923076923076923,0.6923076923076923,0.1153846153846153,0.7042240360608467,0.076923076923077,3.295836866004329,0.46463148982374364,0.16625556153950777,0.5877842989190949
2020-06-10,0.8816906006439872,0.1304347826086956,6.0,14.0,3.0,23.0,0.2608695652173913,0.6086956521739131,0.1304347826086956,0.6563138552333997,0.1304347826086957,3.1780538303479458,0.2505542958020203,0.33836908920167313,0.5014116924754702
2020-06-11,0.9287229544586606,-0.2222222222222222,0.0,14.0,4.0,18.0,0.0,0.7777777777777778,0.2222222222222222,0.5834394014543958,-0.2222222222222222,2.9444389791664403,-0.07507082836652575,-0.7959068674052365,0.33009734751876035
2020-06-12,0.9281447529792786,-0.3529411764705882,1.0,9.0,7.0,17.0,0.0588235294117647,0.5294117647058824,0.4117647058823529,0.5438189741443186,-0.3529411764705882,2.8903717578961645,-0.25210689372873096,-1.216347592658402,0.2904487954309894
2020-06-13,0.7925333891596112,0.4285714285714285,3.0,4.0,0.0,7.0,0.4285714285714285,0.5714285714285714,0.0,0.6833448009831564,0.4285714285714285,2.0794415416798357,0.3713367457514939,1.2972873147480228,-0.3042222115452213
2020-06-14,0.912674993276596,-0.3333333333333333,0.0,4.0,2.0,6.0,0.0,0.6666666666666666,0.3333333333333333,0.5388724952936171,-0.3333333333333333,1.9459101490553132,-0.2742092589120265,-1.1532814838704273,-0.40214339653381637
2020-06-15,0.957843087968372,0.0952380952380952,5.0,13.0,3.0,21.0,0.238095238095238,0.6190476190476191,0.1428571428571428,0.6990615901492889,0.0952380952380952,3.091042453358316,0.4415641184227557,0.22516346535245096,0.43760454589480013
2020-06-16,0.9220093687375388,0.0833333333333333,7.0,12.0,5.0,24.0,0.2916666666666667,0.5,0.2083333333333333,0.6704065581162771,0.0833333333333334,3.2188758248682006,0.3135247592242728,0.18687332787403796,0.5313472604228624
2020-06-17,0.9308437705039978,0.05,4.0,13.0,3.0,20.0,0.2,0.65,0.15,0.6665906393527984,0.05000000000000002,3.044522437723423,0.296474078817899,0.07966094293448062,0.403490507486875
2020-06-18,0.9320994367202124,-0.0416666666666666,5.0,13.0,6.0,24.0,0.2083333333333333,0.5416666666666666,0.25,0.6399696057041487,-0.04166666666666671,3.2188758248682006,0.1775232402479901,-0.21517311564930186,0.5313472604228624
2020-06-19,0.9509980992267006,0.0,4.0,11.0,4.0,19.0,0.2105263157894736,0.5789473684210527,0.2105263157894736,0.6656986694586904,0.0,2.995732273553991,0.29248848726335613,-0.08115763447485524,0.36771172470511354
2020-06-20,0.9975533485412598,-0.3333333333333333,0.0,2.0,1.0,3.0,0.0,0.6666666666666666,0.3333333333333333,0.5982873439788818,-0.3333333333333333,1.3862943611198906,-0.00872572555662725,-1.1532814838704273,-0.8125206120778071
2020-06-21,0.9000428467988968,0.0,0.0,4.0,0.0,4.0,0.0,1.0,0.0,0.6300299927592277,0.0,1.6094379124341003,0.1331100401272406,-0.08115763447485524,-0.6488850763600583
2020-06-22,0.9329616184587832,0.037037037037037,5.0,18.0,4.0,27.0,0.1851851851851851,0.6666666666666666,0.1481481481481481,0.6641842440322593,0.03703703703703698,3.332204510175204,0.28572157592538455,0.037967237680208134,0.6144534045313554
2020-06-23,0.9556447579747156,0.1904761904761904,6.0,13.0,2.0,21.0,0.2857142857142857,0.6190476190476191,0.0952380952380952,0.726094187725158,0.1904761904761905,3.091042453358316,0.5623539492314337,0.5314845651797574,0.43760454589480013
2020-06-24,0.917138744677816,-0.0357142857142857,5.0,17.0,6.0,28.0,0.1785714285714285,0.6071428571428571,0.2142857142857142,0.6312828355601855,-0.0357142857142857,3.367295829986474,0.1387081210934831,-0.19602804691009504,0.6401865564980662
2020-06-25,0.960151026248932,-0.24,1.0,17.0,7.0,25.0,0.04,0.68,0.28,0.6001057183742524,-0.24000000000000002,3.258096538021482,-0.0006006781967793954,-0.8530868060396671,0.5601085773879774
2020-06-26,0.8921843710399809,-0.1904761904761904,4.0,9.0,8.0,21.0,0.1904761904761904,0.4285714285714285,0.3809523809523809,0.5673862025851295,-0.19047619047619047,3.091042453358316,-0.14680138144839666,-0.6937998341294678,0.43760454589480013
2020-06-27,0.9989841133356094,0.25,1.0,3.0,0.0,4.0,0.25,0.75,0.0,0.7742888793349265,0.25,1.6094379124341003,0.7777024235717948,0.7229352525718238,-0.6488850763600583
2020-06-28,0.9742721319198608,-1.0,0.0,0.0,1.0,1.0,0.0,0.0,1.0,0.38199049234390253,-1.0,0.6931471805599453,-0.9752055483007396,-3.297529182661571,-1.320819012610393
2020-06-29,0.9490050863135944,0.0454545454545454,2.0,19.0,1.0,22.0,0.0909090909090909,0.8636363636363636,0.0454545454545454,0.6779399240558797,0.0454545454545455,3.1354942159291497,0.3471861191698196,0.06504107226090472,0.4702018938308565
2020-06-30,0.941489957627796,0.0476190476190476,6.0,10.0,5.0,21.0,0.2857142857142857,0.4761904761904761,0.238095238095238,0.6733286846251714,0.0476190476190477,3.091042453358316,0.3265817052177264,0.07200291543879817,0.43760454589480013
2020-07-01,0.9338220357894896,0.0588235294117647,4.0,10.0,3.0,17.0,0.2352941176470588,0.5882352941176471,0.1764705882352941,0.6713224838761722,0.05882352941176469,2.8903717578961645,0.31761739284042945,0.10804069188906919,0.2904487954309894
2020-07-02,0.9149264286864888,0.0909090909090909,6.0,12.0,4.0,22.0,0.2727272727272727,0.5454545454545454,0.1818181818181818,0.6677212273532693,0.09090909090909091,3.1354942159291497,0.3015258883196656,0.21123977899666443,0.4702018938308565
2020-07-03,0.912856936454773,0.5,3.0,3.0,0.0,6.0,0.5,0.5,0.0,0.7889998555183411,0.5,1.9459101490553132,0.8434355192995739,1.5270281396185026,-0.40214339653381637
2020-07-04,0.9724222719669342,0.0,1.0,0.0,1.0,2.0,0.5,0.0,0.5,0.6806955903768539,0.0,1.0986122886681098,0.3594992706433864,-0.08115763447485524,-1.0234835091222876
2020-07-05,0.784085214138031,0.0,0.0,2.0,0.0,2.0,0.0,1.0,0.0,0.5488596498966216,0.0,1.0986122886681098,-0.22958362826845577,-0.08115763447485524,-1.0234835091222876
2020-07-06,0.955545551776886,0.2,8.0,14.0,3.0,25.0,0.32,0.56,0.12,0.7288818862438202,0.2,3.258096538021482,0.5748102302628723,0.562116675162488,0.5601085773879774
2020-07-07,0.9304466795921326,0.08,8.0,11.0,6.0,25.0,0.32,0.44,0.24,0.6753126757144928,0.08000000000000002,3.258096538021482,0.33544677811101675,0.1761520893800821,0.5601085773879774
2020-07-08,0.8983366021088192,-0.1428571428571428,1.0,10.0,3.0,14.0,0.0714285714285714,0.7142857142857143,0.2142857142857142,0.5859784786190305,-0.1428571428571428,2.70805020110221,-0.06372546282162586,-0.5406392842158144,0.15674882766063303
2020-07-09,0.955700905699479,-0.1578947368421052,3.0,10.0,6.0,19.0,0.1578947368421052,0.5263157894736842,0.3157894736842105,0.6216222129370037,-0.1578947368421053,2.995732273553991,0.09554153420202342,-0.5890057736622316,0.36771172470511354
2020-07-10,0.8901833519339561,-0.1875,2.0,9.0,5.0,16.0,0.125,0.5625,0.3125,0.5668783463537692,-0.1875,2.833213344056216,-0.14907063685712962,-0.6842272997598645,0.24853341130094786
2020-07-11,0.9698906689882278,-0.25,0.0,3.0,1.0,4.0,0.0,0.75,0.25,0.6039234682917595,-0.25,1.6094379124341003,0.016458184360223525,-0.8852505215215343,-0.6488850763600583
2020-07-12,0.8410705402493477,-0.5,0.0,2.0,2.0,4.0,0.0,0.5,0.5,0.4387493781745433,-0.5,1.6094379124341003,-0.7215896611433711,-1.6893434085682133,-0.6488850763600583
2020-07-13,0.9215090368923388,0.2631578947368421,8.0,8.0,3.0,19.0,0.4210526315789473,0.4210526315789473,0.1578947368421052,0.7240036942456898,0.2631578947368421,2.995732273553991,0.5530129914125292,0.7652559308374384,0.36771172470511354
2020-07-14,0.9357479179606718,-0.1176470588235294,2.0,11.0,4.0,17.0,0.1176470588235294,0.6470588235294118,0.2352941176470588,0.6197294249254114,-0.1176470588235294,2.8903717578961645,0.08708398427419042,-0.45955428720270414,0.2904487954309894
2020-07-15,0.962188182906671,-0.1590909090909091,7.0,23.0,14.0,44.0,0.1590909090909091,0.5227272727272727,0.3181818181818182,0.6258044553073969,-0.1590909090909091,3.8066624897703196,0.11422905939833043,-0.5928531080500146,0.9623827316813243
2020-07-16,0.9567909011474024,-0.2884615384615384,2.0,33.0,17.0,52.0,0.0384615384615384,0.6346153846153846,0.3269230769230769,0.5832151692647201,-0.28846153846153855,3.970291913552122,-0.07607276568227102,-1.008957119528716,1.082375392289378
2020-07-17,0.942294489253651,-0.0454545454545454,7.0,7.0,8.0,22.0,0.3181818181818182,0.3181818181818182,0.3636363636363636,0.645969778841192,-0.045454545454545414,3.1354942159291497,0.20433383053670118,-0.2273563412106149,0.4702018938308565
2020-07-18,0.962296098470688,-0.1666666666666666,0.0,5.0,1.0,6.0,0.0,0.8333333333333334,0.1666666666666666,0.6236072689294816,-0.1666666666666666,1.9459101490553132,0.10441136540504455,-0.617219559172641,-0.40214339653381637
2020-07-19,0.97627092897892,-0.25,0.0,3.0,1.0,4.0,0.0,0.75,0.25,0.6083896502852439,-0.25,1.6094379124341003,0.03641443776279393,-0.8852505215215343,-0.6488850763600583
2020-07-20,0.9402606773376464,-0.04,4.0,16.0,5.0,25.0,0.16,0.64,0.2,0.6461824741363524,-0.04000000000000001,3.258096538021482,0.20528421751464979,-0.20981249640232388,0.5601085773879774
2020-07-21,0.9608654230833054,0.4375,7.0,9.0,0.0,16.0,0.4375,0.5625,0.0,0.8038557961583137,0.4375,2.833213344056216,0.9098163601111092,1.326004917856833,0.24853341130094786
2020-07-22,0.945265704079678,0.2105263157894736,6.0,11.0,2.0,19.0,0.3157894736842105,0.5789473684210527,0.1052631578947368,0.7248438875926166,0.21052631578947373,2.995732273553991,0.5567672296775367,0.5959732177749799,0.36771172470511354
2020-07-23,0.9143952131271362,0.0555555555555555,8.0,22.0,6.0,36.0,0.2222222222222222,0.6111111111111112,0.1666666666666666,0.6567433158556619,0.05555555555555561,3.6109179126442243,0.25247325589294217,0.09752967375774027,0.8188394002553128
2020-07-24,0.943704428581091,0.1153846153846153,7.0,15.0,4.0,26.0,0.2692307692307692,0.5769230769230769,0.1538461538461538,0.6952084846221483,0.11538461538461542,3.295836866004329,0.4243472762970567,0.289962159546689,0.5877842989190949
2020-07-25,0.987357810139656,-0.25,0.0,3.0,1.0,4.0,0.0,0.75,0.25,0.6161504670977592,-0.25,1.6094379124341003,0.07109211707533133,-0.8852505215215343,-0.6488850763600583
2020-07-26,0.9115844368934632,0.0,2.0,1.0,2.0,5.0,0.4,0.2,0.4,0.6381091058254242,0.0,1.791759469228055,0.16920996347390366,-0.08115763447485524,-0.5151851085897018
2020-07-27,0.8916061142316232,0.2692307692307692,10.0,13.0,3.0,26.0,0.3846153846153846,0.5,0.1153846153846153,0.704893510731367,0.2692307692307693,3.295836866004329,0.46762290535293505,0.7847885515754146,0.5877842989190949
2020-07-28,0.9467923215457372,0.3809523809523809,8.0,13.0,0.0,21.0,0.3809523809523809,0.6190476190476191,0.0,0.7770403393677302,0.3809523809523809,3.091042453358316,0.7899967800762496,1.1441267648343696,0.43760454589480013
2020-07-29,0.9001303851604462,0.05,6.0,9.0,5.0,20.0,0.3,0.45,0.25,0.6450912696123123,0.04999999999999999,3.044522437723423,0.20040838530997382,0.07966094293448053,0.403490507486875
2020-07-30,0.8817614614963531,0.125,10.0,7.0,7.0,24.0,0.4166666666666667,0.2916666666666667,0.2916666666666667,0.6547330230474472,0.125,3.2188758248682006,0.24349065895608996,0.32088880904848427,0.5313472604228624
2020-07-31,0.9476904634918484,0.0357142857142857,7.0,15.0,6.0,28.0,0.25,0.5357142857142857,0.2142857142857142,0.6740976101585795,0.03571428571428581,3.367295829986474,0.3300174973137012,0.033712777960384924,0.6401865564980662
2020-08-01,0.947717093504392,0.4615384615384615,6.0,7.0,0.0,13.0,0.4615384615384615,0.5384615384615384,0.0,0.8018635039146128,0.4615384615384615,2.6390573296152584,0.9009141951466557,1.4033215416113212,0.10615500399876947
2020-08-02,0.9329234617097036,-0.2857142857142857,0.0,5.0,2.0,7.0,0.0,0.7142857142857143,0.2857142857142857,0.5673321374825068,-0.2857142857142857,2.0794415416798357,-0.14704296069656642,-1.000120933956774,-0.3042222115452213
2020-08-03,0.8959018872542814,0.1818181818181818,9.0,8.0,5.0,22.0,0.4090909090909091,0.3636363636363636,0.2272727272727272,0.6816767756234515,0.1818181818181819,3.1354942159291497,0.36388350340517966,0.5036371924681844,0.4702018938308565
2020-08-04,0.909135330807079,0.0,6.0,10.0,6.0,22.0,0.2727272727272727,0.4545454545454545,0.2727272727272727,0.6363947315649553,0.0,3.1354942159291497,0.16154962020561014,-0.08115763447485524,0.4702018938308565
2020-08-05,0.9267686444979448,0.1538461538461538,9.0,12.0,5.0,26.0,0.3461538461538461,0.4615384615384615,0.1923076923076923,0.6948918973024074,0.1538461538461538,3.295836866004329,0.4229326682972019,0.41366875755387017,0.5877842989190949
2020-08-06,0.9911108295122782,0.2666666666666666,7.0,5.0,3.0,15.0,0.4666666666666667,0.3333333333333333,0.2,0.7737775806585947,0.26666666666666666,2.772588722239781,0.775417786276637,0.7765414450416024,0.20407618898736474
2020-08-07,0.9487264369215284,-0.0714285714285714,3.0,7.0,4.0,14.0,0.2142857142857142,0.5,0.2857142857142857,0.6426799344164984,-0.07142857142857151,2.70805020110221,0.1896338095590524,-0.31089845934533517,0.15674882766063303
2020-08-08,0.8726716637611389,-0.25,0.0,3.0,1.0,4.0,0.0,0.75,0.25,0.5358701646327972,-0.25,1.6094379124341003,-0.2876245813402295,-0.8852505215215343,-0.6488850763600583
2020-08-09,0.9867439270019532,0.25,1.0,3.0,0.0,4.0,0.25,0.75,0.0,0.7657207489013672,0.25,1.6094379124341003,0.7394174225647082,0.7229352525718238,-0.6488850763600583
2020-08-10,0.9384482411237864,0.0769230769230769,4.0,6.0,3.0,13.0,0.3076923076923077,0.4615384615384615,0.2307692307692307,0.6799906918635735,0.07692307692307701,2.6390573296152584,0.3563495706592299,0.16625556153950782,0.10615500399876947
2020-08-11,0.9661673132111044,0.2352941176470588,6.0,9.0,2.0,17.0,0.3529411764705882,0.5294117647058824,0.1176470588235294,0.7469053545418907,0.23529411764705882,2.8903717578961645,0.6553445437042438,0.6756356709808427,0.2904487954309894
2020-08-12,0.9312055002559316,0.0909090909090909,1.0,10.0,0.0,11.0,0.0909090909090909,0.9090909090909092,0.0,0.6791165774518794,0.0909090909090909,2.4849066497880004,0.35244376280633544,0.21123977899666435,-0.006886708057115773
2020-08-13,0.9349382425609388,0.0,3.0,13.0,3.0,19.0,0.1578947368421052,0.6842105263157895,0.1578947368421052,0.6544567697926571,0.0,2.995732273553991,0.24225627577064915,-0.08115763447485524,0.36771172470511354
2020-08-14,0.972646564245224,0.1428571428571428,3.0,10.0,1.0,14.0,0.2142857142857142,0.7142857142857143,0.0714285714285714,0.7237097378287995,0.1428571428571428,2.70805020110221,0.5516995051387207,0.378324015266104,0.15674882766063303
2020-08-15,0.7754374891519547,0.0,0.0,4.0,0.0,4.0,0.0,1.0,0.0,0.5428062424063682,0.0,1.6094379124341003,-0.2566320857654296,-0.08115763447485524,-0.6488850763600583
2020-08-16,0.9966158270835876,0.0,0.0,3.0,0.0,3.0,0.0,1.0,0.0,0.6976310789585113,0.0,1.3862943611198906,0.4351721612969561,-0.08115763447485524,-0.8125206120778071
2020-08-17,0.93629427626729,0.5,9.0,6.0,1.0,16.0,0.5625,0.375,0.0625,0.805405993387103,0.5,2.833213344056216,0.916743110692884,1.5270281396185026,0.24853341130094786
2020-08-18,0.9651392847299576,-0.2,2.0,12.0,6.0,20.0,0.1,0.6,0.3,0.6155974993109703,-0.19999999999999998,3.044522437723423,0.068621289578217,-0.7244319441121984,0.403490507486875
2020-08-19,0.9457449473832784,0.0,2.0,15.0,2.0,19.0,0.1052631578947368,0.7894736842105263,0.1052631578947368,0.6620214631682948,0.0,2.995732273553991,0.2760576161856177,-0.08115763447485524,0.36771172470511354
2020-08-20,0.9146287858486176,0.15,6.0,11.0,3.0,20.0,0.3,0.55,0.15,0.6852401500940324,0.15,3.044522437723423,0.3798057394463673,0.40129809775315217,0.403490507486875
2020-08-21,0.9340079228083292,0.1666666666666666,5.0,11.0,2.0,18.0,0.2777777777777778,0.6111111111111112,0.1111111111111111,0.7038055459658303,0.16666666666666669,2.9444389791664403,0.46276154937017583,0.45490429022293083,0.33009734751876035
2020-08-22,0.9448173344135284,0.5,1.0,1.0,0.0,2.0,0.5,0.5,0.0,0.8113721340894698,0.5,1.0986122886681098,0.943401633759234,1.5270281396185026,-1.0234835091222876
2020-08-23,0.9331853091716766,-0.5,0.0,1.0,1.0,2.0,0.0,0.5,0.5,0.5032297164201736,-0.5,1.0986122886681098,-0.43347198672023124,-1.6893434085682133,-1.0234835091222876
2020-08-24,0.9963061548769474,0.3125,8.0,5.0,3.0,16.0,0.5,0.3125,0.1875,0.7911643084138631,0.3125,2.833213344056216,0.8531069501825921,0.9239584743334934,0.24853341130094786
2020-08-25,0.963133543729782,0.125,2.0,5.0,1.0,8.0,0.25,0.625,0.125,0.7116934806108474,0.125,2.1972245773362196,0.49800722964664423,0.32088880904848427,-0.2178496051015963
2020-08-26,0.9470225359712328,-0.1428571428571428,2.0,8.0,4.0,14.0,0.1428571428571428,0.5714285714285714,0.2857142857142857,0.6200586323227201,-0.1428571428571429,2.70805020110221,0.08855498260168293,-0.5406392842158148,0.15674882766063303
2020-08-27,0.9488314986228944,0.1304347826086956,7.0,12.0,4.0,23.0,0.3043478260869565,0.5217391304347826,0.1739130434782608,0.7033124838186348,0.13043478260869568,3.1780538303479458,0.46055839840879426,0.338369089201673,0.5014116924754702
2020-08-28,0.9448053042093912,-0.1666666666666666,4.0,7.0,7.0,18.0,0.2222222222222222,0.3888888888888889,0.3888888888888889,0.6113637129465739,-0.16666666666666669,2.9444389791664403,0.049703450210385185,-0.6172195591726413,0.33009734751876035
2020-08-29,0.9726781398057938,0.5,2.0,2.0,0.0,4.0,0.5,0.5,0.0,0.8308746978640557,0.5,1.6094379124341003,1.0305449936252693,1.5270281396185026,-0.6488850763600583
2020-08-30,0.9358192086219788,-0.3333333333333333,0.0,4.0,2.0,6.0,0.0,0.6666666666666666,0.3333333333333333,0.5550734460353851,-0.3333333333333333,1.9459101490553132,-0.20181850572799903,-1.1532814838704273,-0.40214339653381637
2020-08-31,0.9469597690245684,0.1176470588235294,6.0,7.0,4.0,17.0,0.3529411764705882,0.4117647058823529,0.2352941176470588,0.6981659559642566,0.11764705882352941,2.8903717578961645,0.4375621537069011,0.2972390182529937,0.2904487954309894
2020-09-01,0.9704223237931728,0.3125,7.0,7.0,2.0,16.0,0.4375,0.4375,0.125,0.7730456266552209,0.3125,2.833213344056216,0.7721471941709721,0.9239584743334934,0.24853341130094786
2020-09-02,0.9454797349478068,-0.0526315789473684,4.0,10.0,5.0,19.0,0.2105263157894736,0.5263157894736842,0.2631578947368421,0.6460463407792543,-0.0526315789473685,2.995732273553991,0.20467593245713153,-0.2504403475373142,0.36771172470511354
2020-09-03,0.9698163551442764,-0.1176470588235294,2.0,11.0,4.0,17.0,0.1176470588235294,0.6470588235294118,0.2352941176470588,0.6435773309539347,-0.1176470588235294,2.8903717578961645,0.1936436489990469,-0.45955428720270414,0.2904487954309894
2020-09-04,0.8619678351614211,-0.2222222222222222,2.0,3.0,4.0,9.0,0.2222222222222222,0.3333333333333333,0.4444444444444444,0.536710817946328,-0.2222222222222222,2.302585092994046,-0.2838682878051687,-0.7959068674052365,-0.14058667582747214
2020-09-05,0.9336640238761902,0.0,1.0,1.0,1.0,3.0,0.3333333333333333,0.3333333333333333,0.3333333333333333,0.6535648167133331,0.0,1.3862943611198906,0.23827075934965236,-0.08115763447485524,-0.8125206120778071
2020-09-06,0.9164844353993734,-0.6666666666666666,0.0,1.0,2.0,3.0,0.0,0.3333333333333333,0.6666666666666666,0.4415391047795614,-0.6666666666666666,1.3862943611198906,-0.7091243180080372,-2.225405333265999,-0.8125206120778071
2020-09-07,0.9204695774958684,0.1538461538461538,4.0,7.0,2.0,13.0,0.3076923076923077,0.5384615384615384,0.1538461538461538,0.690482550400954,0.1538461538461539,2.6390573296152584,0.40323037129416567,0.4136687575538705,0.10615500399876947
2020-09-08,0.9898278216520944,-0.3333333333333333,1.0,6.0,5.0,12.0,0.0833333333333333,0.5,0.4166666666666667,0.592879475156466,-0.33333333333333337,2.5649493574615367,-0.03288972083165895,-1.1532814838704275,0.05181017685539133
2020-09-09,0.9764071464538574,0.4666666666666667,8.0,6.0,1.0,15.0,0.5333333333333333,0.4,0.0666666666666666,0.8234850025177002,0.46666666666666673,2.772588722239781,0.9975255973904531,1.4198157546789456,0.20407618898736474
2020-09-10,0.9596329033374786,0.1875,4.0,11.0,1.0,16.0,0.25,0.6875,0.0625,0.727993032336235,0.1875,2.833213344056216,0.5708385618795613,0.521912030810154,0.24853341130094786
2020-09-11,0.9126227568177616,0.1176470588235294,6.0,7.0,4.0,17.0,0.3529411764705882,0.4117647058823529,0.2352941176470588,0.6741300474194919,0.11764705882352941,2.8903717578961645,0.33016243681670343,0.2972390182529937,0.2904487954309894
2020-09-12,0.9904813965161642,0.3333333333333333,1.0,2.0,0.0,3.0,0.3333333333333333,0.6666666666666666,0.0,0.7933369775613148,0.3333333333333333,1.3862943611198906,0.8628150937669213,0.9909662149207167,-0.8125206120778071
2020-09-13,0.9066001176834106,0.3333333333333333,1.0,2.0,0.0,3.0,0.3333333333333333,0.6666666666666666,0.0,0.7346200823783874,0.3333333333333333,1.3862943611198906,0.6004502279839975,0.9909662149207167,-0.8125206120778071
2020-09-14,0.9693836532533168,0.1875,6.0,7.0,3.0,16.0,0.375,0.4375,0.1875,0.7348185572773217,0.1875,2.833213344056216,0.6013370739260037,0.521912030810154,0.24853341130094786
2020-09-15,0.9295199990272522,0.16,8.0,13.0,4.0,25.0,0.32,0.52,0.16,0.6986639993190765,0.16,3.258096538021482,0.43978756221214177,0.43346181323501937,0.5601085773879774
2020-09-16,0.9866776466369628,0.5,7.0,4.0,1.0,12.0,0.5833333333333334,0.3333333333333333,0.0833333333333333,0.840674352645874,0.5000000000000001,2.5649493574615367,1.07433281829721,1.527028139618503,0.05181017685539133
2020-09-17,0.9313602096894208,-0.1764705882352941,1.0,12.0,4.0,17.0,0.0588235294117647,0.7058823529411765,0.2352941176470588,0.5990109703120062,-0.1764705882352941,2.8903717578961645,-0.005492344003060822,-0.6487526135666286,0.2904487954309894
2020-09-18,0.9053763576916286,0.1428571428571428,4.0,8.0,2.0,14.0,0.2857142857142857,0.5714285714285714,0.1428571428571428,0.6766205932412828,0.1428571428571429,2.70805020110221,0.3412909496276188,0.3783240152661044,0.15674882766063303
2020-09-19,0.9619389653205872,0.0,1.0,3.0,1.0,5.0,0.2,0.6,0.2,0.673357275724411,0.0,1.791759469228055,0.32670945890584646,-0.08115763447485524,-0.5151851085897018
2020-09-20,0.9446018508502416,0.1428571428571428,1.0,6.0,0.0,7.0,0.1428571428571428,0.8571428571428571,0.0,0.7040784384523119,0.1428571428571428,2.0794415416798357,0.4639809156252519,0.378324015266104,-0.3042222115452213
2020-09-21,0.931740512450536,0.1,10.0,13.0,7.0,30.0,0.3333333333333333,0.4333333333333333,0.2333333333333333,0.6822183587153752,0.1,3.4339872044851463,0.366303460638616,0.2404795203438164,0.6890926473511084
2020-09-22,0.9372160690171378,0.1428571428571428,2.0,12.0,0.0,14.0,0.1428571428571428,0.8571428571428571,0.0,0.6989083911691393,0.1428571428571428,2.70805020110221,0.4408795789943711,0.378324015266104,0.15674882766063303
2020-09-23,0.9566566390650612,0.0714285714285714,4.0,7.0,3.0,14.0,0.2857142857142857,0.5,0.2142857142857142,0.6910882187741142,0.07142857142857151,2.70805020110221,0.40593668096769464,0.14858319039562473,0.15674882766063303
2020-09-24,0.9239249891704984,0.0555555555555555,3.0,13.0,2.0,18.0,0.1666666666666666,0.7222222222222222,0.1111111111111111,0.6634141590860154,0.0555555555555555,2.9444389791664403,0.2822806032218164,0.09752967375773991,0.33009734751876035
2020-09-25,0.9727591315905252,0.2666666666666666,5.0,9.0,1.0,15.0,0.3333333333333333,0.6,0.0666666666666666,0.7609313921133676,0.2666666666666667,2.772588722239781,0.7180171263304581,0.7765414450416026,0.20407618898736474
2020-09-26,0.9575630511556352,-0.2857142857142857,0.0,5.0,2.0,7.0,0.0,0.7142857142857143,0.2857142857142857,0.5845798500946588,-0.2857142857142857,2.0794415416798357,-0.06997495854059631,-1.000120933956774,-0.3042222115452213
2020-09-27,0.8818947474161783,0.0,1.0,4.0,1.0,6.0,0.1666666666666666,0.6666666666666666,0.1666666666666666,0.6173263231913249,0.0,1.9459101490553132,0.07634619812316713,-0.08115763447485524,-0.40214339653381637
2020-09-28,0.9203353126843772,0.0476190476190476,6.0,10.0,5.0,21.0,0.2857142857142857,0.4761904761904761,0.238095238095238,0.6585204331647783,0.0476190476190477,3.091042453358316,0.2604139540997232,0.07200291543879817,0.43760454589480013
2020-09-29,0.9644242525100708,0.0714285714285714,4.0,7.0,3.0,14.0,0.2857142857142857,0.5,0.2142857142857142,0.696525548185621,0.07142857142857151,2.70805020110221,0.43023231507476345,0.14858319039562473,0.15674882766063303
2020-09-30,0.945720973222152,0.0434782608695652,3.0,18.0,2.0,23.0,0.1304347826086956,0.782608695652174,0.0869565217391304,0.675048159516376,0.04347826086956519,3.1780538303479458,0.3342648396484988,0.05868460675065406,0.5014116924754702
2020-10-01,0.962322990099589,0.1111111111111111,6.0,8.0,4.0,18.0,0.3333333333333333,0.4444444444444444,0.2222222222222222,0.7069594264030455,0.1111111111111111,2.9444389791664403,0.47685404208504867,0.27621698199033545,0.33009734751876035
2020-10-02,0.9099942100675482,-0.1578947368421052,3.0,10.0,6.0,19.0,0.1578947368421052,0.5263157894736842,0.3157894736842105,0.5896275259946522,-0.1578947368421053,2.995732273553991,-0.047420414300959585,-0.5890057736622316,0.36771172470511354
2020-10-03,0.8931239902973175,-0.4,0.0,3.0,2.0,5.0,0.0,0.6,0.4,0.5051867932081222,-0.4,1.791759469228055,-0.4247271750744969,-1.3677062537495417,-0.5151851085897018
2020-10-04,0.932999006339482,0.0,2.0,3.0,2.0,7.0,0.2857142857142857,0.4285714285714285,0.2857142857142857,0.6530993044376373,0.0,2.0794415416798357,0.23619070955558996,-0.08115763447485524,-0.3042222115452213
2020-10-05,0.9090557485818864,-0.05,4.0,11.0,5.0,20.0,0.2,0.55,0.25,0.6213390240073204,-0.04999999999999999,3.044522437723423,0.09427616032119937,-0.24197621188419097,0.403490507486875
2020-10-06,0.9339702054858208,0.3125,6.0,9.0,1.0,16.0,0.375,0.5625,0.0625,0.7475291438400745,0.3125,2.833213344056216,0.6581318231573716,0.9239584743334934,0.24853341130094786
2020-10-07,0.9853984167178472,0.0833333333333333,3.0,7.0,2.0,12.0,0.25,0.5833333333333334,0.1666666666666666,0.7147788917024931,0.0833333333333334,2.5649493574615367,0.5117937805945927,0.18687332787403796,0.05181017685539133
2020-10-08,0.9432718833287556,0.4,7.0,7.0,1.0,15.0,0.4666666666666667,0.4666666666666667,0.0666666666666666,0.7802903183301289,0.4000000000000001,2.772588722239781,0.8045186700980329,1.2053909847998314,0.20407618898736474
2020-10-09,0.9688355607144972,-0.1176470588235294,2.0,11.0,4.0,17.0,0.1176470588235294,0.6470588235294118,0.2352941176470588,0.6428907748530892,-0.1176470588235294,2.8903717578961645,0.19057590846730404,-0.45955428720270414,0.2904487954309894
2020-10-10,0.959430856364114,0.2857142857142857,3.0,3.0,1.0,7.0,0.4285714285714285,0.4285714285714285,0.1428571428571428,0.7573158851691655,0.2857142857142857,2.0794415416798357,0.7018619466126345,0.8378056650070635,-0.3042222115452213
2020-10-11,0.9193103075027466,0.0,1.0,3.0,1.0,5.0,0.2,0.6,0.2,0.6435172152519225,0.0,1.791759469228055,0.19337503384082497,-0.08115763447485524,-0.5151851085897018
2020-10-12,0.9423736095428468,0.0666666666666666,3.0,10.0,2.0,15.0,0.2,0.6666666666666666,0.1333333333333333,0.6796615266799927,0.06666666666666671,2.772588722239781,0.35487876095545473,0.1332671354042593,0.20407618898736474
2020-10-13,0.9247930079698564,0.15,4.0,15.0,1.0,20.0,0.2,0.75,0.05,0.6923551055788995,0.15000000000000002,3.044522437723423,0.41159751479523476,0.4012980977531523,0.403490507486875
2020-10-14,0.9506081938743592,0.1052631578947368,5.0,11.0,3.0,19.0,0.2631578947368421,0.5789473684210527,0.1578947368421052,0.6970046830804725,0.10526315789473689,2.995732273553991,0.4323732348558248,0.25740779165006245,0.36771172470511354
2020-10-15,0.9748796309743608,0.1428571428571428,4.0,8.0,2.0,14.0,0.2857142857142857,0.5714285714285714,0.1428571428571428,0.7252728845391954,0.1428571428571429,2.70805020110221,0.5586841179251144,0.3783240152661044,0.15674882766063303
2020-10-16,0.910218575171062,-0.0714285714285714,2.0,9.0,3.0,14.0,0.1428571428571428,0.6428571428571429,0.2142857142857142,0.6157244311911719,-0.0714285714285714,2.70805020110221,0.06918845965096905,-0.31089845934533483,0.15674882766063303
2020-10-17,0.9144404033819834,0.0,1.0,4.0,1.0,6.0,0.1666666666666666,0.6666666666666666,0.1666666666666666,0.6401082823673884,0.0,1.9459101490553132,0.17814288956740215,-0.08115763447485524,-0.40214339653381637
2020-10-18,0.9666240513324738,0.0,0.0,4.0,0.0,4.0,0.0,1.0,0.0,0.6766368359327316,0.0,1.6094379124341003,0.3413635268909202,-0.08115763447485524,-0.6488850763600583
2020-10-19,0.9155203625559808,0.0,3.0,10.0,3.0,16.0,0.1875,0.625,0.1875,0.6408642537891865,0.0,2.833213344056216,0.18152079877050106,-0.08115763447485524,0.24853341130094786
2020-10-20,0.951258700627547,0.1538461538461538,3.0,9.0,1.0,13.0,0.2307692307692307,0.6923076923076923,0.0769230769230769,0.712034936593129,0.1538461538461538,2.6390573296152584,0.4995329583603816,0.41366875755387017,0.10615500399876947
2020-10-21,0.96563549382346,0.3714285714285714,15.0,18.0,2.0,35.0,0.4285714285714285,0.5142857142857142,0.0571428571428571,0.7873734171049934,0.3714285714285714,3.58351893845611,0.8361681000211408,1.1134946548516391,0.7987471959635755
2020-10-22,0.9184221785802108,0.2307692307692307,8.0,16.0,2.0,26.0,0.3076923076923077,0.6153846153846154,0.0769230769230769,0.7121262942369168,0.2307692307692308,3.295836866004329,0.49994117197378785,0.6610819535682332,0.5877842989190949
2020-10-23,0.9648079502171484,0.3103448275862069,11.0,16.0,2.0,29.0,0.3793103448275862,0.5517241379310345,0.0689655172413793,0.7684690134278659,0.3103448275862069,3.4011973816621555,0.7516975005794676,0.9170266391003324,0.665047228193219
2020-10-24,0.7910193681716919,0.4,2.0,3.0,0.0,5.0,0.4,0.6,0.0,0.6737135577201843,0.4,1.791759469228055,0.3283014347368355,1.2053909847998312,-0.5151851085897018
2020-10-25,0.9901487628618876,0.5,3.0,3.0,0.0,6.0,0.5,0.5,0.0,0.8431041340033213,0.5,1.9459101490553132,1.0851898170833767,1.5270281396185026,-0.40214339653381637
2020-10-26,0.9499616287648678,0.0,6.0,12.0,6.0,24.0,0.25,0.5,0.25,0.6649731401354074,0.0,3.2188758248682006,0.28924660257358026,-0.08115763447485524,0.5313472604228624
2020-10-27,0.9346113101295804,0.0,4.0,15.0,4.0,23.0,0.1739130434782608,0.6521739130434783,0.1739130434782608,0.6542279170907063,0.0,3.1780538303479458,0.24123369260707536,-0.08115763447485524,0.5014116924754702
2020-10-28,0.9854865637090472,0.0,5.0,8.0,5.0,18.0,0.2777777777777778,0.4444444444444444,0.2777777777777778,0.689840594596333,0.0,2.9444389791664403,0.40036191838988244,-0.08115763447485524,0.33009734751876035
2020-10-29,0.9769194261594252,0.2272727272727272,8.0,11.0,3.0,22.0,0.3636363636363636,0.5,0.1363636363636363,0.7520254164934157,0.2272727272727273,3.1354942159291497,0.6782225307389314,0.6498358992039439,0.4702018938308565
2020-10-30,0.9384558471766384,0.1818181818181818,7.0,12.0,3.0,22.0,0.3181818181818182,0.5454545454545454,0.1363636363636363,0.7114645475691014,0.18181818181818188,3.1354942159291497,0.4969842875005407,0.5036371924681843,0.4702018938308565
2020-10-31,0.963085753577096,0.0,1.0,5.0,1.0,7.0,0.1428571428571428,0.7142857142857143,0.1428571428571428,0.6741600275039672,0.0,2.0794415416798357,0.33029639691140905,-0.08115763447485524,-0.3042222115452213
2020-11-01,0.914337158203125,0.125,1.0,7.0,0.0,8.0,0.125,0.875,0.0,0.6775360107421874,0.125,2.1972245773362196,0.34538131218871715,0.32088880904848427,-0.2178496051015963
2020-11-02,0.9099764923254648,0.2777777777777778,7.0,9.0,2.0,18.0,0.3888888888888889,0.5,0.1111111111111111,0.7203168779611587,0.2777777777777778,2.9444389791664403,0.5365391799713116,0.8122789066881214,0.33009734751876035
2020-11-03,0.9434522807598114,-0.1333333333333333,2.0,9.0,4.0,15.0,0.1333333333333333,0.6,0.2666666666666666,0.6204165965318679,-0.1333333333333333,2.772588722239781,0.09015447507136412,-0.510007174233084,0.20407618898736474
2020-11-04,0.9231212954772148,0.2105263157894736,7.0,9.0,3.0,19.0,0.3684210526315789,0.4736842105263157,0.1578947368421052,0.7093428015708924,0.21052631578947373,2.995732273553991,0.48750368396536903,0.5959732177749799,0.36771172470511354
2020-11-05,0.9042224571818396,0.4285714285714285,11.0,8.0,2.0,21.0,0.5238095238095238,0.3809523809523809,0.0952380952380952,0.7615271485987162,0.4285714285714286,3.091042453358316,0.7206791466881565,1.297287314748023,0.43760454589480013
2020-11-06,0.9009060263633728,0.28,11.0,10.0,4.0,25.0,0.44,0.4,0.16,0.7146342184543609,0.28,3.258096538021482,0.5111473367182547,0.8194263990174253,0.5601085773879774
2020-11-07,0.9334619283676148,0.6,3.0,2.0,0.0,5.0,0.6,0.4,0.0,0.8334233498573302,0.6,1.791759469228055,1.0419331424035667,1.8486652944371742,-0.5151851085897018
2020-11-08,0.9412451711567964,0.1818181818181818,4.0,5.0,2.0,11.0,0.3636363636363636,0.4545454545454545,0.1818181818181818,0.713417074355212,0.1818181818181818,2.4849066497880004,0.5057087683604281,0.503637192468184,-0.006886708057115773
2020-11-09,0.9323777763739876,0.1304347826086956,7.0,12.0,4.0,23.0,0.3043478260869565,0.5217391304347826,0.1739130434782608,0.6917948782443999,0.13043478260869568,3.1780538303479458,0.40909424944092765,0.338369089201673,0.5014116924754702
2020-11-10,0.9272274176279705,0.0,4.0,10.0,4.0,18.0,0.2222222222222222,0.5555555555555556,0.2222222222222222,0.6490591923395793,0.0,2.9444389791664403,0.21813826544980636,-0.08115763447485524,0.33009734751876035
2020-11-11,0.9160147767800552,0.0769230769230769,3.0,8.0,2.0,13.0,0.2307692307692307,0.6153846153846154,0.1538461538461538,0.6642872668229617,0.0769230769230769,2.6390573296152584,0.2861819129471397,0.16625556153950746,0.10615500399876947
2020-11-12,0.9783196951213636,0.1578947368421052,5.0,12.0,2.0,19.0,0.2631578947368421,0.631578947368421,0.1052631578947368,0.732192207637586,0.1578947368421053,2.995732273553991,0.5896017485382838,0.4266905047125211,0.36771172470511354
2020-11-13,0.9562503825063292,0.1739130434782608,7.0,13.0,3.0,23.0,0.3043478260869565,0.5652173913043478,0.1304347826086956,0.7215491807979088,0.1739130434782609,3.1780538303479458,0.5420454821584518,0.47821133042718245,0.5014116924754702
2020-11-14,0.8699208945035934,-0.25,1.0,1.0,2.0,4.0,0.25,0.25,0.5,0.5339446261525154,-0.25,1.6094379124341003,-0.29622847027824506,-0.8852505215215343,-0.6488850763600583
2020-11-15,0.987763055733272,0.2857142857142857,2.0,5.0,0.0,7.0,0.2857142857142857,0.7142857142857143,0.0,0.7771484247275762,0.2857142857142857,2.0794415416798357,0.790479738189766,0.8378056650070635,-0.3042222115452213
2020-11-16,0.9868801975250244,0.36,12.0,10.0,3.0,25.0,0.48,0.4,0.12,0.7988161382675171,0.36,3.258096538021482,0.8872976427642294,1.0767361228723624,0.5601085773879774
2020-11-17,0.9654341483938282,0.3103448275862069,12.0,14.0,3.0,29.0,0.4137931034482758,0.4827586206896552,0.1034482758620689,0.7689073521515417,0.3103448275862069,3.4011973816621555,0.7536561307155873,0.9170266391003324,0.665047228193219
2020-11-18,0.9165762344996136,0.3666666666666666,14.0,13.0,3.0,30.0,0.4666666666666667,0.4333333333333333,0.1,0.7516033641497294,0.3666666666666667,3.4339872044851463,0.6763366730797405,1.098178599860274,0.6890926473511084
2020-11-19,0.8774811290204525,0.09375,9.0,17.0,6.0,32.0,0.28125,0.53125,0.1875,0.6423617903143166,0.09375,3.4965075614664802,0.1882122453838945,0.22037719816764942,0.7349400493829054
2020-11-20,0.980854616715358,0.1923076923076923,6.0,19.0,1.0,26.0,0.2307692307692307,0.7307692307692307,0.0384615384615384,0.7442905393930582,0.1923076923076923,3.295836866004329,0.6436607579142545,0.5373753555610516,0.5877842989190949
2020-11-21,0.9186568127738104,0.2222222222222222,2.0,7.0,0.0,9.0,0.2222222222222222,0.7777777777777778,0.0,0.7097264356083339,0.2222222222222222,2.302585092994046,0.4892178770000917,0.633591598455526,-0.14058667582747214
2020-11-22,0.992301608834948,0.4285714285714285,3.0,4.0,0.0,7.0,0.4285714285714285,0.5714285714285714,0.0,0.8231825547558921,0.4285714285714285,2.0794415416798357,0.9961741692165704,1.2972873147480228,-0.3042222115452213
2020-11-23,0.9158182442188264,0.5,12.0,12.0,0.0,24.0,0.5,0.5,0.0,0.7910727709531785,0.5,3.2188758248682006,0.8526979330928465,1.5270281396185026,0.5313472604228624
2020-11-24,0.9622346071096568,0.4230769230769231,12.0,13.0,1.0,26.0,0.4615384615384615,0.5,0.0384615384615384,0.8004873018998366,0.42307692307692313,3.295836866004329,0.8947649078627816,1.2796149436041402,0.5877842989190949
2020-11-25,0.9387342800264772,0.3043478260869565,9.0,12.0,2.0,23.0,0.391304347826087,0.5217391304347826,0.0869565217391304,0.748418343844621,0.30434782608695654,3.1780538303479458,0.6621050380066957,0.8977380541037105,0.5014116924754702
2020-11-26,0.9804624075239357,-0.4545454545454545,3.0,6.0,13.0,22.0,0.1363636363636363,0.2727272727272727,0.5909090909090909,0.5499600489031186,-0.45454545454545464,3.1354942159291497,-0.2246667123322879,-1.5431447018324538,0.4702018938308565
2020-11-27,0.9701106911120208,0.4782608695652174,13.0,8.0,2.0,23.0,0.5652173913043478,0.3478260869565217,0.0869565217391304,0.8225557446479796,0.4782608695652174,3.1780538303479458,0.9933733918709446,1.457107019005748,0.5014116924754702
2020-11-28,0.8295663595199585,0.2,2.0,2.0,1.0,5.0,0.4,0.4,0.2,0.6406964516639708,0.2,1.791759469228055,0.18077100806846963,0.562116675162488,-0.5151851085897018
2020-11-29,0.9766820594668388,-0.125,0.0,7.0,1.0,8.0,0.0,0.875,0.125,0.6461774416267871,-0.125,2.1972245773362196,0.20526173073818557,-0.4832040779981947,-0.2178496051015963
2020-11-30,0.9685356649192604,-0.054054054054054,7.0,21.0,9.0,37.0,0.1891891891891892,0.5675675675675675,0.2432432432432432,0.6617587492272661,-0.054054054054054,3.6375861597263857,0.2748837307534509,-0.2550155559984613,0.8383957480513464
2020-12-01,0.939091875501301,0.4347826086956521,12.0,9.0,2.0,23.0,0.5217391304347826,0.391304347826087,0.0869565217391304,0.7877990954596064,0.4347826086956522,3.1780538303479458,0.8380701597950233,1.3172647777802386,0.5014116924754702
2020-12-02,0.945725532869498,0.375,10.0,13.0,1.0,24.0,0.4166666666666667,0.5416666666666666,0.0416666666666666,0.7745078730086485,0.3750000000000001,3.2188758248682006,0.7786809536121586,1.1249816960951635,0.5313472604228624
2020-12-03,0.9430747220390722,0.1052631578947368,6.0,9.0,4.0,19.0,0.3157894736842105,0.4736842105263157,0.2105263157894736,0.6917312527957715,0.10526315789473692,2.995732273553991,0.40880995167215506,0.2574077916500625,0.36771172470511354
2020-12-04,0.9412646412849426,0.3,8.0,10.0,2.0,20.0,0.4,0.5,0.1,0.7488852488994597,0.30000000000000004,3.044522437723423,0.6641913111596697,0.8837538299811596,0.403490507486875
2020-12-05,0.9619920055071512,0.25,4.0,7.0,1.0,12.0,0.3333333333333333,0.5833333333333334,0.0833333333333333,0.7483944038550058,0.25,2.5649493574615367,0.6619980668846247,0.7229352525718238,0.05181017685539133
2020-12-06,0.9497535427411398,0.1111111111111111,1.0,8.0,0.0,9.0,0.1111111111111111,0.8888888888888888,0.0,0.6981608132521311,0.1111111111111111,2.302585092994046,0.4375391745120312,0.27621698199033545,-0.14058667582747214
2020-12-07,0.9495606960788848,0.3548387096774194,15.0,12.0,4.0,31.0,0.4838709677419355,0.3870967741935484,0.1290322580645161,0.7711441001584451,0.3548387096774194,3.4657359027997265,0.76365059804553,1.0601354955268827,0.7123745895199507
2020-12-08,0.9709984967202852,-0.0303030303030303,7.0,18.0,8.0,33.0,0.2121212121212121,0.5454545454545454,0.2424242424242424,0.6706080386132905,-0.030303030303030304,3.5263605246161616,0.3144250350885213,-0.17862343896536179,0.7568318118335339
2020-12-09,0.9610544613429478,0.0714285714285714,6.0,18.0,4.0,28.0,0.2142857142857142,0.6428571428571429,0.1428571428571428,0.6941666943686349,0.0714285714285714,3.367295829986474,0.41969224201458166,0.14858319039562437,0.6401865564980662
2020-12-10,0.9614161103963852,0.25,7.0,16.0,1.0,24.0,0.2916666666666667,0.6666666666666666,0.0416666666666666,0.7479912772774695,0.2500000000000001,3.2188758248682006,0.6601967752788725,0.7229352525718241,0.5313472604228624
2020-12-11,0.9332862956957384,0.2272727272727272,8.0,11.0,3.0,22.0,0.3636363636363636,0.5,0.1363636363636363,0.721482225168835,0.2272727272727273,3.1354942159291497,0.5417463041351482,0.6498358992039439,0.4702018938308565
2020-12-12,0.9491952419281006,0.2,2.0,2.0,1.0,5.0,0.4,0.4,0.2,0.7244366693496704,0.2,1.791759469228055,0.5549476552718722,0.562116675162488,-0.5151851085897018
2020-12-13,0.9528578188684252,0.2222222222222222,3.0,5.0,1.0,9.0,0.3333333333333333,0.5555555555555556,0.1111111111111111,0.7336671398745643,0.2222222222222222,2.302585092994046,0.5961921923481645,0.633591598455526,-0.14058667582747214
2020-12-14,0.9558864707748096,0.0833333333333333,5.0,16.0,3.0,24.0,0.2083333333333333,0.6666666666666666,0.125,0.6941205295423667,0.08333333333333329,3.2188758248682006,0.4194859635931834,0.18687332787403763,0.5313472604228624
2020-12-15,0.9395494237542152,0.25,10.0,20.0,2.0,32.0,0.3125,0.625,0.0625,0.7326845966279506,0.25,3.4965075614664802,0.5918018916311285,0.7229352525718238,0.7349400493829054
2020-12-16,0.9479208036166864,0.2439024390243902,16.0,19.0,6.0,41.0,0.3902439024390244,0.4634146341463415,0.1463414634146341,0.7367152942389975,0.2439024390243903,3.7376696182833684,0.6098122689584596,0.7033232309365391,0.911788908019461
2020-12-17,0.9227957725524902,0.3478260869565217,22.0,18.0,6.0,46.0,0.4782608695652174,0.391304347826087,0.1304347826086956,0.7503048668736996,0.34782608695652184,3.8501476017100584,0.6705345940957668,1.0375802953292201,0.9942712157808973
2020-12-18,0.9443219678742544,0.0857142857142857,6.0,26.0,3.0,35.0,0.1714285714285714,0.7428571428571429,0.0857142857142857,0.6867396632262637,0.0857142857142857,3.58351893845611,0.3865060181387595,0.19453135536972038,0.7987471959635755
2020-12-19,0.9332093213285718,0.1428571428571428,4.0,8.0,2.0,14.0,0.2857142857142857,0.5714285714285714,0.1428571428571428,0.696103667787143,0.1428571428571429,2.70805020110221,0.42834722571882483,0.3783240152661044,0.15674882766063303
2020-12-20,0.9297680173601424,0.1904761904761904,7.0,11.0,3.0,21.0,0.3333333333333333,0.5238095238095238,0.1428571428571428,0.7079804692949567,0.19047619047619052,3.091042453358316,0.48141637087406774,0.5314845651797575,0.43760454589480013
2020-12-21,0.9407284398411596,0.1162790697674418,11.0,26.0,6.0,43.0,0.2558139534883721,0.6046511627906976,0.1395348837209302,0.6933936288190442,0.1162790697674419,3.784189633918261,0.4162379510728029,0.29283905717476305,0.9459029464273858
2020-12-22,0.9517565104696486,0.074074074074074,7.0,15.0,5.0,27.0,0.2592592592592592,0.5555555555555556,0.1851851851851851,0.6884517795509761,0.0740740740740741,3.332204510175204,0.3941562722664428,0.15709210983527194,0.6144534045313554
2020-12-23,0.975092182556788,0.2,11.0,14.0,5.0,30.0,0.3666666666666666,0.4666666666666667,0.1666666666666666,0.7425645277897515,0.19999999999999998,3.4339872044851463,0.6359484154746458,0.562116675162488,0.6890926473511084
2020-12-24,0.954323809593916,0.0625,2.0,13.0,1.0,16.0,0.125,0.8125,0.0625,0.6867766667157412,0.0625,2.833213344056216,0.38667136093353827,0.11986558728681451,0.24853341130094786
2020-12-25,0.9044335126876832,0.0,2.0,6.0,2.0,10.0,0.2,0.6,0.2,0.6331034588813782,0.0,2.3978952727983707,0.14684321733482647,-0.08115763447485524,-0.07069385463778585
2020-12-26,0.9562349276883262,0.4285714285714285,7.0,6.0,1.0,14.0,0.5,0.4285714285714285,0.0714285714285714,0.7979358779532568,0.4285714285714286,2.70805020110221,0.8833643731578338,1.297287314748023,0.15674882766063303
2020-12-27,0.9412105719248454,0.2666666666666666,7.0,5.0,3.0,15.0,0.4666666666666667,0.3333333333333333,0.2,0.7388474003473917,0.26666666666666666,2.772588722239781,0.6193391646027383,0.7765414450416024,0.20407618898736474
2020-12-28,0.9111205372545454,0.0,4.0,10.0,4.0,18.0,0.2222222222222222,0.5555555555555556,0.2222222222222222,0.6377843760781817,0.0,2.9444389791664403,0.16775897264263476,-0.08115763447485524,0.33009734751876035
2020-12-29,0.9762551358767918,0.0714285714285714,7.0,16.0,5.0,28.0,0.25,0.5714285714285714,0.1785714285714285,0.7048071665423257,0.07142857142857151,3.367295829986474,0.46723709337329306,0.14858319039562473,0.6401865564980662
2020-12-30,0.9534301838359316,0.3243243243243243,17.0,15.0,5.0,37.0,0.4594594594594595,0.4054054054054054,0.1351351351351351,0.7646984259824494,0.3243243243243244,3.6375861597263857,0.7348493742274613,0.9619898946667825,0.8383957480513464
2020-12-31,0.9376052424714372,0.027027027027027,12.0,14.0,11.0,37.0,0.3243243243243243,0.3783783783783784,0.2972972972972973,0.6644317778381141,0.027027027027026973,3.6375861597263857,0.2868276319174038,0.005771326286947724,0.8383957480513464
2021-01-01,0.9982294589281082,0.5,5.0,2.0,1.0,8.0,0.625,0.25,0.125,0.8487606212496758,0.5,2.1972245773362196,1.1104647147524231,1.5270281396185026,-0.2178496051015963
2021-01-02,0.9280821084976196,0.3157894736842105,10.0,5.0,4.0,19.0,0.5263157894736842,0.2631578947368421,0.2105263157894736,0.7443943180535968,0.3157894736842106,2.995732273553991,0.6441244723912974,0.9345386438998974,0.36771172470511354
2021-01-03,0.9483174639088768,0.5,7.0,7.0,0.0,14.0,0.5,0.5,0.0,0.8138222247362138,0.5,2.70805020110221,0.9543493805991569,1.5270281396185026,0.15674882766063303
2021-01-04,0.928783075490468,0.2535211267605634,35.0,19.0,17.0,71.0,0.4929577464788732,0.2676056338028169,0.2394366197183098,0.7262044908714966,0.2535211267605634,4.276666119016055,0.5628468170864933,0.7342605045020587,1.3070455964961614
2021-01-05,0.8830831691622734,0.15,15.0,16.0,9.0,40.0,0.375,0.4,0.225,0.6631582184135913,0.15,3.713572066704308,0.2811369828045629,0.40129809775315217,0.8941177015745426
2021-01-06,0.9514060537020366,0.3,27.0,24.0,9.0,60.0,0.45,0.4,0.15,0.7559842375914255,0.30000000000000004,4.110873864173311,0.6959117420434819,0.8837538299811596,1.1854668895191234
2021-01-07,0.958814092835442,0.4098360655737705,27.0,32.0,2.0,61.0,0.4426229508196721,0.5245901639344263,0.0327868852459016,0.7941206846569405,0.4098360655737705,4.127134385045092,0.8663169343583964,1.2370274262574055,1.1973910478836944
2021-01-08,0.8951036513797821,0.1746031746031746,22.0,30.0,11.0,63.0,0.3492063492063492,0.4761904761904761,0.1746031746031746,0.6789535083467998,0.1746031746031746,4.1588830833596715,0.3517151206713204,0.48043104854187296,1.2206729900525364
2021-01-09,0.96502989844272,0.5263157894736842,11.0,7.0,1.0,19.0,0.5789473684210527,0.3684210526315789,0.0526315789473684,0.8334156657520093,0.5263157894736843,2.995732273553991,1.0418988074944249,1.6116694961497324,0.36771172470511354
2021-01-10,0.9398565996776928,0.1818181818181818,2.0,9.0,0.0,11.0,0.1818181818181818,0.8181818181818182,0.0,0.7124450743198395,0.1818181818181818,2.4849066497880004,0.5013655779034565,0.503637192468184,-0.006886708057115773
2021-01-11,0.957465042360127,-0.171875,13.0,27.0,24.0,64.0,0.203125,0.421875,0.375,0.6186630296520889,-0.171875,4.174387269895637,0.08231900731338274,-0.633971494319447,1.2320425136383117
2021-01-12,0.93460292999561,0.2564102564102564,16.0,17.0,6.0,39.0,0.4102564102564102,0.4358974358974359,0.1538461538461538,0.7311451279200039,0.2564102564102564,3.6888794541139363,0.5849230793288238,0.743553018906354,0.8760101252376995
2021-01-13,0.9309885177923284,0.108695652173913,9.0,33.0,4.0,46.0,0.1956521739130435,0.717391304347826,0.0869565217391304,0.6843006581068037,0.10869565217391308,3.8501476017100584,0.3756078047911806,0.2684479685889184,0.9942712157808973
2021-01-14,0.9471997197332054,0.0517241379310344,19.0,23.0,16.0,58.0,0.3275862068965517,0.396551724137931,0.2758620689655172,0.678557045192554,0.05172413793103453,4.07753744390572,0.34994360325835916,0.08520641112100953,1.161020639751779
2021-01-15,0.9539559510621156,0.1136363636363636,14.0,21.0,9.0,44.0,0.3181818181818182,0.4772727272727273,0.2045454545454545,0.70186007483439,0.11363636363636367,3.8066624897703196,0.4540685953116424,0.28433913236454444,0.9623827316813243
2021-01-16,0.9288969852707604,0.2727272727272727,4.0,6.0,1.0,11.0,0.3636363636363636,0.5454545454545454,0.0909090909090909,0.7320460715077141,0.2727272727272727,2.4849066497880004,0.5889487680634063,0.7960346059397037,-0.006886708057115773
2021-01-17,0.9807485163211822,0.0,2.0,6.0,2.0,10.0,0.2,0.6,0.2,0.6865239614248275,0.0,2.3978952727983707,0.38554219718047106,-0.08115763447485524,-0.07069385463778585
2021-01-18,0.9415648854695834,0.1153846153846153,8.0,13.0,5.0,26.0,0.3076923076923077,0.5,0.1923076923076923,0.6937108044440929,0.11538461538461542,3.295836866004329,0.41765518779889815,0.289962159546689,0.5877842989190949
2021-01-19,0.957324860557433,0.1290322580645161,11.0,13.0,7.0,31.0,0.3548387096774194,0.4193548387096774,0.2258064516129032,0.7088370798095579,0.12903225806451618,3.4657359027997265,0.4852439660149792,0.33385804916214057,0.7123745895199507
2021-01-20,0.918022038305507,0.0,8.0,18.0,8.0,34.0,0.2352941176470588,0.5294117647058824,0.2352941176470588,0.6426154268138549,0.0,3.5553480614894135,0.1893455700590444,-0.08115763447485524,0.7780889402491042
2021-01-21,0.9413234216826304,-0.1714285714285714,5.0,19.0,11.0,35.0,0.1428571428571428,0.5428571428571428,0.3142857142857143,0.6074978237492699,-0.17142857142857149,3.58351893845611,0.032429486775798905,-0.6325356141640067,0.7987471959635755
2021-01-22,0.9340851826723232,-0.1162790697674418,9.0,20.0,14.0,43.0,0.2093023255813953,0.4651162790697674,0.3255813953488372,0.6189759069403937,-0.11627906976744187,3.784189633918261,0.08371703776947026,-0.4551543261244734,0.9459029464273858
2021-01-23,0.9678606126043532,-0.1111111111111111,1.0,6.0,2.0,9.0,0.1111111111111111,0.6666666666666666,0.2222222222222222,0.6441690954897139,-0.1111111111111111,2.302585092994046,0.1962878321174002,-0.4385322509400459,-0.14058667582747214
2021-01-24,0.8622199126652309,0.2857142857142857,2.0,5.0,0.0,7.0,0.2857142857142857,0.7142857142857143,0.0,0.6892682245799473,0.2857142857142857,2.0794415416798357,0.3978043958563876,0.8378056650070635,-0.3042222115452213
2021-01-25,0.9156307868659496,0.1,14.0,16.0,10.0,40.0,0.35,0.4,0.25,0.6709415508061647,0.09999999999999998,3.713572066704308,0.3159152685459919,0.2404795203438163,0.8941177015745426
2021-01-26,0.9489113642619208,-0.0512820512820512,8.0,21.0,10.0,39.0,0.2051282051282051,0.5384615384615384,0.2564102564102564,0.6488533395987292,-0.051282051282051294,3.6888794541139363,0.21721845307628182,-0.2460997651510971,0.8760101252376995
2021-01-27,0.9631805060044776,-0.0943396226415094,10.0,28.0,15.0,53.0,0.1886792452830188,0.5283018867924528,0.2830188679245283,0.6459244674106814,-0.0943396226415095,3.9889840465642745,0.20413136534593623,-0.3845889126056777,1.096082699451681
2021-01-28,0.9371635681245384,-0.048780487804878,11.0,17.0,13.0,41.0,0.2682926829268293,0.4146341463414634,0.3170731707317073,0.6413803513457134,-0.04878048780487804,3.7376696182833684,0.18382687891535898,-0.238053807557134,0.911788908019461
2021-01-29,0.9392304779991272,-0.0476190476190476,16.0,28.0,19.0,63.0,0.2539682539682539,0.4444444444444444,0.3015873015873015,0.6431756203136747,-0.047619047619047616,4.1588830833596715,0.19184868422975812,-0.23431818438850835,1.2206729900525364
2021-01-30,0.9533279786507288,-0.25,1.0,7.0,4.0,12.0,0.0833333333333333,0.5833333333333334,0.3333333333333333,0.5923295850555101,-0.25,2.5649493574615367,-0.03534679629661966,-0.8852505215215343,0.05181017685539133
2021-01-31,0.8737393979515348,-0.3571428571428571,2.0,5.0,7.0,14.0,0.1428571428571428,0.3571428571428571,0.5,0.5044747214232173,-0.3571428571428572,2.70805020110221,-0.4279089274081714,-1.229861758827254,0.15674882766063303
2021-02-01,0.9171870059745256,0.0930232558139534,12.0,23.0,8.0,43.0,0.2790697674418604,0.5348837209302325,0.1860465116279069,0.669937880926354,0.09302325581395351,3.784189633918261,0.31143056763518034,0.2180397188448394,0.9459029464273858
2021-02-02,0.9637590756882792,0.0869565217391304,13.0,24.0,9.0,46.0,0.2826086956521739,0.5217391304347826,0.1956521739130435,0.7007183095035345,0.0869565217391304,3.8501476017100584,0.44896684211348326,0.19852684797616343,0.9942712157808973
2021-02-03,0.9477612838149072,0.225,13.0,23.0,4.0,40.0,0.325,0.575,0.1,0.730932898670435,0.225,3.713572066704308,0.583974774783686,0.6425259638671559,0.8941177015745426
2021-02-04,0.9431754334552868,0.4054054054054054,19.0,14.0,4.0,37.0,0.5135135135135135,0.3783783783783784,0.1081081081081081,0.7818444250403223,0.4054054054054054,3.6375861597263857,0.8114628894264212,1.2227767769521916,0.8383957480513464
2021-02-05,0.923322928222743,0.0909090909090909,10.0,28.0,6.0,44.0,0.2272727272727272,0.6363636363636364,0.1363636363636363,0.6735987770286472,0.09090909090909091,3.8066624897703196,0.32778855985413324,0.21123977899666443,0.9623827316813243
2021-02-06,0.9169335744597696,0.1818181818181818,3.0,7.0,1.0,11.0,0.2727272727272727,0.6363636363636364,0.0909090909090909,0.6963989566672932,0.18181818181818182,2.4849066497880004,0.42966666584191765,0.5036371924681841,-0.006886708057115773
2021-02-07,0.9453208694855372,0.1666666666666666,3.0,8.0,1.0,12.0,0.25,0.6666666666666666,0.0833333333333333,0.711724608639876,0.16666666666666669,2.5649493574615367,0.4981463191051848,0.45490429022293083,0.05181017685539133
2021-02-08,0.9542983959118524,0.3222222222222222,44.0,31.0,15.0,90.0,0.4888888888888889,0.3444444444444444,0.1666666666666666,0.7646755438049633,0.3222222222222223,4.51085950651685,0.7347471297302639,0.9552287532741979,1.4787841934645538
2021-02-09,0.948025193012936,0.1830985915492957,23.0,38.0,10.0,71.0,0.323943661971831,0.5352112676056338,0.1408450704225352,0.7185472125738438,0.1830985915492958,4.276666119016055,0.5286317792074073,0.5077554658973605,1.3070455964961614
2021-02-10,0.9527989808590182,0.2096774193548387,17.0,41.0,4.0,62.0,0.2741935483870967,0.6612903225806451,0.064516129032258,0.7298625124077642,0.2096774193548387,4.143134726391533,0.5791919648740921,0.5932428514352626,1.209124411507566
2021-02-11,0.93895728330114,0.1641791044776119,20.0,38.0,9.0,67.0,0.2985074626865671,0.5671641791044776,0.1343283582089552,0.7065238296540816,0.1641791044776119,4.219507705176107,0.4749076639221474,0.44690336597370994,1.2651302123661199
2021-02-12,0.9396531536723628,0.2424242424242424,24.0,34.0,8.0,66.0,0.3636363636363636,0.5151515151515151,0.1212121212121212,0.7304844802979267,0.24242424242424238,4.204692619390966,0.5819711057247003,0.698568801449197,1.2542660198547155
2021-02-13,0.938605496287346,0.2,5.0,14.0,1.0,20.0,0.25,0.7,0.05,0.7170238474011421,0.2,3.044522437723423,0.5218249223763523,0.562116675162488,0.403490507486875
2021-02-14,0.8944181859493255,0.4,7.0,7.0,1.0,15.0,0.4666666666666667,0.4666666666666667,0.0666666666666666,0.7460927301645278,0.4000000000000001,2.772588722239781,0.6517134919424891,1.2053909847998314,0.20407618898736474
2021-02-15,0.9349403695927726,0.0833333333333333,15.0,9.0,12.0,36.0,0.4166666666666667,0.25,0.3333333333333333,0.6794582587149408,0.08333333333333337,3.6109179126442243,0.35397049814280673,0.18687332787403788,0.8188394002553128
2021-02-16,0.9437026135623456,0.3625,37.0,35.0,8.0,80.0,0.4625,0.4375,0.1,0.7693418294936419,0.36250000000000004,4.394449154672439,0.7555975070296911,1.0847770517428295,1.3934182029397864
2021-02-17,0.9502516714009372,0.2727272727272727,23.0,38.0,5.0,66.0,0.3484848484848485,0.5757575757575758,0.0757575757575757,0.7469943517988378,0.2727272727272728,4.204692619390966,0.655742210394576,0.796034605939704,1.2542660198547155
2021-02-18,0.9634490242371192,0.1692307692307692,20.0,36.0,9.0,65.0,0.3076923076923077,0.5538461538461539,0.1384615384615384,0.7251835477352142,0.1692307692307693,4.189654742026425,0.5582849340358271,0.4631513967567431,1.243238449915491
2021-02-19,0.9357848906818824,0.189873417721519,30.0,34.0,15.0,79.0,0.379746835443038,0.430379746835443,0.189873417721519,0.7120114487937733,0.189873417721519,4.382026634673881,0.49942800776130286,0.5295458240416099,1.3843085257702852
2021-02-20,0.9873952946879648,0.5454545454545454,14.0,6.0,2.0,22.0,0.6363636363636364,0.2727272727272727,0.0909090909090909,0.8548130699179389,0.5454545454545454,3.1354942159291497,1.1375088879424355,1.6732268463542623,0.4702018938308565
2021-02-21,0.931583563486735,0.2222222222222222,6.0,10.0,2.0,18.0,0.3333333333333333,0.5555555555555556,0.1111111111111111,0.7187751611073812,0.2222222222222222,2.9444389791664403,0.5296503222727487,0.633591598455526,0.33009734751876035
2021-02-22,0.9656549016041542,-0.1044776119402985,12.0,36.0,19.0,67.0,0.1791044776119403,0.5373134328358209,0.2835820895522388,0.6446151475408183,-0.1044776119402985,4.219507705176107,0.19828092773588624,-0.41719645294212404,1.2651302123661199
2021-02-23,0.9431020300025524,-0.0869565217391304,20.0,44.0,28.0,92.0,0.217391304347826,0.4782608695652174,0.3043478260869565,0.6340844644800476,-0.08695652173913049,4.532599493153256,0.15122664737528332,-0.36084211692587415,1.4947265513718
2021-02-24,0.9475420179651745,0.0597014925373134,18.0,35.0,14.0,67.0,0.2686567164179104,0.5223880597014925,0.208955223880597,0.681189860336816,0.05970149253731338,4.219507705176107,0.36170781847790656,0.11086454750644108,1.2651302123661199
2021-02-25,0.943466712843697,0.1509433962264151,18.0,25.0,10.0,53.0,0.3396226415094339,0.4716981132075472,0.1886792452830188,0.7057097178585123,0.1509433962264151,3.9889840465642745,0.47126996592549103,0.4043324105344604,1.096082699451681
2021-02-26,0.9576308272652708,-0.0338983050847457,16.0,25.0,18.0,59.0,0.2711864406779661,0.423728813559322,0.3050847457627119,0.6601720875602659,-0.03389830508474578,4.0943445622221,0.2677940460211688,-0.19018717848118466,1.1733456287258048
2021-02-27,0.9826425790786744,-0.1333333333333333,0.0,13.0,2.0,15.0,0.0,0.8666666666666667,0.1333333333333333,0.647849805355072,-0.1333333333333333,2.772588722239781,0.2127343582288717,-0.510007174233084,0.20407618898736474
2021-02-28,0.9600402362206404,-0.2352941176470588,3.0,7.0,7.0,17.0,0.1764705882352941,0.4117647058823529,0.4117647058823529,0.6014399300603306,-0.23529411764705882,2.8903717578961645,0.005360983584780335,-0.8379509399305531,0.2904487954309894
2021-03-01,0.9559171678441944,0.1818181818181818,24.0,30.0,12.0,66.0,0.3636363636363636,0.4545454545454545,0.1818181818181818,0.7236874720363906,0.1818181818181818,4.204692619390966,0.5516000148366752,0.503637192468184,1.2542660198547155
2021-03-02,0.972982731998944,0.0327868852459016,13.0,37.0,11.0,61.0,0.2131147540983606,0.6065573770491803,0.180327868852459,0.6909239779730313,0.03278688524590159,4.127134385045092,0.4052028033401745,0.024297170383725464,1.1973910478836944
2021-03-03,0.9634568268106184,0.2366412213740458,55.0,52.0,24.0,131.0,0.4198473282442748,0.3969465648854962,0.183206106870229,0.7454121451796466,0.23664122137404578,4.882801922586371,0.648672432164789,0.6799684570807798,1.751536850448077
2021-03-04,0.9608862549066544,0.0535714285714285,8.0,43.0,5.0,56.0,0.1428571428571428,0.7678571428571429,0.0892857142857142,0.6886918070060866,0.05357142857142859,4.04305126783455,0.39522878761058816,0.0911479841780046,1.135731251539452
2021-03-05,0.9222295302897692,0.09375,17.0,36.0,11.0,64.0,0.265625,0.5625,0.171875,0.6736856712028383,0.09375,4.174387269895637,0.328176829333947,0.22037719816764942,1.2320425136383117
2021-03-06,0.95883629322052,0.3,3.0,7.0,0.0,10.0,0.3,0.7,0.0,0.761185405254364,0.3,2.3978952727983707,0.7191521339536813,0.8837538299811595,-0.07069385463778585
2021-03-07,0.934817190353687,0.3076923076923077,5.0,7.0,1.0,13.0,0.3846153846153846,0.5384615384615384,0.0769230769230769,0.7466797255552732,0.3076923076923077,2.6390573296152584,0.6543363650768451,0.9084951495825958,0.10615500399876947
2021-03-08,0.9408141065318628,0.0377358490566037,7.0,41.0,5.0,53.0,0.1320754716981132,0.7735849056603774,0.0943396226415094,0.6698906292892851,0.03773584905660381,3.9889840465642745,0.3112194330140637,0.040214876777473776,1.096082699451681
2021-03-09,0.9496756437523612,0.1551724137931034,17.0,33.0,8.0,58.0,0.293103448275862,0.5689655172413793,0.1379310344827586,0.7113246747645838,0.1551724137931034,4.07753744390572,0.49635929345973523,0.4179345023127385,1.161020639751779
2021-03-10,0.9521979765564788,0.0392156862745098,11.0,31.0,9.0,51.0,0.2156862745098039,0.6078431372549019,0.1764705882352941,0.678303289471888,0.0392156862745098,3.9512437185814275,0.3488097458671131,0.04497458310109441,1.0684069779205634
2021-03-11,0.9010176062583924,0.1020408163265306,14.0,26.0,9.0,49.0,0.2857142857142857,0.5306122448979592,0.1836734693877551,0.6613245692788339,0.10204081632653059,3.912023005428146,0.27294368328429974,0.2470435439115443,1.0396456609554483
2021-03-12,0.9283351362761804,0.1016949152542373,17.0,31.0,11.0,59.0,0.288135593220339,0.5254237288135594,0.1864406779661017,0.6803430699695974,0.1016949152542373,4.0943445622221,0.3579241027288116,0.24593099754413286,1.1733456287258048
2021-03-13,0.9712845057249068,0.45,11.0,7.0,2.0,20.0,0.55,0.35,0.1,0.8148991540074347,0.45000000000000007,3.044522437723423,0.9591614266520234,1.366209562209167,0.403490507486875
2021-03-14,0.9410779444794906,0.2105263157894736,6.0,11.0,2.0,19.0,0.3157894736842105,0.5789473684210527,0.1052631578947368,0.7219124558724854,0.21052631578947373,2.995732273553991,0.5436687051828754,0.5959732177749799,0.36771172470511354
2021-03-15,0.9287214674379516,0.1304347826086956,24.0,56.0,12.0,92.0,0.2608695652173913,0.6086956521739131,0.1304347826086956,0.6892354619891747,0.1304347826086957,4.532599493153256,0.3976580026810679,0.33836908920167313,1.4947265513718
2021-03-16,0.948177266724502,0.2278481012658227,25.0,47.0,7.0,79.0,0.3164556962025316,0.5949367088607594,0.0886075949367088,0.7320785170868982,0.2278481012658228,4.382026634673881,0.5890937447349652,0.6516865157449029,1.3843085257702852
2021-03-17,0.9384364966136306,-0.044776119402985,11.0,42.0,14.0,67.0,0.1641791044776119,0.6268656716417911,0.208955223880597,0.6434727118086458,-0.04477611940298512,4.219507705176107,0.19317617898166076,-0.22517427096082773,1.2651302123661199
2021-03-18,0.9445256560663634,0.0126582278481012,17.0,46.0,16.0,79.0,0.2151898734177215,0.5822784810126582,0.2025316455696202,0.6649654276008847,0.012658227848101306,4.382026634673881,0.28921214063415734,-0.04044407057375744,1.3843085257702852
2021-03-19,0.934579292933146,0.3185185185185185,60.0,58.0,17.0,135.0,0.4444444444444444,0.4296296296296296,0.1259259259259259,0.7497610606087577,0.31851851851851853,4.912654885736052,0.6681047030521601,0.9433162660586913,1.773428612898706
2021-03-20,0.9092693477869034,-0.25,2.0,5.0,5.0,12.0,0.1666666666666666,0.4166666666666667,0.4166666666666667,0.5614885434508323,-0.2500000000000001,2.5649493574615367,-0.17315390813399056,-0.8852505215215347,0.05181017685539133
2021-03-21,0.9361061028071812,-0.1428571428571428,0.0,12.0,2.0,14.0,0.0,0.8571428571428571,0.1428571428571428,0.612417129107884,-0.1428571428571428,2.70805020110221,0.05441043256894939,-0.5406392842158144,0.15674882766063303
2021-03-22,0.9513751755298024,-0.056338028169014,11.0,45.0,15.0,71.0,0.1549295774647887,0.6338028169014085,0.2112676056338028,0.6490612144201575,-0.05633802816901412,4.276666119016055,0.21814730071806857,-0.262361665358614,1.3070455964961614
2021-03-23,0.9003040595930449,-0.2244897959183673,3.0,32.0,14.0,49.0,0.0612244897959183,0.6530612244897959,0.2857142857142857,0.5628659029396212,-0.2244897959183674,3.912023005428146,-0.16699944890577145,-0.8032002269249345,1.0396456609554483
2021-03-24,0.939508819580078,0.0533333333333333,15.0,49.0,11.0,75.0,0.2,0.6533333333333333,0.1466666666666666,0.6736561737060546,0.0533333333333334,4.330733340286331,0.3280450255871637,0.0903821814284365,1.3466941485839323
2021-03-25,0.9617184246027912,-0.037037037037037,10.0,32.0,12.0,54.0,0.1851851851851851,0.5925925925925926,0.2222222222222222,0.6620917861108427,-0.03703703703703712,4.007333185232471,0.2763718403850678,-0.20028250662991906,1.109538482145135
2021-03-26,0.9097125654996828,-0.0697674418604651,6.0,28.0,9.0,43.0,0.1395348837209302,0.6511627906976745,0.2093023255813953,0.6158685632916384,-0.0697674418604651,3.784189633918261,0.06983248551568977,-0.30555564946462604,0.9459029464273858
2021-03-27,0.9449685633182524,-0.1,1.0,7.0,2.0,10.0,0.1,0.7,0.2,0.6314779943227766,-0.1,2.3978952727983707,0.13958014953425923,-0.40279478929352686,-0.07069385463778585
2021-03-28,0.903125320162092,0.1428571428571428,2.0,4.0,1.0,7.0,0.2857142857142857,0.5714285714285714,0.1428571428571428,0.6750448669706072,0.1428571428571429,2.0794415416798357,0.3342501275570977,0.3783240152661044,-0.3042222115452213
2021-03-29,0.961275653405623,0.0227272727272727,11.0,23.0,10.0,44.0,0.25,0.5227272727272727,0.2272727272727272,0.6797111392021179,0.02272727272727279,3.8066624897703196,0.3551004447258241,-0.008058281106975125,0.9623827316813243
2021-03-30,0.9136103898809668,0.087719298245614,13.0,36.0,8.0,57.0,0.2280701754385964,0.631578947368421,0.1403508771929824,0.6658430623903608,0.087719298245614,4.060443010546419,0.2931336786008698,0.20098022062924256,1.148484957030652
2021-03-31,0.9549174638504676,0.1489361702127659,13.0,28.0,6.0,47.0,0.2765957446808511,0.5957446808510638,0.1276595744680851,0.7131230757591571,0.14893617021276598,3.871201010907891,0.5043950936173411,0.3978764258933791,1.0097100930080563
2021-04-01,0.9492872761467755,0.0677966101694915,14.0,35.0,10.0,59.0,0.2372881355932203,0.5932203389830508,0.1694915254237288,0.6848400763535903,0.06779661016949148,4.0943445622221,0.37801808884108007,0.13690145353780334,1.1733456287258048
2021-04-02,0.9338485567997664,0.1538461538461538,10.0,25.0,4.0,39.0,0.2564102564102564,0.6410256410256411,0.1025641025641025,0.6998478359136826,0.15384615384615388,3.6888794541139363,0.44507730255493577,0.41366875755387045,0.8760101252376995
2021-04-03,0.9954808056354524,0.5,4.0,4.0,0.0,8.0,0.5,0.5,0.0,0.8468365639448167,0.5,2.1972245773362196,1.1018674441546616,1.5270281396185026,-0.2178496051015963
2021-04-04,0.8989308909936384,0.2727272727272727,3.0,8.0,0.0,11.0,0.2727272727272727,0.7272727272727273,0.0,0.7110698055137287,0.2727272727272727,2.4849066497880004,0.49522046047845303,0.7960346059397037,-0.006886708057115773
2021-04-05,0.9535468791028578,0.381294964028777,69.0,54.0,16.0,139.0,0.4964028776978417,0.3884892086330935,0.1151079136690647,0.7818713045806336,0.381294964028777,4.941642422609304,0.8115829953510297,1.1452286392941804,1.794685741314276
2021-04-06,0.9323768841057288,0.1951219512195122,25.0,48.0,9.0,82.0,0.3048780487804878,0.5853658536585366,0.1097560975609756,0.7112004042398639,0.1951219512195122,4.418840607796598,0.4958040151290716,0.5464270578542602,1.4113049331428293
2021-04-07,0.9634364819040104,-0.0408163265306122,8.0,31.0,10.0,49.0,0.1632653061224489,0.6326530612244898,0.2040816326530612,0.6621606393736236,-0.04081632653061229,3.912023005428146,0.2766794976103337,-0.2124381058294152,1.0396456609554483
2021-04-08,0.930574516118583,0.0169491525423728,13.0,34.0,12.0,59.0,0.2203389830508474,0.576271186440678,0.2033898305084746,0.65648690704572,0.01694915254237281,4.0943445622221,0.25132754369551774,-0.026642862471690794,1.1733456287258048
2021-04-09,0.9451219940727408,0.2045454545454545,13.0,27.0,4.0,44.0,0.2954545454545454,0.6136363636363636,0.0909090909090909,0.7229490322145549,0.20454545454545453,3.8066624897703196,0.5483004421303678,0.5767365458360639,0.9623827316813243
2021-04-10,0.9543818672498068,0.0,4.0,7.0,4.0,15.0,0.2666666666666666,0.4666666666666667,0.2666666666666666,0.6680673070748647,0.0,2.772588722239781,0.30307227730061714,-0.08115763447485524,0.20407618898736474
2021-04-11,0.928761214017868,0.2142857142857142,5.0,7.0,2.0,14.0,0.3571428571428571,0.5,0.1428571428571428,0.7144185640982219,0.2142857142857143,2.70805020110221,0.5101837277599193,0.608064840136584,0.15674882766063303
2021-04-12,0.8986992295398268,0.1627906976744186,15.0,20.0,8.0,43.0,0.3488372093023256,0.4651162790697674,0.1860465116279069,0.6779266699802043,0.1627906976744187,3.784189633918261,0.3471268959466775,0.4424377338346105,0.9459029464273858
2021-04-13,0.9564021782598634,0.4347826086956521,35.0,29.0,5.0,69.0,0.5072463768115942,0.4202898550724637,0.072463768115942,0.7999163073905999,0.4347826086956522,4.248495242049359,0.8922135315116998,1.3172647777802386,1.2863873407816906
2021-04-14,0.9287076261762072,0.3698630136986301,28.0,44.0,1.0,73.0,0.3835616438356164,0.6027397260273972,0.0136986301369863,0.7610542424329341,0.3698630136986301,4.30406509320417,0.7185660587544911,1.108459239512012,1.3271378007878991
2021-04-15,0.9325672388076782,0.2878787878787879,25.0,35.0,6.0,66.0,0.3787878787878788,0.5303030303030303,0.0909090909090909,0.7391607035290111,0.2878787878787879,4.204692619390966,0.6207390980791055,0.8447675081849569,1.2542660198547155
2021-04-16,0.954045923267092,-0.0142857142857142,14.0,41.0,15.0,70.0,0.2,0.5857142857142857,0.2142857142857142,0.6635464320012502,-0.01428571428571418,4.2626798770413155,0.28287163865623727,-0.12710579944895084,1.2967892113811286
2021-04-17,0.909240229262246,0.2222222222222222,7.0,8.0,3.0,18.0,0.3888888888888889,0.4444444444444444,0.1666666666666666,0.7031348271502388,0.2222222222222223,2.9444389791664403,0.4597645746241078,0.6335915984555264,0.33009734751876035
2021-04-18,0.9385735665758452,-0.5,3.0,6.0,15.0,24.0,0.125,0.25,0.625,0.5070014966030916,-0.5,3.2188758248682006,-0.416618530855935,-1.6893434085682133,0.5313472604228624
2021-04-19,0.9407244658186322,0.0,24.0,36.0,24.0,84.0,0.2857142857142857,0.4285714285714285,0.2857142857142857,0.6585071260730425,0.0,4.442651256490317,0.260354493984771,-0.08115763447485524,1.4287657480838687
2021-04-20,0.9565860938716244,0.0259740259740259,14.0,51.0,12.0,77.0,0.1818181818181818,0.6623376623376623,0.1558441558441558,0.6774024735023448,0.025974025974025983,4.356708826689592,0.34478462736914073,0.002384483659864686,1.3657424814086685
2021-04-21,0.9229594050792226,-0.0701754385964912,8.0,37.0,12.0,57.0,0.1403508771929824,0.6491228070175439,0.2105263157894736,0.6250189519765085,-0.0701754385964912,4.060443010546419,0.11071919268384328,-0.30686791855813345,1.148484957030652
2021-04-22,0.9565342789696109,0.1693548387096774,55.0,35.0,34.0,124.0,0.4435483870967742,0.282258064516129,0.2741935483870967,0.7203804468916307,0.1693548387096775,4.8283137373023015,0.5368232251998492,0.46355045029870173,1.7115795972057835
2021-04-23,0.954235112013882,-0.1780821917808219,12.0,36.0,25.0,73.0,0.1643835616438356,0.4931506849315068,0.3424657534246575,0.6145399208754708,-0.1780821917808219,4.30406509320417,0.06389570891833546,-0.6539361293574211,1.3271378007878991
2021-04-24,0.978295971365536,0.1764705882352941,5.0,10.0,2.0,17.0,0.2941176470588235,0.5882352941176471,0.1176470588235294,0.7377483564264634,0.1764705882352941,2.8903717578961645,0.6144283035991794,0.4864373446169181,0.2904487954309894
2021-04-25,0.9575271468896132,-0.1538461538461538,1.0,9.0,3.0,13.0,0.0769230769230769,0.6923076923076923,0.2307692307692307,0.6241151566688831,-0.1538461538461538,2.6390573296152584,0.10668076160124539,-0.5759840265035806,0.10615500399876947
2021-04-26,0.9375324918512712,0.087719298245614,18.0,26.0,13.0,57.0,0.3157894736842105,0.4561403508771929,0.2280701754385964,0.682588533769574,0.08771929824561411,4.060443010546419,0.3679575148611439,0.20098022062924292,1.148484957030652
2021-04-27,0.9533499213930678,0.1232876712328767,21.0,40.0,12.0,73.0,0.2876712328767123,0.547945205479452,0.1643835616438356,0.7043312463450104,0.1232876712328767,4.30406509320417,0.46511053783415923,0.3153813235207673,1.3271378007878991
2021-04-28,0.9258567870787856,0.2830188679245283,22.0,24.0,7.0,53.0,0.4150943396226415,0.4528301886792453,0.1320754716981132,0.7330054113325084,0.28301886792452824,3.9889840465642745,0.5932353888662986,0.8291361999176113,1.096082699451681
2021-04-29,0.9551575822489602,0.1607142857142857,17.0,31.0,8.0,56.0,0.3035714285714285,0.5535714285714286,0.1428571428571428,0.7168245932885577,0.1607142857142857,4.04305126783455,0.5209345946718299,0.4357592214837241,1.135731251539452
2021-04-30,0.9454263400058356,-0.0612244897959183,10.0,26.0,13.0,49.0,0.2040816326530612,0.5306122448979592,0.2653061224489796,0.6434310910653094,-0.06122448979591841,3.912023005428146,0.19299020489864363,-0.2780783415066951,1.0396456609554483
2021-05-01,0.9050778010312248,0.2352941176470588,5.0,11.0,1.0,17.0,0.2941176470588235,0.6470588235294118,0.0588235294117647,0.7041426960159749,0.2352941176470588,2.8903717578961645,0.464268037875389,0.6756356709808425,0.2904487954309894
2021-05-02,0.9555956050753592,0.2916666666666667,9.0,13.0,2.0,24.0,0.375,0.5416666666666666,0.0833333333333333,0.7564169235527515,0.2916666666666667,3.2188758248682006,0.697845113925898,0.8569507337462703,0.5313472604228624
2021-05-03,0.9697810691230152,0.3469387755102041,20.0,26.0,3.0,49.0,0.4081632653061224,0.5306122448979592,0.0612244897959183,0.7829283810391718,0.34693877551020413,3.912023005428146,0.8163063330258616,1.0347263720389035,1.0396456609554483
2021-05-04,0.929322361946106,0.3846153846153846,18.0,18.0,3.0,39.0,0.4615384615384615,0.4615384615384615,0.0769230769230769,0.7659102687468895,0.3846153846153846,3.6888794541139363,0.7402642546166883,1.1559083455969585,0.8760101252376995
2021-05-05,0.9430919276042418,0.4090909090909091,20.0,22.0,2.0,44.0,0.4545454545454545,0.5,0.0454545454545454,0.7828916220502419,0.40909090909090906,3.8066624897703196,0.8161420827335586,1.2346307261469829,0.9623827316813243
2021-05-06,0.954941170371097,0.3260869565217391,19.0,23.0,4.0,46.0,0.4130434782608695,0.5,0.0869565217391304,0.7662849062162896,0.32608695652173914,3.8501476017100584,0.741938248261451,0.9676591747164651,0.9942712157808973
2021-05-07,0.94948979399421,0.1590909090909091,14.0,23.0,7.0,44.0,0.3181818181818182,0.5227272727272727,0.1590909090909091,0.7123701285232197,0.1590909090909091,3.8066624897703196,0.5010306973923209,0.43053783910030413,0.9623827316813243
2021-05-08,0.9436324387788771,0.375,3.0,5.0,0.0,8.0,0.375,0.625,0.0,0.773042707145214,0.375,2.1972245773362196,0.7721341489163015,1.1249816960951633,-0.2178496051015963
2021-05-09,0.9839535185268948,0.2857142857142857,6.0,6.0,2.0,14.0,0.4285714285714285,0.4285714285714285,0.1428571428571428,0.774481748683112,0.2857142857142857,2.70805020110221,0.7785642222158254,0.8378056650070635,0.15674882766063303
2021-05-10,0.943104835656973,0.3653846153846153,23.0,25.0,4.0,52.0,0.4423076923076923,0.4807692307692308,0.0769230769230769,0.7697887695752657,0.3653846153846154,3.970291913552122,0.7575945706374124,1.094055046593368,1.082375392289378
2021-05-11,0.9755289285271256,0.3037037037037037,73.0,30.0,32.0,135.0,0.5407407407407407,0.2222222222222222,0.237037037037037,0.773981361080099,0.30370370370370375,4.912654885736052,0.7763283388998742,0.895666317196666,1.773428612898706
2021-05-12,0.9506477028131484,0.15,22.0,25.0,13.0,60.0,0.3666666666666666,0.4166666666666667,0.2166666666666666,0.7104533919692039,0.15,4.110873864173311,0.49246613812587997,0.40129809775315217,1.1854668895191234
2021-05-13,0.9447668770782086,-0.1260504201680672,21.0,62.0,36.0,119.0,0.1764705882352941,0.5210084033613446,0.3025210084033613,0.6235216879043258,-0.12605042016806722,4.787491742782046,0.10402896347271133,-0.48658261954040766,1.6816440292583907
2021-05-14,0.9474415101110936,0.0,26.0,28.0,26.0,80.0,0.325,0.35,0.325,0.6632090570777655,0.0,4.394449154672439,0.2813641453488539,-0.08115763447485524,1.3934182029397864
2021-05-15,0.9287284761667252,0.15,6.0,11.0,3.0,20.0,0.3,0.55,0.15,0.6951099333167076,0.15,3.044522437723423,0.4239069192253119,0.40129809775315217,0.403490507486875
2021-05-16,0.9460248756408692,-0.16,4.0,13.0,8.0,25.0,0.16,0.52,0.32,0.6142174129486084,-0.16,3.258096538021482,0.0624546458532403,-0.5957770821847298,0.5601085773879774
2021-05-17,0.9053628970811396,-0.2469135802469135,10.0,41.0,30.0,81.0,0.1234567901234567,0.5061728395061729,0.3703703703703703,0.5596799538827236,-0.2469135802469136,4.406719247264253,-0.18123523392301497,-0.8753234488419457,1.4024161021071286
2021-05-18,0.9498550667482264,-0.0588235294117647,20.0,40.0,25.0,85.0,0.2352941176470588,0.4705882352941176,0.2941176470588235,0.647251487900229,-0.05882352941176469,4.454347296253507,0.2100608946840708,-0.27035596083877966,1.4373426830710279
2021-05-19,0.941769334177176,-0.4791666666666667,9.0,32.0,55.0,96.0,0.09375,0.3333333333333333,0.5729166666666666,0.5154885339240232,-0.47916666666666663,4.574710978503383,-0.37869587842917113,-1.62233566798099,1.5256077281952114
2021-05-20,0.9540942397314248,-0.0824742268041237,24.0,41.0,32.0,97.0,0.2474226804123711,0.422680412371134,0.3298969072164948,0.6431236997707602,-0.0824742268041237,4.584967478670572,0.19161668752368752,-0.3464253910263369,1.5331290206079327
2021-05-21,0.9286884608334058,-0.0410958904109589,20.0,30.0,23.0,73.0,0.273972602739726,0.410958904109589,0.3150684931506849,0.6377531554600964,-0.0410958904109589,4.30406509320417,0.16761946946815479,-0.21333728714006273,1.3271378007878991
2021-05-22,0.9597350128235356,-0.1612903225806451,4.0,18.0,9.0,31.0,0.1290322580645161,0.5806451612903226,0.2903225806451613,0.6234274122022814,-0.1612903225806452,3.4657359027997265,0.1036077110914942,-0.5999272390210999,0.7123745895199507
2021-05-23,0.964595390483737,-0.4375,3.0,12.0,17.0,32.0,0.09375,0.375,0.53125,0.5439667733386159,-0.4375,3.4965075614664802,-0.2514464821784637,-1.4883201868065437,0.7349400493829054
2021-05-24,0.946164024554617,-0.1300813008130081,32.0,43.0,48.0,123.0,0.2601626016260163,0.3495934959349593,0.3902439024390244,0.6232904269443293,-0.13008130081300812,4.820281565605037,0.10299561948302523,-0.49954742936093205,1.7056894484162803
2021-05-25,0.9571112873433512,0.2784810126582278,69.0,64.0,25.0,158.0,0.4367088607594936,0.4050632911392405,0.1582278481012658,0.7535222049378141,0.2784810126582278,5.0689042022202315,0.6849106347011142,0.8145407713492933,1.8880092963100692
2021-05-26,0.9393490149329106,0.0729166666666666,26.0,51.0,19.0,96.0,0.2708333333333333,0.53125,0.1979166666666666,0.6794193104530374,0.07291666666666671,4.574710978503383,0.3537964655159974,0.15336945758042628,1.5256077281952114
2021-05-27,0.9561085429618028,0.2276422764227642,52.0,47.0,24.0,123.0,0.4227642276422764,0.3821138211382114,0.1951219512195122,0.7375686630000912,0.2276422764227642,4.820281565605037,0.6136253789631722,0.6510245065757791,1.7056894484162803
2021-05-28,0.9210553020238876,-0.0833333333333333,14.0,38.0,20.0,72.0,0.1944444444444444,0.5277777777777778,0.2777777777777778,0.6197387114167213,-0.0833333333333334,4.290459441148391,0.08712547912909607,-0.3491885968237484,1.317160509713053
2021-05-29,0.9700278838475546,-0.1666666666666666,2.0,11.0,5.0,18.0,0.1111111111111111,0.6111111111111112,0.2777777777777778,0.6290195186932882,-0.16666666666666669,2.9444389791664403,0.128594936052657,-0.6172195591726413,0.33009734751876035
2021-05-30,0.9655275046825408,-0.05,3.0,13.0,4.0,20.0,0.15,0.65,0.2,0.6608692532777785,-0.05000000000000002,3.044522437723423,0.27090919353252463,-0.24197621188419108,0.403490507486875
2021-05-31,0.9415772452073938,0.0392156862745098,16.0,21.0,14.0,51.0,0.3137254901960784,0.4117647058823529,0.2745098039215686,0.6708687775275285,0.03921568627450983,3.9512437185814275,0.3155900955029949,0.0449745831010945,1.0684069779205634
2021-06-01,0.9334765021447782,0.1296296296296296,16.0,29.0,9.0,54.0,0.2962962962962963,0.5370370370370371,0.1666666666666666,0.6923224403902335,0.12962962962962968,4.007333185232471,0.41145155684201845,0.3357794180678674,1.109538482145135
2021-06-02,0.9136687815189362,0.1724137931034483,22.0,24.0,12.0,58.0,0.3793103448275862,0.4137931034482758,0.2068965517241379,0.6912922849942897,0.1724137931034483,4.07753744390572,0.40684851062592825,0.4733891841780269,1.161020639751779
2021-06-03,0.9386044771640332,0.0,18.0,41.0,18.0,77.0,0.2337662337662337,0.5324675324675324,0.2337662337662337,0.6570231340148232,0.0,4.356708826689592,0.25372356815048314,-0.08115763447485524,1.3657424814086685
2021-06-04,0.9694591502645122,0.0597014925373134,17.0,37.0,13.0,67.0,0.2537313432835821,0.5522388059701493,0.1940298507462686,0.6965318529463526,0.059701492537313494,4.219507705176107,0.43026048665464667,0.11086454750644144,1.2651302123661199
2021-06-05,0.9495075797212535,-0.0689655172413793,1.0,25.0,3.0,29.0,0.0344827586206896,0.8620689655172413,0.1034482758620689,0.6439656506324636,-0.0689655172413793,3.4011973816621555,0.1953787788968507,-0.302976361936008,0.665047228193219
2021-06-06,0.9431448202384146,0.0526315789473684,3.0,14.0,2.0,19.0,0.1578947368421052,0.7368421052631579,0.1052631578947368,0.6759908478511008,0.052631578947368404,2.995732273553991,0.3384770565520776,0.08812507858760345,0.36771172470511354
2021-06-07,0.9523040374571626,-0.0909090909090909,17.0,46.0,25.0,88.0,0.1931818181818181,0.5227272727272727,0.2840909090909091,0.6393400989472866,-0.09090909090909102,4.48863636973214,0.1747104134583747,-0.37355504794637523,1.4624875320926358
2021-06-08,0.9368250634182584,-0.1477272727272727,12.0,51.0,25.0,88.0,0.1363636363636363,0.5795454545454546,0.2840909090909091,0.6114593625745991,-0.14772727272727282,4.48863636973214,0.05013084170887708,-0.556303431366075,1.4624875320926358
2021-06-09,0.9545225036144256,-0.07,13.0,67.0,20.0,100.0,0.13,0.67,0.2,0.6471657525300979,-0.07,4.61512051684126,0.20967780309165565,-0.3063036428479254,1.555240833947456
2021-06-10,0.9436870494196492,0.1354838709677419,51.0,74.0,30.0,155.0,0.3290322580645161,0.4774193548387097,0.1935483870967742,0.701226095884077,0.1354838709677419,5.049856007249537,0.4512357854076131,0.35460883334399,1.8740408819412546
2021-06-11,0.941653372985976,0.0285714285714285,12.0,48.0,10.0,70.0,0.1714285714285714,0.6857142857142857,0.1428571428571428,0.6677287896616116,0.02857142857142861,4.2626798770413155,0.3015596790030295,0.010738695473336767,1.2967892113811286
2021-06-12,0.9571712531826712,-0.0454545454545454,3.0,15.0,4.0,22.0,0.1363636363636363,0.6818181818181818,0.1818181818181818,0.6563835135915062,-0.0454545454545455,3.1354942159291497,0.25086555043696523,-0.22735634121061518,0.4702018938308565
2021-06-13,0.8512638977595738,0.2857142857142857,9.0,9.0,3.0,21.0,0.4285714285714285,0.4285714285714285,0.1428571428571428,0.6815990141459873,0.2857142857142857,3.091042453358316,0.363536041579509,0.8378056650070635,0.43760454589480013
2021-06-14,0.9418826816897644,0.3263157894736842,92.0,68.0,30.0,190.0,0.4842105263157895,0.3578947368421052,0.1578947368421052,0.7572126140249403,0.3263157894736843,5.25227342804663,0.701400499872144,0.9683951865123891,2.0224775402970994
2021-06-15,0.9328175715861782,0.0967741935483871,16.0,36.0,10.0,62.0,0.2580645161290322,0.5806451612903226,0.1612903225806451,0.6820045581748408,0.0967741935483871,4.143134726391533,0.3653481350896944,0.23010412825289148,1.209124411507566
2021-06-16,0.9342099489836856,0.0517241379310344,16.0,29.0,13.0,58.0,0.2758620689655172,0.5,0.2241379310344827,0.6694642056678902,0.051724137931034475,4.07753744390572,0.30931404316255007,0.08520641112100936,1.161020639751779
2021-06-17,0.939464744547723,0.028169014084507,14.0,45.0,12.0,71.0,0.1971830985915492,0.6338028169014085,0.1690140845070422,0.6660760254087582,0.028169014084507005,4.276666119016055,0.2941746279028346,0.009444380967023965,1.3070455964961614
2021-06-18,0.9812565466104928,-0.0169491525423728,14.0,30.0,15.0,59.0,0.2372881355932203,0.5084745762711864,0.2542372881355932,0.681794836864633,-0.01694915254237292,4.0943445622221,0.3644110367769674,-0.13567240647802004,1.1733456287258048
2021-06-19,0.9188050201960972,-0.1428571428571428,1.0,10.0,3.0,14.0,0.0714285714285714,0.7142857142857143,0.2142857142857142,0.6003063712801252,-0.1428571428571428,2.70805020110221,0.00029589973967755187,-0.5406392842158144,0.15674882766063303
2021-06-20,0.955912385135889,-0.3125,1.0,9.0,6.0,16.0,0.0625,0.5625,0.375,0.5753886695951222,-0.3125,2.833213344056216,-0.11104393588748947,-1.0862737432832041,0.24853341130094786
2021-06-21,0.9224104415229026,-0.1808510638297872,14.0,49.0,31.0,94.0,0.1489361702127659,0.5212765957446809,0.3297872340425531,0.5914319899170957,-0.18085106382978722,4.553876891600541,-0.039357523145916555,-0.6628418506362825,1.5103296843016811
2021-06-22,0.9532526047456832,-0.2476190476190476,17.0,45.0,43.0,105.0,0.1619047619047619,0.4285714285714285,0.4095238095238095,0.592991109036264,-0.2476190476190476,4.663439094112067,-0.03239090685658804,-0.8775924940258515,1.5906737928219636
2021-06-23,0.9449265324152432,-0.0512820512820512,20.0,34.0,24.0,78.0,0.2564102564102564,0.4358974358974359,0.3076923076923077,0.6460639573060548,-0.05128205128205132,4.3694478524670215,0.20475464843274957,-0.2460997651510972,1.3750842584635503
2021-06-24,0.9329491914846958,-0.1282051282051282,13.0,42.0,23.0,78.0,0.1666666666666666,0.5384615384615384,0.2948717948717949,0.6146028955777486,-0.12820512820512828,4.3694478524670215,0.06417709895538283,-0.49351296116546006,1.3750842584635503
2021-06-25,0.9167914514417772,-0.0649350649350649,11.0,50.0,16.0,77.0,0.1428571428571428,0.6493506493506493,0.2077922077922078,0.6222734965287245,-0.06493506493506501,4.356708826689592,0.09845166648330492,-0.2900129298116552,1.3657424814086685
2021-06-26,0.9109075349919936,-0.0588235294117647,2.0,12.0,3.0,17.0,0.1176470588235294,0.7058823529411765,0.1764705882352941,0.619988215670866,-0.058823529411764705,2.8903717578961645,0.08824033968068022,-0.2703559608387797,0.2904487954309894
2021-06-27,0.9036683961749076,0.125,4.0,10.0,2.0,16.0,0.25,0.625,0.125,0.6700678773224352,0.125,2.833213344056216,0.3120114308927464,0.32088880904848427,0.24853341130094786
2021-06-28,0.9457362580683925,0.1935483870967742,62.0,61.0,32.0,155.0,0.4,0.3935483870967742,0.2064516129032258,0.720079896776907,0.19354838709677422,5.049856007249537,0.5354802762877026,0.5413658909806383,1.8740408819412546
2021-06-29,0.9317018575966358,0.25,21.0,38.0,5.0,64.0,0.328125,0.59375,0.078125,0.727191300317645,0.25,4.174387269895637,0.5672561804747557,0.7229352525718238,1.2320425136383117
2021-06-30,0.9661931253112525,0.2300884955752212,49.0,41.0,23.0,113.0,0.4336283185840708,0.3628318584070796,0.2035398230088495,0.745361736390443,0.2300884955752213,4.736198448394496,0.6484471904320224,0.6588924562583717,1.6440296520720379
2021-07-01,0.9510853146353077,-0.1129032258064516,14.0,27.0,21.0,62.0,0.2258064516129032,0.4354838709677419,0.3387096774193548,0.6318887525027799,-0.11290322580645162,4.143134726391533,0.14141554145050492,-0.4442963576572264,1.209124411507566
2021-07-02,0.9689312834365696,-0.1764705882352941,10.0,22.0,19.0,51.0,0.196078431372549,0.4313725490196078,0.3725490196078431,0.6253107219350105,-0.1764705882352941,3.9512437185814275,0.1120229091995647,-0.6487526135666286,1.0684069779205634
2021-07-03,0.9003932873407999,-0.0833333333333333,3.0,5.0,4.0,12.0,0.25,0.4166666666666667,0.3333333333333333,0.6052753011385599,-0.08333333333333331,2.5649493574615367,0.022498582823166458,-0.34918859682374814,0.05181017685539133
2021-07-04,0.93641852415525,0.1538461538461538,3.0,9.0,1.0,13.0,0.2307692307692307,0.6923076923076923,0.0769230769230769,0.7016468130625211,0.1538461538461538,2.6390573296152584,0.4531156771442446,0.41366875755387017,0.10615500399876947
2021-07-05,0.9308572456692203,-0.0909090909090909,6.0,18.0,9.0,33.0,0.1818181818181818,0.5454545454545454,0.2727272727272727,0.6243273446957269,-0.09090909090909091,3.5263605246161616,0.10762888195076653,-0.37355504794637484,0.7568318118335339
2021-07-06,0.9345307263775148,-0.0144927536231884,16.0,36.0,17.0,69.0,0.2318840579710145,0.5217391304347826,0.2463768115942029,0.6498236823773038,-0.014492753623188415,4.248495242049359,0.22155423840810218,-0.1277717148833584,1.2863873407816906
2021-07-07,0.9350898018423116,-0.0188679245283018,10.0,32.0,11.0,53.0,0.1886792452830188,0.6037735849056604,0.2075471698113207,0.6489024839311275,-0.01886792452830191,3.9889840465642745,0.21743804483319454,-0.14184389010101978,1.096082699451681
2021-07-08,0.9552227021896676,-0.2328767123287671,8.0,40.0,25.0,73.0,0.1095890410958904,0.547945205479452,0.3424657534246575,0.5987928778341371,-0.2328767123287671,4.30406509320417,-0.006466847227492619,-0.8301756662443645,1.3271378007878991
2021-07-09,0.9388135373592376,-0.1,8.0,38.0,14.0,60.0,0.1333333333333333,0.6333333333333333,0.2333333333333333,0.6271694761514662,-0.1,4.110873864173311,0.12032838582608862,-0.40279478929352686,1.1854668895191234
2021-07-10,0.9203412234783171,-0.1428571428571428,2.0,8.0,4.0,14.0,0.1428571428571428,0.5714285714285714,0.2857142857142857,0.6013817135776791,-0.1428571428571429,2.70805020110221,0.005100854713701181,-0.5406392842158148,0.15674882766063303
2021-07-11,0.8426749527454376,-0.1,2.0,5.0,3.0,10.0,0.2,0.5,0.3,0.5598724669218063,-0.09999999999999998,2.3978952727983707,-0.18037502737593816,-0.40279478929352674,-0.07069385463778585
2021-07-12,0.939079616890579,-0.1311475409836065,13.0,27.0,21.0,61.0,0.2131147540983606,0.4426229508196721,0.3442622950819672,0.6180114695283233,-0.13114754098360662,4.127134385045092,0.07940763940319803,-0.5029768539091788,1.1973910478836944
2021-07-13,0.9398677502484882,-0.088235294117647,13.0,36.0,19.0,68.0,0.1911764705882352,0.5294117647058824,0.2794117647058823,0.6314368369386476,-0.0882352941176471,4.23410650459726,0.13939624588047533,-0.3649551240207421,1.275835797851548
2021-07-14,0.916287458148496,0.0517241379310344,18.0,25.0,15.0,58.0,0.3103448275862069,0.4310344827586206,0.2586206896551724,0.6569184620832574,0.05172413793103453,4.07753744390572,0.2532558622680293,0.08520641112100953,1.161020639751779
2021-07-15,0.9547279275752404,-0.1351351351351351,11.0,42.0,21.0,74.0,0.1486486486486486,0.5675675675675675,0.2837837837837837,0.6277690087621277,-0.13513513513513511,4.31748811353631,0.12300727905500752,-0.5158024382838708,1.3369811644435536
2021-07-16,0.9358520304811172,-0.0144927536231884,17.0,34.0,18.0,69.0,0.2463768115942029,0.4927536231884058,0.2608695652173913,0.6507485952498255,-0.014492753623188387,4.248495242049359,0.22568702916456262,-0.1277717148833583,1.2863873407816906
2021-07-17,0.9493059732697228,-0.2727272727272727,1.0,6.0,4.0,11.0,0.0909090909090909,0.5454545454545454,0.3636363636363636,0.5826959994706241,-0.2727272727272727,2.4849066497880004,-0.07839257351478963,-0.9583498748894141,-0.006886708057115773
2021-07-18,0.8773862148324648,-0.3333333333333333,1.0,6.0,5.0,12.0,0.0833333333333333,0.5,0.4166666666666667,0.5141703503827254,-0.33333333333333337,2.5649493574615367,-0.3845859216069038,-1.1532814838704275,0.05181017685539133
2021-07-19,0.9282938315157304,-0.2631578947368421,8.0,26.0,23.0,57.0,0.1403508771929824,0.4561403508771929,0.4035087719298245,0.5708583136399586,-0.2631578947368421,4.060443010546419,-0.13128693798122018,-0.927571199787149,1.148484957030652
2021-07-20,0.939786414305369,-0.0384615384615384,16.0,43.0,19.0,78.0,0.2051282051282051,0.5512820512820513,0.2435897435897435,0.6463120284752968,-0.03846153846153841,4.3694478524670215,0.2058631055270836,-0.20486423248203642,1.3750842584635503
2021-07-21,0.9302540240865764,0.1363636363636363,20.0,35.0,11.0,66.0,0.303030303030303,0.5303030303030303,0.1666666666666666,0.6920869077696944,0.13636363636363638,4.204692619390966,0.41039912577966875,0.3574384857324243,1.2542660198547155
2021-07-22,0.956663368798014,0.044776119402985,17.0,36.0,14.0,67.0,0.2537313432835821,0.5373134328358209,0.208955223880597,0.6830971939795052,0.04477611940298509,4.219507705176107,0.3702303626895578,0.06285900201111717,1.2651302123661199
2021-07-23,0.951337171288637,0.1923076923076923,19.0,24.0,9.0,52.0,0.3653846153846153,0.4615384615384615,0.173076923076923,0.7236283275943536,0.19230769230769232,3.970291913552122,0.5513357395620969,0.5373753555610518,1.082375392289378
2021-07-24,0.9421466052532196,0.3,3.0,7.0,0.0,10.0,0.3,0.7,0.0,0.7495026236772536,0.3,2.3978952727983707,0.6669499285935281,0.8837538299811595,-0.07069385463778585
2021-07-25,0.9720630645751952,-0.1538461538461538,1.0,9.0,3.0,13.0,0.0769230769230769,0.6923076923076923,0.2307692307692307,0.6342902990487905,-0.1538461538461538,2.6390573296152584,0.15214637855033053,-0.5759840265035806,0.10615500399876947
2021-07-26,0.9357511820373956,0.3076923076923077,42.0,35.0,14.0,91.0,0.4615384615384615,0.3846153846153846,0.1538461538461538,0.7473335197338692,0.3076923076923077,4.5217885770490405,0.657257715420432,0.9084951495825958,1.4867986948960286
2021-07-27,0.9197785732198934,-0.1475409836065573,13.0,26.0,22.0,61.0,0.2131147540983606,0.4262295081967213,0.360655737704918,0.5995827061719582,-0.1475409836065574,4.127134385045092,-0.002937655072519485,-0.5557042563384691,1.1973910478836944
2021-07-28,0.9656194016553352,0.4057971014492754,34.0,29.0,6.0,69.0,0.4927536231884058,0.4202898550724637,0.0869565217391304,0.7976727115935172,0.4057971014492754,4.248495242049359,0.8821884661818847,1.2240366169632324,1.2863873407816906
2021-07-29,0.9254130837710008,0.0434782608695652,14.0,20.0,12.0,46.0,0.3043478260869565,0.4347826086956521,0.2608695652173913,0.6608326369005701,0.04347826086956519,3.8501476017100584,0.27074558047257336,0.05868460675065406,0.9942712157808973
2021-07-30,0.9376021286715632,0.0217391304347826,11.0,25.0,10.0,46.0,0.2391304347826087,0.5434782608695652,0.217391304347826,0.662843229200529,0.021739130434782705,3.8501476017100584,0.2797295156292172,-0.011236513862100232,0.9942712157808973
2021-07-31,0.9797935783863068,-0.1428571428571428,2.0,8.0,4.0,14.0,0.1428571428571428,0.5714285714285714,0.2857142857142857,0.6429983620132719,-0.1428571428571429,2.70805020110221,0.19105664047388154,-0.5406392842158148,0.15674882766063303
2021-08-01,0.8876696441854749,0.0714285714285714,5.0,5.0,4.0,14.0,0.3571428571428571,0.3571428571428571,0.2857142857142857,0.6427973223584038,0.0714285714285714,2.70805020110221,0.19015833442581515,0.14858319039562437,0.15674882766063303
2021-08-02,0.895176304365272,0.0298507462686567,19.0,31.0,17.0,67.0,0.2835820895522388,0.4626865671641791,0.2537313432835821,0.6355786369362874,0.02985074626865669,4.219507705176107,0.15790306231031317,0.014853456515792922,1.2651302123661199
2021-08-03,0.9547669343781052,0.0350877192982456,12.0,35.0,10.0,57.0,0.2105263157894736,0.6140350877192983,0.175438596491228,0.6788631698541473,0.035087719298245584,4.060443010546419,0.35131146093376164,0.03169750756678382,1.148484957030652
2021-08-04,0.9415570061121668,0.2142857142857142,17.0,34.0,5.0,56.0,0.3035714285714285,0.6071428571428571,0.0892857142857142,0.7233756185642309,0.2142857142857143,4.04305126783455,0.550206559101112,0.608064840136584,1.135731251539452
2021-08-05,0.9487807188393936,0.0754716981132075,9.0,39.0,5.0,53.0,0.1698113207547169,0.7358490566037735,0.0943396226415094,0.6867880126215378,0.07547169811320749,3.9889840465642745,0.38672205787591274,0.16158738802980238,1.096082699451681
2021-08-06,0.9526717188683425,0.25,18.0,19.0,7.0,44.0,0.4090909090909091,0.4318181818181818,0.1590909090909091,0.7418702032078396,0.25,3.8066624897703196,0.6328459630173834,0.7229352525718238,0.9623827316813243
2021-08-07,0.9705927620331446,0.3333333333333333,5.0,6.0,1.0,12.0,0.4166666666666667,0.5,0.0833333333333333,0.7794149334232011,0.33333333333333337,2.5649493574615367,0.8006071852877585,0.9909662149207168,0.05181017685539133
2021-08-08,0.9793732854036185,0.2307692307692307,4.0,8.0,1.0,13.0,0.3076923076923077,0.6153846153846154,0.0769230769230769,0.7547920690133021,0.2307692307692308,2.6390573296152584,0.6905847718756023,0.6610819535682332,0.10615500399876947
2021-08-09,0.9190628856000764,0.323943661971831,33.0,28.0,10.0,71.0,0.4647887323943662,0.3943661971830985,0.1408450704225352,0.7405271185116027,0.323943661971831,4.276666119016055,0.626844653939894,0.960765543106757,1.3070455964961614
2021-08-10,0.9302945335706077,0.196078431372549,16.0,29.0,6.0,51.0,0.3137254901960784,0.5686274509803921,0.1176470588235294,0.71002970291119,0.19607843137254904,3.9512437185814275,0.49057296713151494,0.5495034534048931,1.0684069779205634
2021-08-11,0.937093498841138,0.1267605633802817,20.0,40.0,11.0,71.0,0.2816901408450704,0.5633802816901409,0.1549295774647887,0.6939936182028811,0.1267605633802817,4.276666119016055,0.41891888530256977,0.32655143501360173,1.3070455964961614
2021-08-12,0.9326390836920057,0.0,9.0,24.0,9.0,42.0,0.2142857142857142,0.5714285714285714,0.2142857142857142,0.6528473585844039,0.0,3.7612001156935624,0.23506493920001834,-0.08115763447485524,0.9290442825384422
2021-08-13,0.925360225579318,0.3823529411764705,17.0,13.0,4.0,34.0,0.5,0.3823529411764705,0.1176470588235294,0.7624580402584636,0.3823529411764706,3.5553480614894135,0.7248386524761788,1.1486314868906538,0.7780889402491042
2021-08-14,0.9257783943956548,0.0,2.0,7.0,2.0,11.0,0.1818181818181818,0.6363636363636364,0.1818181818181818,0.6480448760769583,0.0,2.4849066497880004,0.21360599327712196,-0.08115763447485524,-0.006886708057115773
2021-08-15,0.9262026906013489,0.1333333333333333,3.0,11.0,1.0,15.0,0.2,0.7333333333333333,0.0666666666666666,0.6883418834209442,0.13333333333333341,2.772588722239781,0.39366522308347635,0.34769190528337385,0.20407618898736474
2021-08-16,0.94613902099797,0.180327868852459,19.0,34.0,8.0,61.0,0.3114754098360656,0.5573770491803278,0.1311475409836065,0.7163956753543167,0.18032786885245908,4.127134385045092,0.5190180594752999,0.49884379224733966,1.1973910478836944
2021-08-17,0.9562277037922928,0.048780487804878,11.0,21.0,9.0,41.0,0.2682926829268293,0.5121951219512195,0.2195121951219512,0.6839935389960684,0.04878048780487809,3.7376696182833684,0.37423550361591557,0.07573853860742373,0.911788908019461
2021-08-18,0.9280223750299024,0.0,13.0,36.0,13.0,62.0,0.2096774193548387,0.5806451612903226,0.2096774193548387,0.6496156625209316,0.0,4.143134726391533,0.22062474270627316,-0.08115763447485524,1.209124411507566
2021-08-19,0.959219080209732,-0.02,9.0,31.0,10.0,50.0,0.18,0.62,0.2,0.6654533561468123,-0.020000000000000018,3.9318256327243257,0.29139235311073897,-0.1454850654385896,1.054167315321639
2021-08-20,0.945391383079382,0.0769230769230769,16.0,38.0,11.0,65.0,0.2461538461538461,0.5846153846153846,0.1692307692307692,0.6848508912324904,0.0769230769230769,4.189654742026425,0.3780664129944986,0.16625556153950746,1.243238449915491
2021-08-21,0.9379243633963844,-0.0909090909090909,1.0,8.0,2.0,11.0,0.0909090909090909,0.7272727272727273,0.1818181818181818,0.6292743271047418,-0.0909090909090909,2.4849066497880004,0.12973349718507252,-0.37355504794637484,-0.006886708057115773
2021-08-22,0.925874103199352,0.0,3.0,5.0,3.0,11.0,0.2727272727272727,0.4545454545454545,0.2727272727272727,0.6481118722395464,0.0,2.4849066497880004,0.21390535241644013,-0.08115763447485524,-0.006886708057115773
2021-08-23,0.9607313798533546,0.4,44.0,38.0,8.0,90.0,0.4888888888888889,0.4222222222222222,0.0888888888888888,0.7925119658973482,0.4000000000000001,4.51085950651685,0.8591286918580395,1.2053909847998314,1.4787841934645538
2021-08-24,0.9378667506906722,0.0694444444444444,19.0,39.0,14.0,72.0,0.2638888888888889,0.5416666666666666,0.1944444444444444,0.6773400588168038,0.0694444444444445,4.290459441148391,0.3445057396564332,0.14220150081588911,1.317160509713053
2021-08-25,0.9432521640364804,0.1044776119402985,22.0,30.0,15.0,67.0,0.3283582089552239,0.4477611940298507,0.2238805970149253,0.6916197984076258,0.10447761194029859,4.219507705176107,0.40831193972013213,0.2548811839924139,1.2651302123661199
2021-08-26,0.9441983408706132,0.0232558139534883,10.0,24.0,9.0,43.0,0.2325581395348837,0.5581395348837209,0.2093023255813953,0.6679155827954756,0.023255813953488386,3.784189633918261,0.3023943272817354,-0.006358296144931566,0.9459029464273858
2021-08-27,0.949981136918068,0.18,15.0,29.0,6.0,50.0,0.3,0.58,0.12,0.7189867958426476,0.18,3.9318256327243257,0.530595970347978,0.49778924419875364,1.054167315321639
2021-08-28,0.9636686614581516,0.1428571428571428,1.0,6.0,0.0,7.0,0.1428571428571428,0.8571428571428571,0.0,0.7174252058778489,0.1428571428571428,2.0794415416798357,0.5236183135722583,0.378324015266104,-0.3042222115452213
2021-08-29,0.8933436969916025,0.0,1.0,4.0,1.0,6.0,0.1666666666666666,0.6666666666666666,0.1666666666666666,0.6253405878941217,0.0,1.9459101490553132,0.11215635934758923,-0.08115763447485524,-0.40214339653381637
2021-08-30,0.9678042299217648,-0.0277777777777777,7.0,21.0,8.0,36.0,0.1944444444444444,0.5833333333333334,0.2222222222222222,0.6691296276119021,-0.027777777777777818,3.6109179126442243,0.30781904710596764,-0.17050128859115304,0.8188394002553128
2021-08-31,0.96971016510939,0.2564102564102564,17.0,15.0,7.0,39.0,0.4358974358974359,0.3846153846153846,0.1794871794871795,0.7557201924996498,0.2564102564102564,3.6888794541139363,0.6947319086267364,0.743553018906354,0.8760101252376995
2021-09-01,0.9538083355477516,0.0,9.0,29.0,9.0,47.0,0.1914893617021276,0.6170212765957447,0.1914893617021276,0.667665834883426,0.0,3.871201010907891,0.30127837799285845,-0.08115763447485524,1.0097100930080563
2021-09-02,0.9264521632554396,0.3018867924528302,27.0,15.0,11.0,53.0,0.5094339622641509,0.2830188679245283,0.2075471698113207,0.7390825520146567,0.30188679245283023,3.9889840465642745,0.6203898934505153,0.889822455543776,1.096082699451681
2021-09-03,0.9581938955518936,-0.0222222222222222,9.0,26.0,10.0,45.0,0.2,0.5777777777777777,0.2222222222222222,0.6640690602196587,-0.0222222222222222,3.828641396489095,0.2852068997757148,-0.1526325577678933,0.9785002943634425
2021-09-04,0.9498616576194764,0.2,1.0,4.0,0.0,5.0,0.2,0.8,0.0,0.7249031603336333,0.2,1.791759469228055,0.5570320782308019,0.562116675162488,-0.5151851085897018
2021-09-05,0.9472308490011428,0.1111111111111111,2.0,6.0,1.0,9.0,0.2222222222222222,0.6666666666666666,0.1111111111111111,0.6963949276341332,0.1111111111111111,2.302585092994046,0.4296486629018616,0.27621698199033545,-0.14058667582747214
2021-09-06,0.943878189605825,0.0,12.0,10.0,12.0,34.0,0.3529411764705882,0.2941176470588235,0.3529411764705882,0.6607147327240774,0.0,3.5553480614894135,0.2702187489133708,-0.08115763447485524,0.7780889402491042
2021-09-07,0.926621534427007,-0.1333333333333333,13.0,26.0,21.0,60.0,0.2166666666666666,0.4333333333333333,0.35,0.6086350740989048,-0.1333333333333334,4.110873864173311,0.037511065670834155,-0.5100071742330842,1.1854668895191234
2021-09-08,0.9083030597487493,-0.1044776119402985,15.0,30.0,22.0,67.0,0.2238805970149253,0.4477611940298507,0.3283582089552239,0.6044688582420349,-0.10447761194029859,4.219507705176107,0.01889515178940346,-0.4171964529421243,1.2651302123661199
2021-09-09,0.9578435462817813,0.087719298245614,18.0,26.0,13.0,57.0,0.3157894736842105,0.4561403508771929,0.2280701754385964,0.696806271870931,0.08771929824561411,4.060443010546419,0.4314866734973096,0.20098022062924292,1.148484957030652
2021-09-10,0.93729440533385,0.1428571428571428,17.0,22.0,10.0,49.0,0.3469387755102041,0.4489795918367347,0.2040816326530612,0.6989632265908378,0.14285714285714288,3.912023005428146,0.44112460026140593,0.37832401526610426,1.0396456609554483
2021-09-11,0.8713899354139963,0.3333333333333333,4.0,8.0,0.0,12.0,0.3333333333333333,0.6666666666666666,0.0,0.7099729547897974,0.3333333333333333,2.5649493574615367,0.4903193993431257,0.9909662149207167,0.05181017685539133
2021-09-12,0.8757320284843445,0.0,1.0,3.0,1.0,5.0,0.2,0.6,0.2,0.6130124199390411,0.0,1.791759469228055,0.05707037224273069,-0.08115763447485524,-0.5151851085897018
2021-09-13,0.9725865779853448,0.0975609756097561,10.0,25.0,6.0,41.0,0.2439024390243902,0.6097560975609756,0.1463414634146341,0.7100788972726682,0.0975609756097561,3.7376696182833684,0.4907927824335037,0.23263471168970246,0.911788908019461
2021-09-14,0.9081706308266696,-0.0294117647058823,9.0,15.0,10.0,34.0,0.2647058823529412,0.4411764705882353,0.2941176470588235,0.626895912166904,-0.029411764705882304,3.5553480614894135,0.11910601911427408,-0.17575679765681732,0.7780889402491042
2021-09-15,0.9287929366796444,0.1282051282051282,11.0,22.0,6.0,39.0,0.282051282051282,0.5641025641025641,0.1538461538461538,0.6886165941372895,0.1282051282051282,3.6888794541139363,0.3948927137401013,0.33119769221574935,0.8760101252376995
2021-09-16,0.9376649376418856,0.25,11.0,23.0,2.0,36.0,0.3055555555555556,0.6388888888888888,0.0555555555555555,0.7313654563493198,0.2500000000000001,3.6109179126442243,0.5859075734613142,0.7229352525718241,0.8188394002553128
2021-09-17,0.9517332911491394,0.125,11.0,14.0,7.0,32.0,0.34375,0.4375,0.21875,0.7037133038043976,0.125,3.4965075614664802,0.46234938346412036,0.32088880904848427,0.7349400493829054
2021-09-18,0.9286741699491228,-0.2857142857142857,1.0,3.0,3.0,7.0,0.1428571428571428,0.4285714285714285,0.4285714285714285,0.5643576332501001,-0.2857142857142857,2.0794415416798357,-0.1603339462174258,-1.000120933956774,-0.3042222115452213
2021-09-19,0.944254904985428,0.375,3.0,5.0,0.0,8.0,0.375,0.625,0.0,0.7734784334897995,0.375,2.1972245773362196,0.7740811061516785,1.1249816960951633,-0.2178496051015963
2021-09-20,0.9292947957440028,-0.0793650793650793,19.0,20.0,24.0,63.0,0.3015873015873015,0.3174603174603174,0.3809523809523809,0.626696833211278,-0.07936507936507936,4.1588830833596715,0.11821647406407526,-0.33642521766427713,1.2206729900525364
2021-09-21,0.9640264018223836,-0.0576923076923076,13.0,23.0,16.0,52.0,0.25,0.4423076923076923,0.3076923076923077,0.6575107889679762,-0.05769230769230771,3.970291913552122,0.2559025581317106,-0.2667175314856273,1.082375392289378
2021-09-22,0.9320898396628244,0.0,12.0,25.0,12.0,49.0,0.2448979591836734,0.5102040816326531,0.2448979591836734,0.6524628877639771,0.0,3.912023005428146,0.2333470071655592,-0.08115763447485524,1.0396456609554483
2021-09-23,0.9537645952374328,0.1764705882352941,17.0,26.0,8.0,51.0,0.3333333333333333,0.5098039215686274,0.1568627450980392,0.7205763931367912,0.1764705882352941,3.9512437185814275,0.5376987723511766,0.4864373446169181,1.0684069779205634
2021-09-24,0.9266087491621916,-0.2298850574712643,15.0,37.0,35.0,87.0,0.1724137931034483,0.425287356321839,0.4022988505747126,0.5796606071721547,-0.2298850574712643,4.477336814478207,-0.09195562535030286,-0.8205533926786979,1.4542013469599722
2021-09-25,0.922871536678738,-0.1111111111111111,1.0,6.0,2.0,9.0,0.1111111111111111,0.6666666666666666,0.2222222222222222,0.6126767423417833,-0.1111111111111111,2.302585092994046,0.05557046310283984,-0.4385322509400459,-0.14058667582747214
2021-09-26,0.8637472577393055,0.25,4.0,2.0,2.0,8.0,0.5,0.25,0.25,0.6796230804175137,0.25,2.1972245773362196,0.3547069714140677,0.7229352525718238,-0.2178496051015963
2021-09-27,0.9292779099941254,-0.1,10.0,25.0,15.0,50.0,0.2,0.5,0.3,0.6204945369958877,-0.09999999999999998,3.9318256327243257,0.09050273666315857,-0.40279478929352674,1.054167315321639
2021-09-28,0.9378963991215354,-0.0526315789473684,15.0,24.0,18.0,57.0,0.2631578947368421,0.4210526315789473,0.3157894736842105,0.6407380057008643,-0.05263157894736842,4.060443010546419,0.18095668408690213,-0.2504403475373139,1.148484957030652
2021-09-29,0.9487787796692416,0.0227272727272727,9.0,27.0,8.0,44.0,0.2045454545454545,0.6136363636363636,0.1818181818181818,0.6709633275866509,0.022727272727272707,3.8066624897703196,0.3160125737947052,-0.008058281106975394,0.9623827316813243
2021-09-30,0.920100620814732,0.1428571428571428,21.0,38.0,11.0,70.0,0.3,0.5428571428571428,0.1571428571428571,0.6869275774274551,0.14285714285714288,4.2626798770413155,0.38734567568571776,0.37832401526610426,1.2967892113811286
2021-10-01,0.9581138543013868,0.293103448275862,30.0,15.0,13.0,58.0,0.5172413793103449,0.2586206896551724,0.2241379310344827,0.7586107324937293,0.29310344827586216,4.07753744390572,0.7076477165083382,0.8615719572350445,1.161020639751779
2021-10-02,0.9188551306724548,0.2222222222222222,2.0,7.0,0.0,9.0,0.2222222222222222,0.7777777777777778,0.0,0.709865258137385,0.2222222222222222,2.302585092994046,0.48983817809211405,0.633591598455526,-0.14058667582747214
2021-10-03,0.9502213326367464,0.0,4.0,3.0,4.0,11.0,0.3636363636363636,0.2727272727272727,0.3636363636363636,0.6651549328457224,0.0,2.4849066497880004,0.2900589074458576,-0.08115763447485524,-0.006886708057115773
2021-10-04,0.941230038116718,0.0344827586206896,15.0,30.0,13.0,58.0,0.2586206896551724,0.5172413793103449,0.2241379310344827,0.6692058542679095,0.03448275862068967,4.07753744390572,0.3081596508846612,0.02975172925572122,1.161020639751779
2021-10-05,0.9315038198953146,0.1978021978021978,40.0,29.0,22.0,91.0,0.4395604395604395,0.3186813186813186,0.2417582417582417,0.7113933332673795,0.1978021978021978,4.5217885770490405,0.49666608043841876,0.5550477267049347,1.4867986948960286
2021-10-06,0.9225905239582062,0.2857142857142857,30.0,30.0,10.0,70.0,0.4285714285714285,0.4285714285714285,0.1428571428571428,0.73152765248503,0.2857142857142857,4.2626798770413155,0.5866323149048722,0.8378056650070635,1.2967892113811286
2021-10-07,0.9359652151664098,0.0694444444444444,19.0,39.0,14.0,72.0,0.2638888888888889,0.5416666666666666,0.1944444444444444,0.6760089839498202,0.0694444444444445,4.290459441148391,0.3385580941323437,0.14220150081588911,1.317160509713053
2021-10-08,0.9269675314426422,0.3166666666666666,26.0,27.0,7.0,60.0,0.4333333333333333,0.45,0.1166666666666666,0.7438772720098494,0.3166666666666667,4.110873864173311,0.6418141541183583,0.9373600224509382,1.1854668895191234
2021-10-09,0.9125396353857858,0.0,2.0,3.0,2.0,7.0,0.2857142857142857,0.4285714285714285,0.2857142857142857,0.63877774477005,0.0,2.0794415416798357,0.1721976447267602,-0.08115763447485524,-0.3042222115452213
2021-10-10,0.9929819788251604,0.0,1.0,5.0,1.0,7.0,0.1428571428571428,0.7142857142857143,0.1428571428571428,0.6950873851776123,0.0,2.0794415416798357,0.42380616731278375,-0.08115763447485524,-0.3042222115452213
2021-10-11,0.9432660694849692,0.0338983050847457,17.0,27.0,15.0,59.0,0.288135593220339,0.4576271186440678,0.2542372881355932,0.6704557401649021,0.03389830508474578,4.0943445622221,0.3137445195087055,0.027871909531474184,1.1733456287258048
2021-10-12,0.9642938776658132,0.2692307692307692,19.0,28.0,5.0,52.0,0.3653846153846153,0.5384615384615384,0.0961538461538461,0.7557749451353,0.2692307692307692,3.970291913552122,0.6949765599806415,0.7847885515754144,1.082375392289378
2021-10-13,0.9558639829441652,0.0847457627118644,19.0,26.0,14.0,59.0,0.3220338983050847,0.4406779661016949,0.2372881355932203,0.6945285168744749,0.08474576271186443,4.0943445622221,0.42130897452208604,0.19141622554096824,1.1733456287258048
2021-10-14,0.9480569389249596,0.2678571428571428,19.0,33.0,4.0,56.0,0.3392857142857143,0.5892857142857143,0.0714285714285714,0.7439970001046144,0.2678571428571429,4.04305126783455,0.6423491354966414,0.7803704587894439,1.135731251539452
2021-10-15,0.9587755211885424,0.3478260869565217,30.0,33.0,6.0,69.0,0.4347826086956521,0.4782608695652174,0.0869565217391304,0.7754906909189361,0.34782608695652173,4.248495242049359,0.7830724816096508,1.0375802953292197,1.2863873407816906
2021-10-16,0.935611957595462,0.0952380952380952,6.0,11.0,4.0,21.0,0.2857142857142857,0.5238095238095238,0.1904761904761904,0.683499798888252,0.09523809523809529,3.091042453358316,0.3720293233212093,0.22516346535245124,0.43760454589480013
2021-10-17,0.9516804470465734,0.2307692307692307,4.0,8.0,1.0,13.0,0.3076923076923077,0.6153846153846154,0.0769230769230769,0.7354070821633706,0.2307692307692308,2.6390573296152584,0.6039667813084714,0.6610819535682332,0.10615500399876947
2021-10-18,0.944052710481312,0.2826086956521739,35.0,48.0,9.0,92.0,0.3804347826086957,0.5217391304347826,0.0978260869565217,0.7456195060325705,0.28260869565217395,4.532599493153256,0.6495989832396803,0.8278169334909559,1.4947265513718
2021-10-19,0.944508203836245,0.4018691588785046,53.0,44.0,10.0,107.0,0.4953271028037383,0.411214953271028,0.0934579439252336,0.7817164903489229,0.4018691588785047,4.68213122712422,0.8108912384896098,1.2114028942356942,1.604381099984267
2021-10-20,0.952735016743342,0.3931623931623931,60.0,43.0,14.0,117.0,0.5128205128205128,0.3675213675213675,0.1196581196581196,0.7848632296690574,0.3931623931623932,4.770684624465665,0.8249518225312026,1.1833987007096656,1.6693190402843652
2021-10-21,0.9408613212970124,0.2016806722689075,47.0,49.0,23.0,119.0,0.3949579831932773,0.4117647058823529,0.1932773109243697,0.7191071265885809,0.2016806722689076,4.787491742782046,0.5311336445541498,0.5675223416300288,1.6816440292583907
2021-10-22,0.935086915598196,0.2941176470588235,30.0,28.0,10.0,68.0,0.4411764705882353,0.4117647058823529,0.1470588235294117,0.7427961350363842,0.2941176470588236,4.23410650459726,0.6369833067778702,0.8648339973447673,1.275835797851548
2021-10-23,0.9150715619325638,-0.125,0.0,7.0,1.0,8.0,0.0,0.875,0.125,0.6030500933527946,-0.125,2.1972245773362196,0.01255568069537856,-0.4832040779981947,-0.2178496051015963
2021-10-24,0.9596192588408788,0.0833333333333333,4.0,5.0,3.0,12.0,0.3333333333333333,0.4166666666666667,0.25,0.6967334811886152,0.08333333333333331,2.5649493574615367,0.43116142268940266,0.1868733278740377,0.05181017685539133
2021-10-25,0.972593088944753,0.3623188405797101,31.0,32.0,6.0,69.0,0.4492753623188406,0.463768115942029,0.0869565217391304,0.7895108144352401,0.3623188405797102,4.248495242049359,0.8457186384467147,1.084194375737723,1.2863873407816906
2021-10-26,0.9461567007443484,0.1029411764705882,15.0,45.0,8.0,68.0,0.2205882352941176,0.6617647058823529,0.1176470588235294,0.6931920434622203,0.10294117647058822,4.23410650459726,0.41533720666317203,0.24993943666201252,1.275835797851548
2021-10-27,0.9538037501164336,0.044776119402985,21.0,28.0,18.0,67.0,0.3134328358208955,0.417910447761194,0.2686567164179104,0.6810954609023989,0.04477611940298509,4.219507705176107,0.36128601322298504,0.06285900201111717,1.2651302123661199
2021-10-28,0.9321121726717267,0.2,22.0,40.0,8.0,70.0,0.3142857142857143,0.5714285714285714,0.1142857142857142,0.7124785208702087,0.20000000000000007,4.2626798770413155,0.501515027217341,0.5621166751624882,1.2967892113811286
2021-10-29,0.9389031921760944,0.1772151898734177,26.0,41.0,12.0,79.0,0.3291139240506329,0.5189873417721519,0.1518987341772152,0.7103967914852913,0.1772151898734177,4.382026634673881,0.4922132300264531,0.48883226014051206,1.3843085257702852
2021-10-30,0.9562313301222664,0.2857142857142857,2.0,5.0,0.0,7.0,0.2857142857142857,0.7142857142857143,0.0,0.7550762167998721,0.2857142857142857,2.0794415416798357,0.6918544302193159,0.8378056650070635,-0.3042222115452213
2021-10-31,0.9048777165867034,0.238095238095238,8.0,10.0,3.0,21.0,0.3809523809523809,0.4761904761904761,0.1428571428571428,0.7048429730392637,0.23809523809523808,3.091042453358316,0.46739708764298377,0.6846451150934104,0.43760454589480013
2021-11-01,0.9424616595109304,0.3333333333333333,38.0,36.0,10.0,84.0,0.4523809523809524,0.4285714285714285,0.119047619047619,0.7597231616576512,0.33333333333333337,4.442651256490317,0.7126183868303314,0.9909662149207168,1.4287657480838687
2021-11-02,0.9261813112484512,0.1935483870967742,29.0,53.0,11.0,93.0,0.3118279569892473,0.5698924731182796,0.1182795698924731,0.706391434002948,0.19354838709677422,4.543294782270004,0.4743160800665692,0.5413658909806383,1.5025696163134832
2021-11-03,0.9449811648614336,0.2376237623762376,39.0,47.0,15.0,101.0,0.3861386138613861,0.4653465346534653,0.1485148514851485,0.7327739441158747,0.23762376237623759,4.624972813284271,0.5922011232595077,0.6831286740051564,1.5624657158542248
2021-11-04,0.904528408822879,-0.028169014084507,16.0,37.0,18.0,71.0,0.2253521126760563,0.5211267605633803,0.2535211267605634,0.6247191819506631,-0.028169014084507088,4.276666119016055,0.10937972944499803,-0.1717596499167347,1.3070455964961614
2021-11-05,0.9033859679475428,0.03125,19.0,28.0,17.0,64.0,0.296875,0.4375,0.265625,0.64174517756328,0.03125,4.174387269895637,0.18545703291631147,0.019353976405979637,1.2320425136383117
2021-11-06,0.8859908103942871,0.1,4.0,3.0,3.0,10.0,0.4,0.3,0.3,0.650193567276001,0.10000000000000003,2.3978952727983707,0.22320699612799652,0.2404795203438165,-0.07069385463778585
2021-11-07,0.8691450442586627,0.0,3.0,8.0,3.0,14.0,0.2142857142857142,0.5714285714285714,0.2142857142857142,0.6084015309810639,0.0,2.70805020110221,0.03646752430891478,-0.08115763447485524,0.15674882766063303
2021-11-08,0.9594320030439468,0.219047619047619,43.0,42.0,20.0,105.0,0.4095238095238095,0.4,0.1904761904761904,0.7373166878450484,0.2190476190476191,4.663439094112067,0.6124994776782446,0.6233808951279494,1.5906737928219636
2021-11-09,0.9502228830278534,0.2061855670103092,35.0,47.0,15.0,97.0,0.3608247422680412,0.4845360824742268,0.1546391752577319,0.7270116882225901,0.20618556701030927,4.584967478670572,0.5664536192516996,0.5820117569038491,1.5331290206079327
2021-11-10,0.9499781825221502,0.2211538461538461,42.0,43.0,19.0,104.0,0.4038461538461538,0.4134615384615384,0.1826923076923076,0.7313308816116589,0.2211538461538462,4.653960350157523,0.5857530830650216,0.6301553040664379,1.5837228442697955
2021-11-11,0.92613991838077,0.1034482758620689,19.0,26.0,13.0,58.0,0.3275862068965517,0.4482758620689655,0.2241379310344827,0.6793324256251596,0.103448275862069,4.07753744390572,0.35340823779834124,0.25157045671687417,1.161020639751779
2021-11-12,0.9510470753834572,-0.037037037037037,18.0,42.0,21.0,81.0,0.2222222222222222,0.5185185185185185,0.2592592592592592,0.654621841657309,-0.03703703703703698,4.406719247264253,0.2429938668418221,-0.20028250662991862,1.4024161021071286
2021-11-13,0.8763414045174917,0.0666666666666666,3.0,10.0,2.0,15.0,0.2,0.6666666666666666,0.1333333333333333,0.6334389831622441,0.06666666666666671,2.772588722239781,0.1483424414106576,0.1332671354042593,0.20407618898736474
2021-11-14,0.942249568303426,-0.1333333333333333,3.0,7.0,5.0,15.0,0.2,0.4666666666666667,0.3333333333333333,0.6195746978123982,-0.1333333333333333,2.772588722239781,0.08639261668548831,-0.510007174233084,0.20407618898736474
2021-11-15,0.9332082001935867,0.1428571428571428,31.0,34.0,19.0,84.0,0.369047619047619,0.4047619047619047,0.2261904761904762,0.6961028829926535,0.14285714285714282,4.442651256490317,0.42834371901942825,0.3783240152661041,1.4287657480838687
2021-11-16,0.9418756360044848,0.0,29.0,46.0,29.0,104.0,0.2788461538461538,0.4423076923076923,0.2788461538461538,0.6593129452031393,0.0,4.653960350157523,0.263955137841271,-0.08115763447485524,1.5837228442697955
2021-11-17,0.9353120379588185,0.0705882352941176,23.0,45.0,17.0,85.0,0.2705882352941176,0.5294117647058824,0.2,0.6758948971594081,0.07058823529411756,4.454347296253507,0.3380483198099645,0.14588035716185385,1.4373426830710279
2021-11-18,0.9312267747331172,0.0957446808510638,24.0,55.0,15.0,94.0,0.2553191489361702,0.5851063829787234,0.1595744680851064,0.6805821465685011,0.0957446808510638,4.553876891600541,0.3589923693595285,0.22679283290472388,1.5103296843016811
2021-11-19,0.9355984538793564,-0.2125,15.0,33.0,32.0,80.0,0.1875,0.4125,0.4,0.5911689177155495,-0.21250000000000002,4.394449154672439,-0.04053300939454837,-0.7646365884645324,1.3934182029397864
2021-11-20,0.9394203332754282,0.0,3.0,7.0,3.0,13.0,0.2307692307692307,0.5384615384615384,0.2307692307692307,0.6575942332927996,0.0,2.6390573296152584,0.2562754126400159,-0.08115763447485524,0.10615500399876947
2021-11-21,0.9546039575024656,0.0,2.0,15.0,2.0,19.0,0.1052631578947368,0.7894736842105263,0.1052631578947368,0.6682227702517259,0.0,2.995732273553991,0.303766933845455,-0.08115763447485524,0.36771172470511354
2021-11-22,0.9405852503010204,-0.0535714285714285,32.0,42.0,38.0,112.0,0.2857142857142857,0.375,0.3392857142857143,0.6423382466392857,-0.0535714285714286,4.727387818712341,0.18810704511538115,-0.2534632531277151,1.6375686447986528
2021-11-23,0.9193790218768976,0.0512820512820512,17.0,48.0,13.0,78.0,0.2179487179487179,0.6153846153846154,0.1666666666666666,0.6589499306984435,0.051282051282051294,4.3694478524670215,0.2623330791219698,0.08378449620138664,1.3750842584635503
2021-11-24,0.938373661559561,-0.0434782608695652,13.0,40.0,16.0,69.0,0.1884057971014492,0.5797101449275363,0.2318840579710145,0.643818084830823,-0.0434782608695653,4.248495242049359,0.19471941021563968,-0.22099987570036486,1.2863873407816906
2021-11-25,0.925255993733535,0.1081081081081081,11.0,19.0,7.0,37.0,0.2972972972972973,0.5135135135135135,0.1891891891891892,0.6801116280459069,0.10810810810810811,3.6375861597263857,0.35688995013854896,0.26655820857235735,0.8383957480513464
2021-11-26,0.935111899325188,-0.3617021276595745,7.0,16.0,24.0,47.0,0.1489361702127659,0.3404255319148936,0.5106382978723404,0.5460676912297593,-0.3617021276595745,3.871201010907891,-0.24205894493192592,-1.24452606679771,1.0097100930080563
2021-11-27,0.9295770525932312,0.0,1.0,12.0,1.0,14.0,0.0714285714285714,0.8571428571428571,0.0714285714285714,0.6507039368152618,0.0,2.70805020110221,0.22548748175740024,-0.08115763447485524,0.15674882766063303
2021-11-28,0.9535068381916392,-0.2727272727272727,2.0,12.0,8.0,22.0,0.0909090909090909,0.5454545454545454,0.3636363636363636,0.5856366049159656,-0.2727272727272727,3.1354942159291497,-0.06525305803829906,-0.9583498748894141,0.4702018938308565
2021-11-29,0.9457871031527426,0.0098039215686274,27.0,49.0,26.0,102.0,0.2647058823529412,0.4803921568627451,0.2549019607843137,0.664992148677508,0.009803921568627472,4.634728988229636,0.2893315384950286,-0.04962458008086776,1.5696201099845437
2021-11-30,0.9402604555509176,-0.036144578313253,16.0,48.0,19.0,83.0,0.1927710843373494,0.5783132530120482,0.2289156626506024,0.6473389453916664,-0.03614457831325299,4.430816798843313,0.21045168123590033,-0.19741202778280875,1.4200873085520467
2021-12-01,0.8939634926857487,0.0967741935483871,17.0,34.0,11.0,62.0,0.2741935483870967,0.5483870967741935,0.1774193548387097,0.6548067029445402,0.09677419354838701,4.143134726391533,0.24381988304485516,0.23010412825289123,1.209124411507566
2021-12-02,0.9532606610353442,0.0434782608695652,13.0,46.0,10.0,69.0,0.1884057971014492,0.6666666666666666,0.144927536231884,0.6803259409856105,0.04347826086956519,4.248495242049359,0.3578475652421016,0.05868460675065406,1.2863873407816906
2021-12-03,0.945949294933906,0.0,19.0,27.0,19.0,65.0,0.2923076923076923,0.4153846153846154,0.2923076923076923,0.6621645064537341,0.0,4.189654742026425,0.2766967768951294,-0.08115763447485524,1.243238449915491
2021-12-04,0.953167822625902,-0.3888888888888889,1.0,9.0,8.0,18.0,0.0555555555555555,0.5,0.4444444444444444,0.5505508091714647,-0.38888888888888895,2.9444389791664403,-0.22202701658489446,-1.3319687921030228,0.33009734751876035
2021-12-05,0.9487844548727336,-0.4736842105263157,1.0,8.0,10.0,19.0,0.0526315789473684,0.4210526315789473,0.5263157894736842,0.5220438552530187,-0.47368421052631576,2.995732273553991,-0.34940471793290023,-1.604702052036984,0.36771172470511354
2021-12-06,0.9409380443025344,-0.099009900990099,28.0,35.0,38.0,101.0,0.2772277227722772,0.3465346534653465,0.3762376237623762,0.6289536607147442,-0.09900990099009899,4.624972813284271,0.12830066266426357,-0.39961026300819336,1.5624657158542248
2021-12-07,0.88182517967812,0.2328767123287671,27.0,36.0,10.0,73.0,0.3698630136986301,0.4931506849315068,0.136986301369863,0.687140639473314,0.2328767123287671,4.30406509320417,0.38829770141683073,0.667860397294654,1.3271378007878991
2021-12-08,0.9261108414601472,0.1864406779661017,19.0,32.0,8.0,59.0,0.3220338983050847,0.5423728813559322,0.135593220338983,0.7042097924119335,0.18644067796610173,4.0943445622221,0.4645678448877548,0.5185048575599563,1.1733456287258048
2021-12-09,0.9549275683239102,-0.09375,10.0,38.0,16.0,64.0,0.15625,0.59375,0.25,0.6403242978267372,-0.09375,4.174387269895637,0.17910811204421256,-0.3826924671173598,1.2320425136383117
2021-12-10,0.9200996717681056,0.0,11.0,24.0,11.0,46.0,0.2391304347826087,0.5217391304347826,0.2391304347826087,0.6440697702376739,0.0,3.8501476017100584,0.1958440168179169,-0.08115763447485524,0.9942712157808973
2021-12-11,0.9448811729749044,-0.1333333333333333,2.0,9.0,4.0,15.0,0.1333333333333333,0.6,0.2666666666666666,0.621416821082433,-0.1333333333333333,2.772588722239781,0.09462378120794117,-0.510007174233084,0.20407618898736474
2021-12-12,0.9367051310837268,0.1875,4.0,11.0,1.0,16.0,0.25,0.6875,0.0625,0.7119435917586088,0.1875,2.833213344056216,0.499124801982661,0.521912030810154,0.24853341130094786
2021-12-13,0.9624699513827052,-0.1785714285714285,7.0,32.0,17.0,56.0,0.125,0.5714285714285714,0.3035714285714285,0.620157537396465,-0.1785714285714285,4.04305126783455,0.08899692041732327,-0.6555096966510543,1.135731251539452
2021-12-14,0.9562544248722218,-0.1296296296296296,9.0,29.0,16.0,54.0,0.1666666666666666,0.5370370370370371,0.2962962962962963,0.6304892085216663,-0.12962962962962968,4.007333185232471,0.1351619551936329,-0.4980946870175778,1.109538482145135
2021-12-15,0.9205508094142985,0.037037037037037,18.0,20.0,16.0,54.0,0.3333333333333333,0.3703703703703703,0.2962962962962963,0.65549667770112,0.037037037037037035,4.007333185232471,0.24690289916550792,0.037967237680208314,1.109538482145135
2021-12-16,0.9144415772623486,0.0833333333333333,6.0,27.0,3.0,36.0,0.1666666666666666,0.75,0.0833333333333333,0.665109104083644,0.0833333333333333,3.6109179126442243,0.2898541306610118,0.18687332787403765,0.8188394002553128
2021-12-17,0.9568173325061798,-0.26,6.0,25.0,19.0,50.0,0.12,0.5,0.38,0.5917721327543259,-0.26,3.9318256327243257,-0.037837661961858386,-0.9174142370034015,1.054167315321639
2021-12-18,0.9343799352645874,0.0909090909090909,2.0,8.0,1.0,11.0,0.1818181818181818,0.7272727272727273,0.0909090909090909,0.6813386819579383,0.0909090909090909,2.4849066497880004,0.36237279854079485,0.21123977899666435,-0.006886708057115773
2021-12-19,0.9436329971341526,-0.0588235294117647,3.0,10.0,4.0,17.0,0.1764705882352941,0.5882352941176471,0.2352941176470588,0.6428960391703773,-0.05882352941176469,2.8903717578961645,0.19059943103085963,-0.27035596083877966,0.2904487954309894
2021-12-20,0.933394244975514,-0.0555555555555555,18.0,32.0,22.0,72.0,0.25,0.4444444444444444,0.3055555555555556,0.6367093048161931,-0.05555555555555558,4.290459441148391,0.16295522873758023,-0.2598449427074506,1.317160509713053
2021-12-21,0.9130749807164475,-0.054054054054054,17.0,36.0,21.0,74.0,0.2297297297297297,0.4864864864864865,0.2837837837837837,0.6229362702852971,-0.05405405405405403,4.31748811353631,0.10141314030009754,-0.25501555599846143,1.3369811644435536
2021-12-22,0.9360060076559744,0.0967741935483871,16.0,36.0,10.0,62.0,0.2580645161290322,0.5806451612903226,0.1612903225806451,0.6842364634236981,0.0967741935483871,4.143134726391533,0.3753209635104129,0.23010412825289148,1.209124411507566
2021-12-23,0.9364005957824596,0.0434782608695652,19.0,34.0,16.0,69.0,0.2753623188405797,0.4927536231884058,0.2318840579710145,0.6685238953085912,0.043478260869565216,4.248495242049359,0.30511245177316915,0.05868460675065415,1.2863873407816906
2021-12-24,0.94357513329562,0.2941176470588235,11.0,22.0,1.0,34.0,0.3235294117647059,0.6470588235294118,0.0294117647058823,0.748737887424581,0.2941176470588236,3.5553480614894135,0.663532855472296,0.8648339973447673,0.7780889402491042
2021-12-25,0.9989464730024338,0.5,2.0,2.0,0.0,4.0,0.5,0.5,0.0,0.8492625311017036,0.5,1.6094379124341003,1.1127073999378736,1.5270281396185026,-0.6488850763600583
2021-12-26,0.9559414249200088,0.0,3.0,7.0,3.0,13.0,0.2307692307692307,0.5384615384615384,0.2307692307692307,0.6691589974440061,0.0,2.6390573296152584,0.3079502804083081,-0.08115763447485524,0.10615500399876947
2021-12-27,0.9315819075951972,0.125,13.0,28.0,7.0,48.0,0.2708333333333333,0.5833333333333334,0.1458333333333333,0.689607335316638,0.12500000000000003,3.8918202981106265,0.39931964530273895,0.3208888090484844,1.0248306200753463
2021-12-28,0.9521669940072665,0.0,12.0,25.0,12.0,49.0,0.2448979591836734,0.5102040816326531,0.2448979591836734,0.6665168958050864,0.0,3.912023005428146,0.29614457031889674,-0.08115763447485524,1.0396456609554483
2021-12-29,0.9426565136549608,0.0566037735849056,13.0,30.0,10.0,53.0,0.2452830188679245,0.5660377358490566,0.1886792452830188,0.6768406916339442,0.0566037735849057,3.9889840465642745,0.34227441588668717,0.10090113240363825,1.096082699451681
2021-12-30,0.9068209719657898,0.22,18.0,25.0,7.0,50.0,0.36,0.5,0.14,0.7007746803760528,0.21999999999999997,3.9318256327243257,0.44921872423967973,0.6264441061262223,1.054167315321639
2021-12-31,0.920136843666886,0.1212121212121212,12.0,13.0,8.0,33.0,0.3636363636363636,0.3939393939393939,0.2424242424242424,0.6804594269304565,0.12121212121212119,3.5263605246161616,0.3584440208601024,0.30870558348717086,0.7568318118335339
2022-01-01,0.9341380149126052,-0.125,1.0,5.0,2.0,8.0,0.125,0.625,0.25,0.6163966104388237,-0.125,2.1972245773362196,0.07219196004966673,-0.4832040779981947,-0.2178496051015963
2022-01-02,0.8643093034625053,0.375,3.0,5.0,0.0,8.0,0.375,0.625,0.0,0.7175165124237537,0.375,2.1972245773362196,0.5240262988648524,1.1249816960951633,-0.2178496051015963
2022-01-03,0.9596802191487674,0.1206896551724138,17.0,31.0,10.0,58.0,0.293103448275862,0.5344827586206896,0.1724137931034483,0.7079830499558614,0.1206896551724137,4.07753744390572,0.4814279020483536,0.30702513858216196,1.161020639751779
2022-01-04,0.9392483596866196,0.081081081081081,23.0,34.0,17.0,74.0,0.3108108108108108,0.4594594594594595,0.2297297297297297,0.681798176104958,0.08108108108108111,4.31748811353631,0.36442595751378315,0.17962924781055428,1.3369811644435536
2022-01-05,0.9492420336684664,0.081081081081081,20.0,40.0,14.0,74.0,0.2702702702702703,0.5405405405405406,0.1891891891891892,0.6887937478922507,0.08108108108108109,4.31748811353631,0.39568429035529074,0.17962924781055417,1.3369811644435536
2022-01-06,0.960654599692232,-0.1827956989247312,17.0,42.0,34.0,93.0,0.1827956989247312,0.4516129032258064,0.3655913978494624,0.617619510107143,-0.1827956989247312,4.543294782270004,0.0776562460331987,-0.6690965196272657,1.5025696163134832
2022-01-07,0.932482278928524,-0.1097560975609756,20.0,33.0,29.0,82.0,0.2439024390243902,0.4024390243902439,0.3536585365853658,0.6198107659816741,-0.10975609756097557,4.418840607796598,0.08744744074174565,-0.43417402390998244,1.4113049331428293
2022-01-08,0.8885737193955315,-0.4444444444444444,0.0,5.0,4.0,9.0,0.0,0.5555555555555556,0.4444444444444444,0.48866827024353876,-0.4444444444444444,2.302585092994046,-0.498536937103522,-1.5106561003356178,-0.14058667582747214
2022-01-09,0.9835544069608052,-0.6,1.0,4.0,10.0,15.0,0.0666666666666666,0.2666666666666666,0.6666666666666666,0.5084880848725637,-0.6000000000000001,2.772588722239781,-0.4099760043636976,-2.010980563386885,0.20407618898736474
2022-01-10,0.9408259057637416,-0.2121212121212121,19.0,40.0,40.0,99.0,0.1919191919191919,0.404040404040404,0.404040404040404,0.5949417703982555,-0.21212121212121207,4.605170185988092,-0.02367476127647151,-0.7634182659084009,1.5479440614880347
2022-01-11,0.9611656069755554,0.1276595744680851,30.0,46.0,18.0,94.0,0.3191489361702128,0.4893617021276595,0.1914893617021276,0.7111137972233142,0.12765957446808518,4.553876891600541,0.4954170287565444,0.32944298869791727,1.5103296843016811
2022-01-12,0.958485713628965,0.2429906542056074,42.0,49.0,16.0,107.0,0.3925233644859813,0.4579439252336448,0.1495327102803738,0.7438371958019576,0.2429906542056075,4.68213122712422,0.6416350814873572,0.7003905921873376,1.604381099984267
2022-01-13,0.9549526478662048,0.0930232558139534,23.0,48.0,15.0,86.0,0.2674418604651162,0.5581395348837209,0.1744186046511628,0.6963738302505295,0.0930232558139534,4.465908118654584,0.4295543934041245,0.21803971884483903,1.4458204605187575
2022-01-14,0.9194355143441094,0.0,21.0,57.0,21.0,99.0,0.2121212121212121,0.5757575757575758,0.2121212121212121,0.6436048600408766,0.0,4.605170185988092,0.1937666572946685,-0.08115763447485524,1.5479440614880347
2022-01-15,0.9673795368936328,0.3333333333333333,4.0,4.0,1.0,9.0,0.4444444444444444,0.4444444444444444,0.1111111111111111,0.7771656758255429,0.3333333333333333,2.302585092994046,0.7905568213187111,0.9909662149207167,-0.14058667582747214
2022-01-16,0.921563043196996,0.2,6.0,6.0,3.0,15.0,0.4,0.4,0.2,0.7050941302378972,0.2,2.772588722239781,0.4685193340510171,0.562116675162488,0.20407618898736474
2022-01-17,0.9167297298709552,-0.1166666666666666,16.0,21.0,23.0,60.0,0.2666666666666666,0.35,0.3833333333333333,0.6067108109096686,-0.1166666666666667,4.110873864173311,0.02891287511933894,-0.4564009817633055,1.1854668895191234
2022-01-18,0.9397083769241968,-0.0925925925925925,15.0,68.0,25.0,108.0,0.1388888888888889,0.6296296296296297,0.2314814814814814,0.63001808606916,-0.0925925925925925,4.6913478822291435,0.13305683743095031,-0.3789698148625138,1.6111398536508528
2022-01-19,0.9373296654742695,-0.0782608695652174,18.0,70.0,27.0,115.0,0.1565217391304348,0.6086956521739131,0.2347826086956521,0.6326525049624234,-0.0782608695652173,4.7535901911063645,0.14482821868661364,-0.33287366868077184,1.656783357563238
2022-01-20,0.928095153245059,-0.0727272727272727,16.0,70.0,24.0,110.0,0.1454545454545454,0.6363636363636364,0.2181818181818181,0.6278484254533594,-0.0727272727272727,4.709530201312334,0.12336213687695147,-0.3150755652520708,1.624473304276004
2022-01-21,0.9574627684334576,-0.2033898305084746,14.0,66.0,38.0,118.0,0.1186440677966101,0.559322033898305,0.3220338983050847,0.6092069887508779,-0.20338983050847462,4.77912349311153,0.040066553498259716,-0.7353348985128315,1.6755074279101105
2022-01-22,0.972647950762794,-0.4761904761904761,2.0,7.0,12.0,21.0,0.0952380952380952,0.3333333333333333,0.5714285714285714,0.5379964226768129,-0.47619047619047616,3.091042453358316,-0.2781238166182516,-1.6127631336113866,0.43760454589480013
2022-01-23,0.9726727232336998,-0.375,2.0,6.0,8.0,16.0,0.125,0.375,0.5,0.5683709062635898,-0.375,2.833213344056216,-0.14240142726774208,-1.2872969650448738,0.24853341130094786
2022-01-24,0.9522335360369344,-0.2362204724409448,16.0,65.0,46.0,127.0,0.1259842519685039,0.5118110236220472,0.3622047244094488,0.5956973334935706,-0.23622047244094488,4.852030263919617,-0.020298676599730697,-0.8409304411331345,1.7289713905851225
2022-01-25,0.9450032007425352,-0.0075187969924812,24.0,84.0,25.0,133.0,0.1804511278195488,0.631578947368421,0.18796992481203,0.6592466014220302,-0.007518796992481203,4.897839799950911,0.2636586937399267,-0.10534087919806363,1.7625644203873017
2022-01-26,0.9376664035688572,-0.040650406504065,22.0,74.0,27.0,123.0,0.1788617886178861,0.6016260162601627,0.2195121951219512,0.6441713605469805,-0.040650406504065095,4.820281565605037,0.196297953079074,-0.2119044453767544,1.7056894484162803
2022-01-27,0.9782867150858414,-0.140495867768595,23.0,58.0,40.0,121.0,0.1900826446280991,0.4793388429752066,0.3305785123966942,0.6426519402295104,-0.14049586776859513,4.804021044733257,0.1895087230556037,-0.5330445462035677,1.6937652900517095
2022-01-28,0.9388816054956411,0.0493827160493827,18.0,49.0,14.0,81.0,0.2222222222222222,0.6049382716049383,0.1728395061728395,0.6720319386617636,0.04938271604938271,4.406719247264253,0.3207874516288044,0.07767552839856283,1.4024161021071286
2022-01-29,0.9113094910979272,0.0,5.0,10.0,5.0,20.0,0.25,0.5,0.25,0.6379166437685491,0.0,3.044522437723423,0.16834998473076596,-0.08115763447485524,0.403490507486875
2022-01-30,0.9780130417723404,0.1052631578947368,5.0,11.0,3.0,19.0,0.2631578947368421,0.5789473684210527,0.1578947368421052,0.7161880766090593,0.10526315789473689,2.995732273553991,0.5180904454254343,0.25740779165006245,0.36771172470511354
2022-01-31,0.9362660500348784,-0.0686274509803921,15.0,65.0,22.0,102.0,0.1470588235294117,0.6372549019607843,0.2156862745098039,0.6347979997302973,-0.06862745098039222,4.634728988229636,0.15441493891522096,-0.3018890152327673,1.5696201099845437
2022-02-01,0.955798989161849,-0.046875,23.0,76.0,29.0,128.0,0.1796875,0.59375,0.2265625,0.6549967924132943,-0.046875,4.859812404361672,0.24466926034590353,-0.23192505079610753,1.7346781865591334
2022-02-02,0.9377940186933308,-0.0336134453781512,17.0,81.0,21.0,119.0,0.1428571428571428,0.680672268907563,0.1764705882352941,0.6463717794718862,-0.03361344537815131,4.787491742782046,0.20613009107105237,-0.18927096382566938,1.6816440292583907
2022-02-03,0.9422841877727718,-0.0219780219780219,17.0,55.0,19.0,91.0,0.1868131868131868,0.6043956043956044,0.2087912087912088,0.6530055248475336,-0.02197802197802201,4.5217885770490405,0.23577167395273524,-0.15184711905038756,1.4867986948960286
2022-02-04,0.943665268520514,0.2083333333333333,31.0,54.0,11.0,96.0,0.3229166666666667,0.5625,0.1145833333333333,0.7230656879643598,0.20833333333333337,4.574710978503383,0.5488216953411348,0.5889197713973774,1.5256077281952114
2022-02-05,0.9247393699792716,0.1538461538461538,2.0,11.0,0.0,13.0,0.1538461538461538,0.8461538461538461,0.0,0.6934714051393362,0.1538461538461538,2.6390573296152584,0.41658547922072253,0.41366875755387017,0.10615500399876947
2022-02-06,0.9705677270889282,0.0,4.0,7.0,4.0,15.0,0.2666666666666666,0.4666666666666667,0.2666666666666666,0.6793974089622498,0.0,2.772588722239781,0.353698603023898,-0.08115763447485524,0.20407618898736474
2022-02-07,0.9509213426533868,-0.0084033613445378,27.0,64.0,28.0,119.0,0.226890756302521,0.5378151260504201,0.2352941176470588,0.6631239314540094,-0.008403361344537785,4.787491742782046,0.2809837782878595,-0.10818596681255864,1.6816440292583907
2022-02-08,0.9485526736825703,0.0,26.0,76.0,26.0,128.0,0.203125,0.59375,0.203125,0.6639868715777992,0.0,4.859812404361672,0.2848396560390838,-0.08115763447485524,1.7346781865591334
2022-02-09,0.9297224637120962,0.1354166666666666,28.0,53.0,15.0,96.0,0.2916666666666667,0.5520833333333334,0.15625,0.6914307245984673,0.13541666666666669,4.574710978503383,0.40746710069367514,0.35439267934209595,1.5256077281952114
2022-02-10,0.9427790524991784,0.1621621621621621,26.0,34.0,14.0,74.0,0.3513513513513513,0.4594594594594595,0.1891891891891892,0.7085939853980734,0.16216216216216212,4.31748811353631,0.4841577465811516,0.4404161300959634,1.3369811644435536
2022-02-11,0.9331432444503508,-0.0602409638554216,19.0,40.0,24.0,83.0,0.2289156626506024,0.4819277108433735,0.2891566265060241,0.635127981958619,-0.060240963855421686,4.430816798843313,0.15588939942228036,-0.2749149566547779,1.4200873085520467
2022-02-12,0.92377892407504,-0.2727272727272727,2.0,4.0,5.0,11.0,0.1818181818181818,0.3636363636363636,0.4545454545454545,0.5648270650343462,-0.2727272727272727,2.4849066497880004,-0.15823638287242503,-0.9583498748894141,-0.006886708057115773
2022-02-13,0.9737847745418547,0.2857142857142857,6.0,6.0,2.0,14.0,0.4285714285714285,0.4285714285714285,0.1428571428571428,0.767363627893584,0.2857142857142857,2.70805020110221,0.7467583033273525,0.8378056650070635,0.15674882766063303
2022-02-14,0.92854575553666,0.0326086956521739,26.0,43.0,23.0,92.0,0.2826086956521739,0.4673913043478261,0.25,0.6597646375713141,0.03260869565217389,4.532599493153256,0.265973436104184,0.023724046444276736,1.4947265513718
2022-02-15,0.9224860320488611,0.0520833333333333,25.0,51.0,20.0,96.0,0.2604166666666667,0.53125,0.2083333333333333,0.6613652224342028,0.0520833333333334,4.574710978503383,0.27312533389131494,0.0863617169932031,1.5256077281952114
2022-02-16,0.9217614492019977,-0.2048192771084337,12.0,42.0,29.0,83.0,0.144578313253012,0.5060240963855421,0.3493975903614458,0.5837872313088682,-0.2048192771084338,4.430816798843313,-0.07351661926198005,-0.7399325298865925,1.4200873085520467
2022-02-17,0.92839282828492,-0.0909090909090909,14.0,42.0,21.0,77.0,0.1818181818181818,0.5454545454545454,0.2727272727272727,0.6226022525267167,-0.09090909090909091,4.356708826689592,0.0999206478219782,-0.37355504794637484,1.3657424814086685
2022-02-18,0.9208111999363736,-0.1724137931034483,11.0,26.0,21.0,58.0,0.1896551724137931,0.4482758620689655,0.3620689655172414,0.592843702024427,-0.1724137931034483,4.07753744390572,-0.03304956601687854,-0.6357044531277373,1.161020639751779
2022-02-19,0.9315361055460843,-0.0909090909090909,2.0,6.0,3.0,11.0,0.1818181818181818,0.5454545454545454,0.2727272727272727,0.6248025466095318,-0.09090909090909091,2.4849066497880004,0.10975222798169669,-0.37355504794637484,-0.006886708057115773
2022-02-20,0.9281943823610034,0.2857142857142857,6.0,6.0,2.0,14.0,0.4285714285714285,0.4285714285714285,0.1428571428571428,0.735450353366988,0.2857142857142857,2.70805020110221,0.6041601301477448,0.8378056650070635,0.15674882766063303
2022-02-21,0.9203636267828564,-0.2063492063492063,12.0,26.0,25.0,63.0,0.1904761904761904,0.4126984126984127,0.3968253968253968,0.5823497768432375,-0.2063492063492064,4.1588830833596715,-0.07993960104208482,-0.7448533507673523,1.2206729900525364
2022-02-22,0.9321492523760408,-0.2702702702702703,10.0,34.0,30.0,74.0,0.1351351351351351,0.4594594594594595,0.4054054054054054,0.5714233955821475,-0.2702702702702703,4.31748811353631,-0.12876198076989545,-0.9504472420928867,1.3369811644435536
2022-02-23,0.9681864565069024,-0.0181818181818181,14.0,26.0,15.0,55.0,0.2545454545454545,0.4727272727272727,0.2727272727272727,0.6722759741002863,-0.018181818181818188,4.02535169073515,0.32187787585635963,-0.1396371171691592,1.1227518050639418
2022-02-24,0.928984074823318,-0.2688172043010752,18.0,32.0,43.0,93.0,0.1935483870967742,0.3440860215053763,0.4623655913978494,0.5696436910860001,-0.2688172043010752,4.543294782270004,-0.13671423931167104,-0.9457736420519293,1.5025696163134832
2022-02-25,0.9208042109385132,0.125,25.0,22.0,17.0,64.0,0.390625,0.34375,0.265625,0.6820629476569592,0.125,4.174387269895637,0.36560903697477165,0.32088880904848427,1.2320425136383117
2022-02-26,0.9503953754901886,-0.0833333333333333,2.0,7.0,3.0,12.0,0.1666666666666666,0.5833333333333334,0.25,0.640276762843132,-0.0833333333333334,2.5649493574615367,0.17889571134498075,-0.3491885968237484,0.05181017685539133
2022-02-27,0.9523092061281204,0.3333333333333333,6.0,4.0,2.0,12.0,0.5,0.3333333333333333,0.1666666666666666,0.7666164442896842,0.33333333333333337,2.5649493574615367,0.7434196607553697,0.9909662149207168,0.05181017685539133
2022-02-28,0.9250037059371854,-0.0617283950617283,21.0,34.0,26.0,81.0,0.2592592592592592,0.419753086419753,0.3209876543209876,0.6289840756375112,-0.06172839506172839,4.406719247264253,0.12843656574811538,-0.2796990880666278,1.4024161021071286
2022-03-01,0.932571682475862,0.0666666666666666,33.0,46.0,26.0,105.0,0.3142857142857143,0.4380952380952381,0.2476190476190476,0.6728001777331034,0.06666666666666668,4.663439094112067,0.3242201764044134,0.1332671354042592,1.5906737928219636
2022-03-02,0.933381877588422,-0.0449438202247191,20.0,45.0,24.0,89.0,0.2247191011235955,0.5056179775280899,0.2696629213483146,0.6398841682444796,-0.0449438202247191,4.499809670330265,0.17714147980971934,-0.2257136591124604,1.4706811322139102
2022-03-03,0.9319917506641812,-0.0333333333333333,23.0,41.0,26.0,90.0,0.2555555555555555,0.4555555555555555,0.2888888888888888,0.6423942254649267,-0.033333333333333326,4.51085950651685,0.18835717545742725,-0.18837001941441242,1.4787841934645538
2022-03-04,0.8952332433573035,-0.1860465116279069,17.0,36.0,33.0,86.0,0.1976744186046511,0.4186046511627907,0.3837209302325581,0.5708493168617403,-0.186046511627907,4.465908118654584,-0.13132713831031406,-0.6795523411142443,1.4458204605187575
2022-03-05,0.919701600074768,-0.1,3.0,3.0,4.0,10.0,0.3,0.3,0.4,0.6137911200523375,-0.10000000000000003,2.3978952727983707,0.060549840121161005,-0.4027947892935269,-0.07069385463778585
2022-03-06,0.938226649394402,0.0,4.0,5.0,4.0,13.0,0.3076923076923077,0.3846153846153846,0.3076923076923077,0.6567586545760814,0.0,2.6390573296152584,0.252541793939983,-0.08115763447485524,0.10615500399876947
2022-03-07,0.931582114010146,0.106060606060606,22.0,29.0,15.0,66.0,0.3333333333333333,0.4393939393939394,0.2272727272727272,0.6839256616252839,0.1060606060606061,4.204692619390966,0.37393220697156654,0.25997268124191786,1.2542660198547155
2022-03-08,0.8879719133887972,-0.0142857142857142,13.0,43.0,14.0,70.0,0.1857142857142857,0.6142857142857143,0.2,0.6172946250864438,-0.014285714285714318,4.2626798770413155,0.07620456139311232,-0.12710579944895128,1.2967892113811286
2022-03-09,0.9145392114465888,0.1272727272727272,41.0,42.0,27.0,110.0,0.3727272727272727,0.3818181818181818,0.2454545454545454,0.6783592661944303,0.1272727272727273,4.709530201312334,0.34905986681187745,0.3281987443852723,1.624473304276004
2022-03-10,0.9258860246493266,-0.0769230769230769,17.0,38.0,23.0,78.0,0.2179487179487179,0.4871794871794871,0.2948717948717949,0.6250432941776054,-0.07692307692307698,4.3694478524670215,0.11082796100859478,-0.3285708304892182,1.3750842584635503
2022-03-11,0.9213044408120608,-0.1710526315789473,14.0,35.0,27.0,76.0,0.1842105263157894,0.4605263157894737,0.3552631578947368,0.5935973190947583,-0.17105263157894737,4.343805421853684,-0.029682176768976404,-0.6313264519278461,1.356280161971377
2022-03-12,0.9154951969782512,0.2222222222222222,3.0,5.0,1.0,9.0,0.3333333333333333,0.5555555555555556,0.1111111111111111,0.7075133045514425,0.2222222222222222,2.302585092994046,0.47932893735346377,0.633591598455526,-0.14058667582747214
2022-03-13,0.8341954797506332,0.0,2.0,4.0,2.0,8.0,0.25,0.5,0.25,0.5839368358254432,0.0,2.1972245773362196,-0.07284814098516672,-0.08115763447485524,-0.2178496051015963
2022-03-14,0.947577699847605,-0.057471264367816,19.0,44.0,24.0,87.0,0.2183908045977011,0.5057471264367817,0.2758620689655172,0.6460630105829787,-0.05747126436781608,4.477336814478207,0.20475041818739967,-0.26600657402581585,1.4542013469599722
2022-03-15,0.9408056120077768,-0.0777777777777777,20.0,43.0,27.0,90.0,0.2222222222222222,0.4777777777777778,0.3,0.6352305950721104,-0.07777777777777778,4.51085950651685,0.15634790588221636,-0.3313198660004887,1.4787841934645538
2022-03-16,0.9068554308679369,0.1111111111111111,24.0,32.0,16.0,72.0,0.3333333333333333,0.4444444444444444,0.2222222222222222,0.6681321349408891,0.1111111111111111,4.290459441148391,0.3033619478343789,0.27621698199033545,1.317160509713053
2022-03-17,0.938749324116442,0.0,23.0,26.0,23.0,72.0,0.3194444444444444,0.3611111111111111,0.3194444444444444,0.6571245268815094,0.0,4.290459441148391,0.25417662217823095,-0.08115763447485524,1.317160509713053
2022-03-18,0.9521274204347648,-0.0784313725490196,12.0,23.0,16.0,51.0,0.2352941176470588,0.4509803921568627,0.3137254901960784,0.6429597825396295,-0.07843137254901963,3.9512437185814275,0.19088425570468306,-0.3334220696267546,1.0684069779205634
2022-03-19,0.9069100141525268,0.6,4.0,0.0,1.0,5.0,0.8,0.0,0.2,0.8148370099067688,0.6000000000000001,1.791759469228055,0.9588837479944644,1.8486652944371746,-0.5151851085897018
2022-03-20,0.9461817571095058,-0.1428571428571428,1.0,4.0,2.0,7.0,0.1428571428571428,0.5714285714285714,0.2857142857142857,0.6194700871195112,-0.1428571428571429,2.0794415416798357,0.08592518443599301,-0.5406392842158148,-0.3042222115452213
2022-03-21,0.9384305118759976,-0.1265822784810126,15.0,39.0,25.0,79.0,0.189873417721519,0.4936708860759494,0.3164556962025316,0.6189266747688945,-0.1265822784810126,4.382026634673881,0.08349705352085916,-0.4882932734858318,1.3843085257702852
2022-03-22,0.932251390408386,0.2386363636363636,35.0,39.0,14.0,88.0,0.3977272727272727,0.4431818181818182,0.1590909090909091,0.7241668823767792,0.23863636363636362,4.48863636973214,0.5537421653917945,0.6863855758878837,1.4624875320926358
2022-03-23,0.9254494354128836,-0.0875,15.0,43.0,22.0,80.0,0.1875,0.5375,0.275,0.6215646047890185,-0.08750000000000002,4.394449154672439,0.09528412355442287,-0.36259014494119296,1.3934182029397864
2022-03-24,0.9509313844922764,0.0895522388059701,18.0,37.0,12.0,67.0,0.2686567164179104,0.5522388059701493,0.1791044776119403,0.6925176407863844,0.0895522388059701,4.219507705176107,0.4123237713141455,0.20687563849708934,1.2651302123661199
2022-03-25,0.9433315183435168,0.1571428571428571,27.0,27.0,16.0,70.0,0.3857142857142857,0.3857142857142857,0.2285714285714285,0.7074749199833189,0.15714285714285717,4.2626798770413155,0.47915742348113627,0.42427218024020025,1.2967892113811286
2022-03-26,0.8905592560768127,0.0,2.0,7.0,2.0,11.0,0.1818181818181818,0.6363636363636364,0.1818181818181818,0.6233914792537689,0.0,2.4849066497880004,0.10344715179788233,-0.08115763447485524,-0.006886708057115773
2022-03-27,0.9952582337639548,0.1818181818181818,4.0,5.0,2.0,11.0,0.3636363636363636,0.4545454545454545,0.1818181818181818,0.751226218180223,0.1818181818181818,2.4849066497880004,0.6746514706969875,0.503637192468184,-0.006886708057115773
2022-03-28,0.9502843871146818,0.2911392405063291,40.0,22.0,17.0,79.0,0.5063291139240507,0.2784810126582278,0.2151898734177215,0.752540843132176,0.29113924050632917,4.382026634673881,0.68052561302007,0.8552543352503913,1.3843085257702852
2022-03-29,0.9333889120426334,0.1475409836065573,39.0,62.0,21.0,122.0,0.319672131147541,0.5081967213114754,0.1721311475409836,0.6976345335118106,0.1475409836065574,4.812184355372417,0.4351875972870555,0.3933889873887587,1.6997516055952335
2022-03-30,0.92783786638363,0.0945945945945946,25.0,31.0,18.0,74.0,0.3378378378378378,0.4189189189189189,0.2432432432432432,0.6778648848469193,0.09459459459459457,4.31748811353631,0.34685082126406347,0.22309372819145568,1.3369811644435536
2022-03-31,0.9502498164944264,0.0,28.0,31.0,28.0,87.0,0.3218390804597701,0.3563218390804598,0.3218390804597701,0.6651748715460984,0.0,4.477336814478207,0.29014799959611115,-0.08115763447485524,1.4542013469599722
2022-04-01,0.9649316815480794,0.0821917808219178,20.0,39.0,14.0,73.0,0.273972602739726,0.5342465753424658,0.1917808219178082,0.7001097113302309,0.0821917808219178,4.30406509320417,0.44624744120583854,0.18320167085555977,1.3271378007878991
2022-04-02,0.917934344874488,-0.1111111111111111,2.0,4.0,3.0,9.0,0.2222222222222222,0.4444444444444444,0.3333333333333333,0.6092207080788082,-0.1111111111111111,2.302585092994046,0.04012785560934495,-0.4385322509400459,-0.14058667582747214
2022-04-03,0.8517493009567261,-0.25,2.0,5.0,5.0,12.0,0.1666666666666666,0.4166666666666667,0.4166666666666667,0.5212245106697082,-0.2500000000000001,2.5649493574615367,-0.3530657976095504,-0.8852505215215347,0.05181017685539133
2022-04-04,0.9279216801354644,0.1192660550458715,38.0,46.0,25.0,109.0,0.3486238532110092,0.4220183486238532,0.2293577981651376,0.6853249926085865,0.1192660550458716,4.700480365792417,0.3801848414897285,0.3024463116391569,1.617836882677721
2022-04-05,0.9287415424982708,-0.0583333333333333,27.0,59.0,34.0,120.0,0.225,0.4916666666666666,0.2833333333333333,0.6326190797487895,-0.05833333333333332,4.795790545596741,0.14467886471172262,-0.2687793081190803,1.6877297038674073
2022-04-06,0.9307385701882211,0.031578947368421,28.0,42.0,25.0,95.0,0.2947368421052631,0.4421052631578947,0.2631578947368421,0.6609906833422811,0.031578947368420984,4.564348191467836,0.271451779826912,0.020411993362619785,1.518008493540642
2022-04-07,0.9381584858490248,0.0932203389830508,36.0,57.0,25.0,118.0,0.3050847457627119,0.4830508474576271,0.211864406779661,0.6846770417892325,0.09322033898305088,4.77912349311153,0.3772896010444678,0.2186736115425506,1.6755074279101105
2022-04-08,0.937541379147217,0.0840336134453781,37.0,55.0,27.0,119.0,0.3109243697478991,0.4621848739495798,0.226890756302521,0.6814890494366653,0.0840336134453781,4.787491742782046,0.36304468596351047,0.18912568890217957,1.6816440292583907
2022-04-09,0.9252998232841492,0.0769230769230769,2.0,10.0,1.0,13.0,0.1538461538461538,0.7692307692307693,0.0769230769230769,0.6707867993758275,0.0769230769230769,2.6390573296152584,0.31522379230012376,0.16625556153950746,0.10615500399876947
2022-04-10,0.9070090732791208,0.1818181818181818,3.0,7.0,1.0,11.0,0.2727272727272727,0.6363636363636364,0.0909090909090909,0.6894518058408391,0.18181818181818182,2.4849066497880004,0.39862469251417376,0.5036371924681841,-0.006886708057115773
2022-04-11,0.9405470592054452,-0.1287878787878787,35.0,45.0,52.0,132.0,0.2651515151515151,0.3409090909090909,0.3939393939393939,0.619746577807448,-0.12878787878787884,4.890349128221754,0.08716062854462248,-0.4953873035595082,1.7570713641279232
2022-04-12,0.9339988085688375,-0.0306122448979591,27.0,41.0,30.0,98.0,0.2755102040816326,0.4183673469387755,0.3061224489795918,0.6446154925287985,-0.030612244897959162,4.59511985013459,0.198282469246636,-0.17961798799077505,1.5405739534035965
2022-04-13,0.9474177290214582,0.1348314606741573,32.0,37.0,20.0,89.0,0.3595505617977528,0.4157303370786517,0.2247191011235955,0.7036418485172679,0.1348314606741573,4.499809670330265,0.4620300996062314,0.3525104394379604,1.4706811322139102
2022-04-14,0.9648969237293517,0.1071428571428571,22.0,18.0,16.0,56.0,0.3928571428571428,0.3214285714285714,0.2857142857142857,0.7075707037534033,0.1071428571428571,4.04305126783455,0.47958541436696345,0.2634536028308642,1.135731251539452
2022-04-15,0.9227996025766644,0.0285714285714285,10.0,16.0,9.0,35.0,0.2857142857142857,0.4571428571428571,0.2571428571428571,0.6545311503750936,0.02857142857142858,3.58351893845611,0.2425886307336799,0.010738695473336678,0.7987471959635755
2022-04-16,0.9185542345046998,0.2,1.0,4.0,0.0,5.0,0.2,0.8,0.0,0.7029879641532897,0.2,1.791759469228055,0.459108346287051,0.562116675162488,-0.5151851085897018
2022-04-17,0.9968604644139608,0.0,1.0,4.0,1.0,6.0,0.1666666666666666,0.6666666666666666,0.1666666666666666,0.6978023250897726,0.0,1.9459101490553132,0.43593734086076374,-0.08115763447485524,-0.40214339653381637
2022-04-18,0.9230842043141848,-0.0491803278688524,17.0,24.0,20.0,61.0,0.2786885245901639,0.3934426229508196,0.3278688524590163,0.6314048446592737,-0.0491803278688524,4.127134385045092,0.13925329468971717,-0.23933984176272632,1.1973910478836944
2022-04-19,0.9180413505610298,-0.0470588235294117,21.0,39.0,25.0,85.0,0.2470588235294117,0.4588235294117647,0.2941176470588235,0.6285112983338973,-0.04705882352941179,4.454347296253507,0.12632405360963378,-0.23251629556599487,1.4373426830710279
2022-04-20,0.9498795842802202,-0.0945945945945946,20.0,27.0,27.0,74.0,0.2702702702702703,0.3648648648648648,0.3648648648648648,0.6365373306177757,-0.09459459459459452,4.31748811353631,0.16218679594927726,-0.38540899714116594,1.3369811644435536
2022-04-21,0.9327320378273726,0.0875,22.0,43.0,15.0,80.0,0.275,0.5375,0.1875,0.6791624264791608,0.08750000000000002,4.394449154672439,0.3526486301422444,0.20027487599148247,1.3934182029397864
2022-04-22,0.9539171424176958,-0.1111111111111111,9.0,30.0,15.0,54.0,0.1666666666666666,0.5555555555555556,0.2777777777777778,0.6344086663590537,-0.11111111111111119,4.007333185232471,0.15267527953144558,-0.4385322509400461,1.109538482145135
2022-04-23,0.9400176405906676,0.125,2.0,5.0,1.0,8.0,0.25,0.625,0.125,0.6955123484134673,0.125,2.1972245773362196,0.4257050317195347,0.32088880904848427,-0.2178496051015963
2022-04-24,0.9498284235596656,0.0,1.0,6.0,1.0,8.0,0.125,0.75,0.125,0.6648798964917658,0.0,2.1972245773362196,0.28882996174179026,-0.08115763447485524,-0.2178496051015963
2022-04-25,0.9635305983919492,-0.0422535211267605,23.0,22.0,26.0,71.0,0.323943661971831,0.3098591549295774,0.3661971830985915,0.6617953625363363,-0.04225352112676051,4.276666119016055,0.27504733010403226,-0.21706065763767401,1.3070455964961614
2022-04-26,0.9353003070272248,0.1264367816091954,29.0,40.0,18.0,87.0,0.3333333333333333,0.4597701149425287,0.2068965517241379,0.6926412494018159,0.12643678160919541,4.477336814478207,0.4128760920336975,0.32551003253725835,1.4542013469599722
2022-04-27,0.9671429074124286,0.0263157894736842,21.0,36.0,19.0,76.0,0.2763157894736842,0.4736842105263157,0.25,0.6848947720308053,0.02631578947368418,4.343805421853684,0.3782624856874511,0.0034837220563740364,1.356280161971377
2022-04-28,0.9657635628507378,0.1573033707865168,30.0,43.0,16.0,89.0,0.3370786516853932,0.4831460674157303,0.1797752808988764,0.7232255052314714,0.1573033707865168,4.499809670330265,0.5495358072795286,0.42478845175676283,1.4706811322139102
2022-04-29,0.9475635537079402,0.0142857142857142,20.0,31.0,19.0,70.0,0.2857142857142857,0.4428571428571428,0.2714285714285714,0.6675802018812723,0.01428571428571429,4.2626798770413155,0.30089574381156103,-0.03520946950075928,1.2967892113811286
2022-04-30,0.9809398104747136,-0.1666666666666666,3.0,4.0,5.0,12.0,0.25,0.3333333333333333,0.4166666666666667,0.6366578673322996,-0.16666666666666669,2.5649493574615367,0.16272539048547396,-0.6172195591726413,0.05181017685539133
2022-05-01,0.9119274467229844,0.25,5.0,5.0,2.0,12.0,0.4166666666666667,0.4166666666666667,0.1666666666666666,0.713349212706089,0.2500000000000001,2.5649493574615367,0.5054055419652229,0.7229352525718241,0.05181017685539133
2022-05-02,0.9503068087705924,0.044776119402985,19.0,32.0,16.0,67.0,0.2835820895522388,0.4776119402985074,0.2388059701492537,0.6786476019603102,0.04477611940298509,4.219507705176107,0.35034823831516965,0.06285900201111717,1.2651302123661199
2022-05-03,0.9388890517875552,-0.015625,17.0,29.0,18.0,64.0,0.265625,0.453125,0.28125,0.6525348362512886,-0.015625,4.174387269895637,0.23366849479118995,-0.13141343991527268,1.2320425136383117
2022-05-04,0.9242492546773936,0.136986301369863,22.0,39.0,12.0,73.0,0.3013698630136986,0.5342465753424658,0.1643835616438356,0.6880703686851344,0.136986301369863,4.30406509320417,0.3924520130355525,0.3594412077425031,1.3271378007878991
2022-05-05,0.9352693987357152,0.0259740259740259,23.0,33.0,21.0,77.0,0.2987012987012987,0.4285714285714285,0.2727272727272727,0.6624807869072085,0.025974025974025983,4.356708826689592,0.278110013723593,0.002384483659864686,1.3657424814086685
2022-05-06,0.9536300057019944,-0.1666666666666666,20.0,25.0,33.0,78.0,0.2564102564102564,0.3205128205128205,0.4230769230769231,0.6175410039913961,-0.16666666666666669,4.3694478524670215,0.07730545693822181,-0.6172195591726413,1.3750842584635503
2022-05-07,0.9999606981873512,0.375,4.0,3.0,1.0,8.0,0.5,0.375,0.125,0.8124724887311459,0.375,2.1972245773362196,0.9483183514599494,1.1249816960951633,-0.2178496051015963
2022-05-08,0.9511569999158382,-0.125,6.0,2.0,8.0,16.0,0.375,0.125,0.5,0.6283098999410868,-0.125,2.833213344056216,0.125424144611823,-0.4832040779981947,0.24853341130094786
2022-05-09,0.9468712451077308,-0.3193277310924369,22.0,37.0,60.0,119.0,0.1848739495798319,0.3109243697478991,0.5042016806722689,0.5670115522476804,-0.319327731092437,4.787491742782046,-0.1484754325914983,-1.1082342633075883,1.6816440292583907
2022-05-10,0.9622616779457018,-0.1359223300970873,27.0,35.0,41.0,103.0,0.2621359223300971,0.3398058252427184,0.3980582524271844,0.6328064755328651,-0.13592233009708732,4.6443908991413725,0.14551620581404245,-0.5183343497623698,1.576705378453149
2022-05-11,0.9653009312308352,-0.108695652173913,25.0,32.0,35.0,92.0,0.2717391304347826,0.3478260869565217,0.3804347826086957,0.6431019562094106,-0.10869565217391308,4.532599493153256,0.19151953070813432,-0.43076323753862883,1.4947265513718
2022-05-12,0.9336884312572018,-0.5,18.0,26.0,80.0,124.0,0.1451612903225806,0.2096774193548387,0.6451612903225806,0.5035819018800411,-0.5,4.8283137373023015,-0.4318983154520044,-1.6893434085682133,1.7115795972057835
2022-05-13,0.9518566300994472,-0.0210526315789473,34.0,25.0,36.0,95.0,0.3578947368421052,0.2631578947368421,0.3789473684210526,0.6599838515959289,-0.02105263157894738,4.564348191467836,0.26695295073905373,-0.14887071969983875,1.518008493540642
2022-05-14,0.968720922867457,0.0833333333333333,5.0,3.0,4.0,12.0,0.4166666666666667,0.25,0.3333333333333333,0.7031046460072199,0.08333333333333337,2.5649493574615367,0.4596297161389536,0.18687332787403788,0.05181017685539133
2022-05-15,0.9160747416317464,0.125,7.0,4.0,5.0,16.0,0.4375,0.25,0.3125,0.6787523191422224,0.125,2.833213344056216,0.35081614638987274,0.32088880904848427,0.24853341130094786
2022-05-16,0.9573524799197912,-0.1517857142857142,26.0,43.0,43.0,112.0,0.2321428571428571,0.3839285714285714,0.3839285714285714,0.6246110216581395,-0.1517857142857143,4.727387818712341,0.10889643650959019,-0.5693568873246246,1.6375686447986528
2022-05-17,0.9612862460496948,0.2073170731707317,32.0,35.0,15.0,82.0,0.3902439024390244,0.4268292682926829,0.1829268292682926,0.7350954941860058,0.2073170731707318,4.418840607796598,0.6025745118840375,0.5856511011248301,1.4113049331428293
2022-05-18,0.9464102378397276,-0.0909090909090909,20.0,20.0,26.0,66.0,0.303030303030303,0.303030303030303,0.3939393939393939,0.635214439215082,-0.09090909090909094,4.204692619390966,0.15627571662139694,-0.37355504794637495,1.2542660198547155
2022-05-19,0.9470487150706745,0.1578947368421052,29.0,30.0,17.0,76.0,0.3815789473684211,0.3947368421052631,0.2236842105263158,0.7103025216021037,0.15789473684210528,4.343805421853684,0.4917920036456502,0.42669050471252107,1.356280161971377
2022-05-20,0.9178188236223328,0.0416666666666666,27.0,21.0,24.0,72.0,0.375,0.2916666666666667,0.3333333333333333,0.6549731765356329,0.041666666666666685,4.290459441148391,0.24456373745417567,0.05285784669959132,1.317160509713053
2022-05-21,0.9608433842658995,0.2,5.0,2.0,3.0,10.0,0.5,0.2,0.3,0.7325903689861297,0.2,2.3978952727983707,0.5913808539975419,0.562116675162488,-0.07069385463778585
2022-05-22,0.9691244045893352,0.2666666666666666,7.0,5.0,3.0,15.0,0.4666666666666667,0.3333333333333333,0.2,0.7583870832125346,0.26666666666666666,2.772588722239781,0.7066483838041768,0.7765414450416024,0.20407618898736474
2022-05-23,0.933078354958332,0.0757575757575757,22.0,27.0,17.0,66.0,0.3333333333333333,0.4090909090909091,0.2575757575757575,0.6758821211981051,0.0757575757575758,4.204692619390966,0.3379912329465998,0.16250687675141126,1.2542660198547155
2022-05-24,0.9473813492804766,-0.140625,14.0,27.0,23.0,64.0,0.21875,0.421875,0.359375,0.6209794444963335,-0.140625,4.174387269895637,0.09266945019382504,-0.5334598834386122,1.2320425136383117
2022-05-25,0.9519681326548258,0.2,30.0,30.0,15.0,75.0,0.4,0.4,0.2,0.726377692858378,0.2,4.330733340286331,0.5636207360053992,0.562116675162488,1.3466941485839323
2022-05-26,0.9340621347296728,0.0410958904109589,23.0,30.0,20.0,73.0,0.3150684931506849,0.410958904109589,0.273972602739726,0.6661722614340586,0.0410958904109589,4.30406509320417,0.2946046396018995,0.051022018190352264,1.3271378007878991
2022-05-27,0.941610415344653,-0.1739130434782608,9.0,20.0,17.0,46.0,0.1956521739130435,0.4347826086956521,0.3695652173913043,0.6069533776977787,-0.17391304347826084,3.8501476017100584,0.0299967369721775,-0.6405265993768927,0.9942712157808973
2022-05-28,0.9435728000743048,-0.1785714285714285,6.0,11.0,11.0,28.0,0.2142857142857142,0.3928571428571428,0.3928571428571428,0.6069295314805847,-0.1785714285714286,3.367295829986474,0.029890184853676727,-0.6555096966510546,0.6401865564980662
2022-05-29,0.8576146960258484,0.2727272727272727,9.0,10.0,3.0,22.0,0.4090909090909091,0.4545454545454545,0.1363636363636363,0.6821484690362756,0.2727272727272728,3.1354942159291497,0.36599117239143514,0.796034605939704,0.4702018938308565
2022-05-30,0.9170576301780908,0.1081081081081081,14.0,13.0,10.0,37.0,0.3783783783783784,0.3513513513513513,0.2702702702702703,0.674372773557096,0.10810810810810811,3.6375861597263857,0.3312470106913287,0.26655820857235735,0.8383957480513464
2022-05-31,0.9368162301870492,0.123076923076923,24.0,25.0,16.0,65.0,0.3692307692307692,0.3846153846153846,0.2461538461538461,0.6926944380540113,0.12307692307692308,4.189654742026425,0.4131137550359891,0.31470347914812524,1.243238449915491
2022-06-01,0.955174154404438,-0.0454545454545454,16.0,31.0,19.0,66.0,0.2424242424242424,0.4696969696969697,0.2878787878787879,0.6549855444467428,-0.0454545454545455,4.204692619390966,0.24461900102572967,-0.22735634121061518,1.2542660198547155
2022-06-02,0.935042077799638,-0.1166666666666666,12.0,29.0,19.0,60.0,0.2,0.4833333333333333,0.3166666666666666,0.6195294544597465,-0.11666666666666659,4.110873864173311,0.08619045568720934,-0.4564009817633052,1.1854668895191234
2022-06-03,0.9303812964757284,-0.04,23.0,26.0,26.0,75.0,0.3066666666666666,0.3466666666666667,0.3466666666666667,0.6392669075330099,-0.04000000000000009,4.330733340286331,0.174383372058734,-0.20981249640232416,1.3466941485839323
2022-06-04,0.8833885739247004,0.0,4.0,4.0,4.0,12.0,0.3333333333333333,0.3333333333333333,0.3333333333333333,0.6183720017472902,0.0,2.5649493574615367,0.08101860651828453,-0.08115763447485524,0.05181017685539133
2022-06-05,0.9619463495910168,-0.1875,4.0,5.0,7.0,16.0,0.25,0.3125,0.4375,0.6171124447137116,-0.1875,2.833213344056216,0.07539052432777943,-0.6842272997598645,0.24853341130094786
2022-06-06,0.9258254392941792,0.0933333333333333,26.0,30.0,19.0,75.0,0.3466666666666667,0.4,0.2533333333333333,0.6760778075059254,0.09333333333333338,4.330733340286331,0.33886561861918824,0.2190370433559051,1.3466941485839323
2022-06-07,0.939873368257568,-0.1071428571428571,20.0,35.0,29.0,84.0,0.238095238095238,0.4166666666666667,0.3452380952380952,0.6257685006374404,-0.10714285714285718,4.442651256490317,0.1140684030467296,-0.4257688717805749,1.4287657480838687
2022-06-08,0.9613946022757563,-0.180722891566265,13.0,42.0,28.0,83.0,0.1566265060240964,0.5060240963855421,0.3373493975903614,0.6187593541231499,-0.18072289156626503,4.430816798843313,0.08274941421488524,-0.6624296010146231,1.4200873085520467
2022-06-09,0.9130495719189914,-0.0188679245283018,14.0,24.0,15.0,53.0,0.2641509433962264,0.4528301886792453,0.2830188679245283,0.6334743229848033,-0.018867924528301883,3.9889840465642745,0.14850035043792573,-0.14184389010101967,1.096082699451681
2022-06-10,0.9291400022995776,-0.0512820512820512,18.0,38.0,22.0,78.0,0.2307692307692307,0.4871794871794871,0.282051282051282,0.635013386225089,-0.051282051282051294,4.3694478524670215,0.15537735098795447,-0.2460997651510971,1.3750842584635503
2022-06-11,0.9342150312402974,-0.4782608695652174,3.0,6.0,14.0,23.0,0.1304347826086956,0.2608695652173913,0.6086956521739131,0.510472260998643,-0.4782608695652175,3.1780538303479458,-0.4011101046701485,-1.619422287955459,0.5014116924754702
2022-06-12,0.919726508505204,-0.2352941176470588,3.0,7.0,7.0,17.0,0.1764705882352941,0.4117647058823529,0.4117647058823529,0.5732203206595251,-0.23529411764705882,2.8903717578961645,-0.12073277545719313,-0.8379509399305531,0.2904487954309894
2022-06-13,0.9545471317405942,-0.5886075949367089,15.0,35.0,108.0,158.0,0.0949367088607595,0.2215189873417721,0.6835443037974683,0.49160071373740327,-0.5886075949367089,5.0689042022202315,-0.4854338916974789,-1.9743383558758971,1.8880092963100692
2022-06-14,0.963859042593541,-0.4427480916030534,19.0,35.0,77.0,131.0,0.1450381679389313,0.2671755725190839,0.5877862595419847,0.5418769023345626,-0.4427480916030534,4.882801922586371,-0.2607846585887429,-1.5051999993208822,1.751536850448077
2022-06-15,0.9471292842989384,-0.2695652173913043,18.0,48.0,49.0,115.0,0.1565217391304348,0.417391304347826,0.4260869565217391,0.5821209337918656,-0.26956521739130435,4.7535901911063645,-0.08096214108395018,-0.9481795300730135,1.656783357563238
2022-06-16,0.9374431035097908,-0.2823529411764706,17.0,27.0,41.0,85.0,0.2,0.3176470588235294,0.4823529411764706,0.5715042901039123,-0.2823529411764706,4.454347296253507,-0.1284005195536767,-0.9893096010216927,1.4373426830710279
2022-06-17,0.9204500440670096,-0.4565217391304347,9.0,32.0,51.0,92.0,0.0978260869565217,0.3478260869565217,0.5543478260869565,0.5073585091077762,-0.4565217391304348,4.532599493153256,-0.41502329088994894,-1.549501167342704,1.4947265513718
2022-06-18,0.9375282923380532,-0.5666666666666667,4.0,5.0,21.0,30.0,0.1333333333333333,0.1666666666666666,0.7,0.4862698046366372,-0.5666666666666667,3.4339872044851463,-0.5092540076345716,-1.9037681784473277,0.6890926473511084
2022-06-19,0.9319253724354964,-0.3846153846153846,5.0,6.0,15.0,26.0,0.1923076923076923,0.2307692307692307,0.5769230769230769,0.5369631453202321,-0.3846153846153846,3.295836866004329,-0.28274081269972473,-1.318223614546669,0.5877842989190949
2022-06-20,0.8992563048377633,-0.3125,11.0,22.0,31.0,64.0,0.171875,0.34375,0.484375,0.5357294133864343,-0.3125,4.174387269895637,-0.2882535005251718,-1.0862737432832041,1.2320425136383117
2022-06-21,0.9237611272755792,0.0705882352941176,31.0,29.0,25.0,85.0,0.3647058823529411,0.3411764705882353,0.2941176470588235,0.6678092596811407,0.07058823529411762,4.454347296253507,0.3019192434147293,0.14588035716185405,1.4373426830710279
2022-06-22,0.9286935880619992,-0.075268817204301,21.0,44.0,28.0,93.0,0.2258064516129032,0.4731182795698925,0.3010752688172043,0.6275048664821091,-0.07526881720430112,4.543294782270004,0.1218270113717663,-0.32325011659643615,1.5025696163134832
2022-06-23,0.9327280761902792,-0.1929824561403508,14.0,18.0,25.0,57.0,0.2456140350877192,0.3157894736842105,0.4385964912280701,0.5950149164910902,-0.1929824561403509,4.060443010546419,-0.02334792238675611,-0.7018609157038707,1.148484957030652
2022-06-24,0.9355348074436188,0.02,13.0,25.0,12.0,50.0,0.26,0.5,0.24,0.6608743652105331,0.020000000000000018,3.9318256327243257,0.27093203519584635,-0.01683020351112086,1.054167315321639
2022-06-25,0.9628149271011353,0.25,4.0,2.0,2.0,8.0,0.5,0.25,0.25,0.7489704489707946,0.25,2.1972245773362196,0.6645720108749871,0.7229352525718238,-0.2178496051015963
2022-06-26,0.9740886092185974,0.125,3.0,3.0,2.0,8.0,0.375,0.375,0.25,0.7193620264530182,0.125,2.1972245773362196,0.532272614326186,0.32088880904848427,-0.2178496051015963
2022-06-27,0.9302555830390364,-0.1728395061728395,21.0,25.0,35.0,81.0,0.2592592592592592,0.3086419753086419,0.4320987654320987,0.5993270562754737,-0.1728395061728395,4.406719247264253,-0.004079976214834966,-0.6370737045318184,1.4024161021071286
2022-06-28,0.9383303265073406,-0.1492537313432835,10.0,37.0,20.0,67.0,0.1492537313432835,0.5522388059701493,0.2985074626865671,0.6120551091521533,-0.14925373134328357,4.219507705176107,0.05279281779555034,-0.5612130894280963,1.2651302123661199
2022-06-29,0.9493570756167172,-0.234375,12.0,25.0,27.0,64.0,0.1875,0.390625,0.421875,0.594237452931702,-0.234375,4.174387269895637,-0.02682186496792462,-0.8349947160811169,1.2320425136383117
2022-06-30,0.9251358169730348,-0.4554455445544554,7.0,41.0,53.0,101.0,0.0693069306930693,0.4059405940594059,0.5247524752475248,0.5109614085147877,-0.45544554455445546,4.624972813284271,-0.39892444546556116,-1.5460397257282112,1.5624657158542248
2022-07-01,0.9346034742891788,-0.275,11.0,36.0,33.0,80.0,0.1375,0.45,0.4125,0.5717224320024251,-0.27499999999999997,4.394449154672439,-0.1274257955028455,-0.9656598102262021,1.3934182029397864
2022-07-02,0.9731982512907548,-0.5454545454545454,2.0,1.0,8.0,11.0,0.1818181818181818,0.0909090909090909,0.7272727272727273,0.5176024122671647,-0.5454545454545455,2.4849066497880004,-0.3692504299589831,-1.8355421153039733,-0.006886708057115773
2022-07-03,0.8883654922246933,-0.5833333333333334,1.0,3.0,8.0,12.0,0.0833333333333333,0.25,0.6666666666666666,0.4468558445572852,-0.5833333333333334,2.5649493574615367,-0.6853675148964374,-1.9573743709171065,0.05181017685539133
2022-07-04,0.8901068586856127,-0.3125,7.0,8.0,17.0,32.0,0.21875,0.25,0.53125,0.5293248010799289,-0.3125,3.4965075614664802,-0.3168712474777822,-1.0862737432832041,0.7349400493829054
2022-07-05,0.953544723490874,-0.0555555555555555,22.0,24.0,26.0,72.0,0.3055555555555556,0.3333333333333333,0.3611111111111111,0.6508146397769452,-0.055555555555555525,4.290459441148391,0.22598213610847487,-0.25984494270745045,1.317160509713053
2022-07-06,0.9238131905303282,-0.1470588235294117,14.0,30.0,24.0,68.0,0.2058823529411764,0.4411764705882353,0.3529411764705882,0.6025515863124062,-0.1470588235294118,4.23410650459726,0.010328200302625122,-0.5541534503846665,1.275835797851548
2022-07-07,0.9430971962790335,0.1774193548387097,21.0,31.0,10.0,62.0,0.3387096774193548,0.5,0.1612903225806451,0.7133938438469364,0.17741935483870971,4.143134726391533,0.505604967415797,0.4894889305260139,1.209124411507566
2022-07-08,0.9194598763676012,0.1864406779661017,25.0,20.0,14.0,59.0,0.423728813559322,0.3389830508474576,0.2372881355932203,0.6995541168471513,0.18644067796610173,4.0943445622221,0.44376487683439503,0.5185048575599563,1.1733456287258048
2022-07-09,0.9603479259154376,0.4705882352941176,11.0,3.0,3.0,17.0,0.6470588235294118,0.1764705882352941,0.1764705882352941,0.8134200187290416,0.4705882352941177,2.8903717578961645,0.9525522023805185,1.4324289764365405,0.2904487954309894
2022-07-10,0.9204749194058504,0.0909090909090909,5.0,2.0,4.0,11.0,0.4545454545454545,0.1818181818181818,0.3636363636363636,0.6716051708568225,0.09090909090909088,2.4849066497880004,0.3188805238609955,0.21123977899666435,-0.006886708057115773
2022-07-11,0.9657185478135945,-0.359375,10.0,21.0,33.0,64.0,0.15625,0.328125,0.515625,0.5681904834695161,-0.359375,4.174387269895637,-0.14320761093947498,-1.2370411596044564,1.2320425136383117
2022-07-12,0.9626461049994908,-0.1486486486486486,16.0,31.0,27.0,74.0,0.2162162162162162,0.4189189189189189,0.3648648648648648,0.6292576789050489,-0.1486486486486486,4.31748811353631,0.1296591079881581,-0.5592669186647723,1.3369811644435536
2022-07-13,0.949691594640414,0.0,15.0,30.0,15.0,60.0,0.25,0.5,0.25,0.6647841162482897,0.0,4.110873864173311,0.2884019866139164,-0.08115763447485524,1.1854668895191234
2022-07-14,0.9367144325422864,0.1269841269841269,23.0,25.0,15.0,63.0,0.365079365079365,0.3968253968253968,0.238095238095238,0.6937953408748385,0.126984126984127,4.1588830833596715,0.4180329221671278,0.3272704986282199,1.2206729900525364
2022-07-15,0.9396398968812896,0.1707317073170731,15.0,18.0,8.0,41.0,0.3658536585365853,0.4390243902439024,0.1951219512195122,0.7089674400120245,0.1707317073170731,3.7376696182833684,0.48582645486962706,0.46797897131312044,0.911788908019461
2022-07-16,0.9978291168808936,0.5,5.0,2.0,1.0,8.0,0.625,0.25,0.125,0.8484803818166256,0.5,2.1972245773362196,1.1092125201155942,1.5270281396185026,-0.2178496051015963
2022-07-17,0.8913916302354712,0.2105263157894736,7.0,9.0,3.0,19.0,0.3684210526315789,0.4736842105263157,0.1578947368421052,0.6871320359016718,0.21052631578947373,2.995732273553991,0.38825925805377254,0.5959732177749799,0.36771172470511354
2022-07-18,0.95207413037618,0.2166666666666666,26.0,21.0,13.0,60.0,0.4333333333333333,0.35,0.2166666666666666,0.731451891263326,0.2166666666666667,4.110873864173311,0.5862937908275686,0.6157228676322667,1.1854668895191234
2022-07-19,0.9242803226960332,-0.0394736842105263,25.0,23.0,28.0,76.0,0.3289473684210526,0.3026315789473684,0.3684210526315789,0.6351541206240653,-0.03947368421052633,4.343805421853684,0.15600619489367243,-0.2081196692716993,1.356280161971377
2022-07-20,0.9462469059385752,0.1184210526315789,27.0,31.0,18.0,76.0,0.3552631578947368,0.4078947368421052,0.2368421052631578,0.6978991499464762,0.11842105263157898,4.343805421853684,0.43636998363682244,0.29972846991567703,1.356280161971377
2022-07-21,0.93886597366894,-0.088235294117647,15.0,32.0,21.0,68.0,0.2205882352941176,0.4705882352941176,0.3088235294117647,0.6307355933329638,-0.0882352941176471,4.23410650459726,0.136262877130081,-0.3649551240207421,1.275835797851548
2022-07-22,0.9198971421554172,-0.2988505747126437,13.0,35.0,39.0,87.0,0.1494252873563218,0.4022988505747126,0.4482758620689655,0.5542728270949989,-0.29885057471264376,4.477336814478207,-0.20539591356237588,-1.0423721201398513,1.4542013469599722
2022-07-23,0.8909234801928202,-0.3333333333333333,1.0,2.0,3.0,6.0,0.1666666666666666,0.3333333333333333,0.5,0.5236464361349741,-0.33333333333333337,1.9459101490553132,-0.3422439013282313,-1.1532814838704275,-0.40214339653381637
2022-07-24,0.8942350240854117,-0.0769230769230769,3.0,6.0,4.0,13.0,0.2307692307692307,0.4615384615384615,0.3076923076923077,0.602887593782865,-0.07692307692307701,2.6390573296152584,0.011829583415855842,-0.32857083048921826,0.10615500399876947
2022-07-25,0.9469828373294764,-0.0508474576271186,15.0,26.0,18.0,59.0,0.2542372881355932,0.4406779661016949,0.3050847457627119,0.6476337488424979,-0.050847457627118675,4.0943445622221,0.21176895231382087,-0.24470195048434934,1.1733456287258048
2022-07-26,0.9141608233805056,-0.3518518518518518,8.0,19.0,27.0,54.0,0.1481481481481481,0.3518518518518518,0.5,0.5343570208107984,-0.35185185185185186,4.007333185232471,-0.2943857660815579,-1.212843919947959,1.109538482145135
2022-07-27,0.9439355102452364,0.2,16.0,34.0,5.0,55.0,0.2909090909090909,0.6181818181818182,0.0909090909090909,0.7207548571716653,0.2,4.02535169073515,0.5384962036937391,0.562116675162488,1.1227518050639418
2022-07-28,0.9449662959033792,0.0681818181818181,15.0,17.0,12.0,44.0,0.3409090909090909,0.3863636363636363,0.2727272727272727,0.6819309525869108,0.06818181818181818,3.8066624897703196,0.36501924303676875,0.13814042562878448,0.9623827316813243
2022-07-29,0.9584396561751,0.2115384615384615,23.0,17.0,12.0,52.0,0.4423076923076923,0.3269230769230769,0.2307692307692307,0.7343692977841084,0.2115384615384616,3.970291913552122,0.5993296464850364,0.5992286545646426,1.082375392289378
2022-07-30,0.8979921340942383,0.375,4.0,3.0,1.0,8.0,0.5,0.375,0.125,0.7410944938659667,0.375,2.1972245773362196,0.6293798588112091,1.1249816960951633,-0.2178496051015963
2022-07-31,0.987728347380956,-0.5,0.0,3.0,3.0,6.0,0.0,0.5,0.5,0.5414098431666692,-0.5,1.9459101490553132,-0.2628716203655073,-1.6893434085682133,-0.40214339653381637
2022-08-01,0.9331395081404982,0.0689655172413793,18.0,26.0,14.0,58.0,0.3103448275862069,0.4482758620689655,0.2413793103448276,0.6738873108707625,0.06896551724137931,4.07753744390572,0.3290778164220181,0.1406610929862976,1.161020639751779
2022-08-02,0.9336722955411796,-0.1020408163265306,10.0,24.0,15.0,49.0,0.2040816326530612,0.4897959183673469,0.3061224489795918,0.6229583619808664,-0.10204081632653059,3.912023005428146,0.10151185268475116,-0.40935881286125475,1.0396456609554483
2022-08-03,0.964155398715626,0.0181818181818181,15.0,26.0,14.0,55.0,0.2727272727272727,0.4727272727272727,0.2545454545454545,0.6803633245554835,0.018181818181818188,4.02535169073515,0.3580146063511669,-0.02267815178055129,1.1227518050639418
2022-08-04,0.942426374885771,-0.0888888888888888,9.0,23.0,13.0,45.0,0.2,0.5111111111111111,0.2888888888888888,0.633031795753373,-0.0888888888888888,3.828641396489095,0.14652300478097638,-0.36705732764700744,0.9785002943634425
2022-08-05,0.931561374350598,0.1578947368421052,13.0,18.0,7.0,38.0,0.3421052631578947,0.4736842105263157,0.1842105263157894,0.6994613830980501,0.15789473684210528,3.6635616461296463,0.44335051436579553,0.42669050471252107,0.8574440808760825
2022-08-06,0.7934737801551819,-0.6666666666666666,0.0,1.0,2.0,3.0,0.0,0.3333333333333333,0.6666666666666666,0.3554316461086273,-0.6666666666666666,1.3862943611198906,-1.093878514678794,-2.225405333265999,-0.8125206120778071
2022-08-07,0.866277141230447,0.5714285714285714,4.0,3.0,0.0,7.0,0.5714285714285714,0.4285714285714285,0.0,0.7778225702898842,0.5714285714285714,2.0794415416798357,0.7934920246777023,1.7567689644889823,-0.3042222115452213
2022-08-08,0.932863636692958,-0.0149253731343283,18.0,30.0,19.0,67.0,0.2686567164179104,0.4477611940298507,0.2835820895522388,0.6485269337447721,-0.014925373134328401,4.219507705176107,0.2157599728927264,-0.1291631799701795,1.2651302123661199
2022-08-09,0.9413387991012412,0.0638297872340425,12.0,26.0,9.0,47.0,0.2553191489361702,0.5531914893617021,0.1914893617021276,0.6780860955410816,0.06382978723404259,3.871201010907891,0.3478392576230163,0.12414267711153101,1.0097100930080563
2022-08-10,0.9138337740940708,-0.0178571428571428,18.0,19.0,19.0,56.0,0.3214285714285714,0.3392857142857143,0.3392857142857143,0.6343264990087067,-0.017857142857142905,4.04305126783455,0.15230813093173928,-0.13859284069247532,1.135731251539452
2022-08-11,0.9410435003893716,-0.0476190476190476,12.0,16.0,14.0,42.0,0.2857142857142857,0.3809523809523809,0.3333333333333333,0.6444447359868458,-0.047619047619047616,3.7612001156935624,0.19751947731609557,-0.23431818438850835,0.9290442825384422
2022-08-12,0.9102742602216436,0.0851063829787234,15.0,21.0,11.0,47.0,0.3191489361702128,0.4468085106382978,0.2340425531914893,0.6627238970487676,0.08510638297872347,3.871201010907891,0.2791963034441565,0.19257611430699315,1.0097100930080563
2022-08-13,0.9989472150802612,0.2,2.0,2.0,1.0,5.0,0.4,0.4,0.2,0.7592630505561828,0.2,1.791759469228055,0.7105624711180667,0.562116675162488,-0.5151851085897018
2022-08-14,0.8694453040758768,-0.3333333333333333,1.0,2.0,3.0,6.0,0.1666666666666666,0.3333333333333333,0.5,0.5086117128531138,-0.33333333333333337,1.9459101490553132,-0.40942359711493226,-1.1532814838704275,-0.40214339653381637
2022-08-15,0.951244797025408,0.0204081632653061,12.0,26.0,11.0,49.0,0.2448979591836734,0.5306122448979592,0.2244897959183673,0.6719938068973773,0.020408163265306117,3.912023005428146,0.32061706736011814,-0.015517398797575336,1.0396456609554483
2022-08-16,0.9153506883553096,0.0238095238095238,14.0,15.0,13.0,42.0,0.3333333333333333,0.3571428571428571,0.3095238095238095,0.6478883389915738,0.023809523809523836,3.7612001156935624,0.21290653818384792,-0.004577359518028581,0.9290442825384422
2022-08-17,0.8790190582690032,-0.0869565217391304,9.0,24.0,13.0,46.0,0.1956521739130435,0.5217391304347826,0.2826086956521739,0.589226384266563,-0.0869565217391304,3.8501476017100584,-0.049212836998415804,-0.3608421169258739,0.9942712157808973
2022-08-18,0.9499299290568328,0.0697674418604651,15.0,16.0,12.0,43.0,0.3488372093023256,0.3720930232558139,0.2790697674418604,0.6858811828979224,0.06976744186046518,3.784189633918261,0.3826700681039215,0.14324038051491586,0.9459029464273858
2022-08-19,0.9337245027224222,-0.2280701754385964,7.0,30.0,20.0,57.0,0.1228070175438596,0.5263157894736842,0.3508771929824561,0.5851860992741166,-0.22807017543859653,4.060443010546419,-0.06726605364867548,-0.8147160577455099,1.148484957030652
2022-08-20,0.923749938607216,0.25,2.0,1.0,1.0,4.0,0.5,0.25,0.25,0.7216249570250511,0.25,1.6094379124341003,0.5423840732845973,0.7229352525718238,-0.6488850763600583
2022-08-21,0.9873588681221008,0.2,2.0,2.0,1.0,5.0,0.4,0.4,0.2,0.7511512076854705,0.2,1.791759469228055,0.6743163010950063,0.562116675162488,-0.5151851085897018
2022-08-22,0.9505113846725888,-0.3111111111111111,9.0,13.0,23.0,45.0,0.2,0.2888888888888888,0.5111111111111111,0.5720246359374788,-0.31111111111111106,3.828641396489095,-0.1260754568207267,-1.081806560577389,0.9785002943634425
2022-08-23,0.9613824486732484,-0.2631578947368421,6.0,16.0,16.0,38.0,0.1578947368421052,0.4210526315789473,0.4210526315789473,0.5940203456502212,-0.2631578947368421,3.6635616461296463,-0.02779196603659925,-0.927571199787149,0.8574440808760825
2022-08-24,0.9604205035028004,-0.1666666666666666,7.0,21.0,14.0,42.0,0.1666666666666666,0.5,0.3333333333333333,0.6222943524519603,-0.1666666666666667,3.7612001156935624,0.09854485706300911,-0.6172195591726414,0.9290442825384422
2022-08-25,0.919246191202208,-0.2093023255813953,7.0,20.0,16.0,43.0,0.1627906976744186,0.4651162790697674,0.3720930232558139,0.580681636167127,-0.2093023255813953,3.784189633918261,-0.08739335865701459,-0.7543516794441677,0.9459029464273858
2022-08-26,0.9360720557825906,-0.1904761904761904,6.0,22.0,14.0,42.0,0.1428571428571428,0.5238095238095238,0.3333333333333333,0.5981075819049562,-0.19047619047619052,3.7612001156935624,-0.009528956930688084,-0.6937998341294679,0.9290442825384422
2022-08-27,0.9955547749996184,-1.0,0.0,0.0,4.0,4.0,0.0,0.0,1.0,0.39688834249973287,-1.0,1.6094379124341003,-0.9086374430831288,-3.297529182661571,-0.6488850763600583
2022-08-28,0.9449204206466676,-1.0,0.0,0.0,2.0,2.0,0.0,0.0,1.0,0.3614442944526673,-1.0,1.0986122886681098,-1.06701218138802,-3.297529182661571,-1.0234835091222876
2022-08-29,0.9476191564039752,-0.1136363636363636,10.0,19.0,15.0,44.0,0.2272727272727272,0.4318181818181818,0.3409090909090909,0.6292425003918736,-0.11363636363636367,3.8066624897703196,0.12959128579559112,-0.4466544013142549,0.9623827316813243
2022-08-30,0.9177531776604828,0.074074074074074,19.0,20.0,15.0,54.0,0.3518518518518518,0.3703703703703703,0.2777777777777778,0.66464944658456,0.07407407407407401,4.007333185232471,0.28780024178154084,0.1570921098352717,1.109538482145135
2022-08-31,0.9043696641921996,-0.2444444444444444,9.0,16.0,20.0,45.0,0.2,0.3555555555555555,0.4444444444444444,0.5597254316012062,-0.2444444444444444,3.828641396489095,-0.18103202570724275,-0.8673817906982747,0.9785002943634425
2022-09-01,0.9503353892588148,0.0,13.0,25.0,13.0,51.0,0.2549019607843137,0.4901960784313725,0.2549019607843137,0.6652347724811704,0.0,3.9512437185814275,0.2904156551106177,-0.08115763447485524,1.0684069779205634
2022-09-02,0.9593813292523647,-0.0638297872340425,11.0,22.0,14.0,47.0,0.2340425531914893,0.4680851063829787,0.2978723404255319,0.6524179943064425,-0.06382978723404259,3.871201010907891,0.23314640960460353,-0.2864579460612415,1.0097100930080563
2022-09-03,0.8322685233184269,0.0,3.0,1.0,3.0,7.0,0.4285714285714285,0.1428571428571428,0.4285714285714285,0.5825879663228988,0.0,2.0794415416798357,-0.07887529832874245,-0.08115763447485524,-0.3042222115452213
2022-09-04,0.9703511297702788,0.0,0.0,2.0,0.0,2.0,0.0,1.0,0.0,0.6792457908391951,0.0,1.0986122886681098,0.3530211273436605,-0.08115763447485524,-1.0234835091222876
2022-09-05,0.9057842450482504,0.2857142857142857,7.0,4.0,3.0,14.0,0.5,0.2857142857142857,0.2142857142857142,0.719763257248061,0.2857142857142858,2.70805020110221,0.5340654350017587,0.8378056650070639,0.15674882766063303
2022-09-06,0.9493388547138736,0.1590909090909091,16.0,19.0,9.0,44.0,0.3636363636363636,0.4318181818181818,0.2045454545454545,0.7122644710269842,0.1590909090909091,3.8066624897703196,0.5005585877085166,0.43053783910030413,0.9623827316813243
2022-09-07,0.947658082534527,-0.2068965517241379,13.0,20.0,25.0,58.0,0.2241379310344827,0.3448275862068966,0.4310344827586206,0.6012916922569275,-0.2068965517241379,4.07753744390572,0.004698612196227714,-0.7466138168583136,1.161020639751779
2022-09-08,0.909951958884584,0.2553191489361702,18.0,23.0,6.0,47.0,0.3829787234042553,0.4893617021276595,0.1276595744680851,0.7135621159000598,0.25531914893617025,3.871201010907891,0.5063568578980032,0.7400436118706895,1.0097100930080563
2022-09-09,0.953982236760634,0.0925925925925925,19.0,21.0,14.0,54.0,0.3518518518518518,0.3888888888888889,0.2592592592592592,0.6955653435102216,0.09259259259259262,4.007333185232471,0.4259418298575114,0.21665454591280375,1.109538482145135
2022-09-10,0.7377712577581406,-0.5,0.0,1.0,1.0,2.0,0.0,0.5,0.5,0.3664398804306983,-0.5,1.0986122886681098,-1.0446903906913236,-1.6893434085682133,-1.0234835091222876
2022-09-11,0.931867018342018,-0.375,1.0,3.0,4.0,8.0,0.125,0.375,0.5,0.5398069128394125,-0.375,2.1972245773362196,-0.27003399839758613,-1.2872969650448738,-0.2178496051015963
2022-09-12,0.9643961678851736,-0.0363636363636363,13.0,27.0,15.0,55.0,0.2363636363636363,0.4909090909090909,0.2727272727272727,0.6641682266105305,-0.036363636363636404,4.02535169073515,0.285650005235399,-0.19811659986346322,1.1227518050639418
2022-09-13,0.9141130354560788,-0.081967213114754,14.0,28.0,19.0,61.0,0.2295081967213114,0.4590163934426229,0.3114754098360656,0.615288960884829,-0.08196721311475419,4.127134385045092,0.06724264647198244,-0.34479464662130765,1.1973910478836944
2022-09-14,0.91940683963006,-0.2280701754385964,9.0,26.0,22.0,57.0,0.1578947368421052,0.4561403508771929,0.3859649122807017,0.5751637351094631,-0.22807017543859648,4.060443010546419,-0.11204901127432776,-0.8147160577455098,1.148484957030652
2022-09-15,0.907364630385449,0.175438596491228,23.0,21.0,13.0,57.0,0.4035087719298245,0.3684210526315789,0.2280701754385964,0.6877868202171826,0.1754385964912281,4.060443010546419,0.39118503262888504,0.48311807573334065,1.148484957030652
2022-09-16,0.9096956539154052,-0.24,10.0,18.0,22.0,50.0,0.2,0.36,0.44,0.5647869577407837,-0.24,3.9318256327243257,-0.15841559440361488,-0.8530868060396671,1.054167315321639
2022-09-17,0.9875363111495972,0.5,2.0,2.0,0.0,4.0,0.5,0.5,0.0,0.841275417804718,0.5,1.6094379124341003,1.0770185594154287,1.5270281396185026,-0.6488850763600583
2022-09-18,0.9997788866360984,-0.6666666666666666,0.0,1.0,2.0,3.0,0.0,0.3333333333333333,0.6666666666666666,0.4998452206452688,-0.6666666666666666,1.3862943611198906,-0.44859493858884336,-2.225405333265999,-0.8125206120778071
2022-09-19,0.9626431907926288,-0.2142857142857142,17.0,21.0,32.0,70.0,0.2428571428571428,0.3,0.4571428571428571,0.6095645192691259,-0.21428571428571427,4.2626798770413155,0.04166410810568936,-0.7703801090862943,1.2967892113811286
2022-09-20,0.9340354121964554,-0.0517241379310344,12.0,31.0,15.0,58.0,0.2068965517241379,0.5344827586206896,0.2586206896551724,0.6383075471582084,-0.051724137931034475,4.07753744390572,0.17009665943218774,-0.2475216800707198,1.161020639751779
2022-09-21,0.923802241217345,-0.046875,17.0,27.0,20.0,64.0,0.265625,0.421875,0.3125,0.6325990688521415,-0.046875,4.174387269895637,0.14458944996666662,-0.23192505079610753,1.2320425136383117
2022-09-22,0.953857496380806,-0.2333333333333333,12.0,22.0,26.0,60.0,0.2,0.3666666666666666,0.4333333333333333,0.5977002474665641,-0.23333333333333328,4.110873864173311,-0.011349050532785768,-0.8316443290517556,1.1854668895191234
2022-09-23,0.9495438933372498,-0.2142857142857142,8.0,17.0,17.0,42.0,0.1904761904761904,0.4047619047619047,0.4047619047619047,0.6003950110503605,-0.2142857142857143,3.7612001156935624,0.0006919690711428374,-0.7703801090862944,0.9290442825384422
2022-09-24,0.986009786526362,0.0,2.0,2.0,2.0,6.0,0.3333333333333333,0.3333333333333333,0.3333333333333333,0.6902068505684533,0.0,1.9459101490553132,0.4019984609670774,-0.08115763447485524,-0.40214339653381637
2022-09-25,0.9155586361885072,-0.6666666666666666,0.0,1.0,2.0,3.0,0.0,0.3333333333333333,0.6666666666666666,0.440891045331955,-0.6666666666666666,1.3862943611198906,-0.7120200438372197,-2.225405333265999,-0.8125206120778071
2022-09-26,0.8993740791082382,-0.18,11.0,19.0,20.0,50.0,0.22,0.38,0.4,0.5755618553757667,-0.18000000000000002,3.9318256327243257,-0.11027008938295747,-0.6601045131484642,1.054167315321639
2022-09-27,0.9544494946797688,0.0357142857142857,27.0,33.0,24.0,84.0,0.3214285714285714,0.3928571428571428,0.2857142857142857,0.6788289319901238,0.0357142857142857,4.442651256490317,0.3511584757908786,0.03371277796038457,1.4287657480838687
2022-09-28,0.929083593867042,-0.0681818181818181,14.0,13.0,17.0,44.0,0.3181818181818182,0.2954545454545454,0.3863636363636363,0.629903970252384,-0.06818181818181812,3.8066624897703196,0.13254693340998888,-0.30045569457849475,0.9623827316813243
2022-09-29,0.9217135073698084,-0.0760869565217391,24.0,37.0,31.0,92.0,0.2608695652173913,0.4021739130434782,0.3369565217391304,0.622373368202344,-0.07608695652173908,4.532599493153256,0.09889792335984879,-0.32588155661949647,1.4947265513718
2022-09-30,0.9332586464381988,-0.3387096774193548,8.0,25.0,29.0,62.0,0.1290322580645161,0.4032258064516129,0.4677419354838709,0.5516681492809327,-0.33870967741935476,4.143134726391533,-0.2170344026712815,-1.1705738040219686,1.209124411507566
2022-10-01,0.9651206508278848,-0.375,1.0,3.0,4.0,8.0,0.125,0.375,0.5,0.5630844555795194,-0.375,2.1972245773362196,-0.1660228895380676,-1.2872969650448738,-0.2178496051015963
2022-10-02,0.9416248500347136,-0.5,0.0,2.0,2.0,4.0,0.0,0.5,0.5,0.5091373950242994,-0.5,1.6094379124341003,-0.407074690009781,-1.6893434085682133,-0.6488850763600583
2022-10-03,0.926717037404025,0.0,17.0,20.0,17.0,54.0,0.3148148148148148,0.3703703703703703,0.3148148148148148,0.6487019261828174,0.0,4.007333185232471,0.2165418920895393,-0.08115763447485524,1.109538482145135
2022-10-04,0.9394271218776704,0.12,18.0,20.0,12.0,50.0,0.36,0.4,0.24,0.6935989853143693,0.12,3.9318256327243257,0.4171555460710697,0.3048069513075507,1.054167315321639
2022-10-05,0.9690643712878227,0.225,15.0,19.0,6.0,40.0,0.375,0.475,0.15,0.7458450599014759,0.225,3.713572066704308,0.6506068262183972,0.6425259638671559,0.8941177015745426
2022-10-06,0.9301507560218252,-0.024390243902439,12.0,16.0,13.0,41.0,0.2926829268292683,0.3902439024390244,0.3170731707317073,0.6437884560445458,-0.024390243902439046,3.7376696182833684,0.19458701982764806,-0.1596057210159947,0.911788908019461
2022-10-07,0.9435162238585644,-0.0769230769230769,11.0,14.0,14.0,39.0,0.282051282051282,0.358974358974359,0.358974358974359,0.6373844336240719,-0.07692307692307698,3.6888794541139363,0.16597190866443043,-0.3285708304892182,0.8760101252376995
2022-10-08,0.973684310913086,-0.2,1.0,2.0,2.0,5.0,0.2,0.4,0.4,0.6215790176391602,-0.2,1.791759469228055,0.09534852453273066,-0.7244319441121985,-0.5151851085897018
2022-10-09,0.9225124631609236,0.2857142857142857,3.0,3.0,1.0,7.0,0.4285714285714285,0.4285714285714285,0.1428571428571428,0.7314730099269322,0.2857142857142857,2.0794415416798357,0.5863881554107997,0.8378056650070635,-0.3042222115452213
2022-10-10,0.9496706876348942,0.1276595744680851,16.0,21.0,10.0,47.0,0.3404255319148936,0.4468085106382978,0.2127659574468085,0.7030673536848513,0.1276595744680851,3.871201010907891,0.45946308275136577,0.329442988697917,1.0097100930080563
2022-10-11,0.9434425592422484,-0.1,9.0,27.0,14.0,50.0,0.18,0.54,0.28,0.6304097914695738,-0.10000000000000003,3.9318256327243257,0.1348070957592532,-0.4027947892935269,1.054167315321639
2022-10-12,0.9206796306021072,0.0441176470588235,18.0,35.0,15.0,68.0,0.2647058823529412,0.5147058823529411,0.2205882352941176,0.657711035539122,0.04411764705882357,4.23410650459726,0.2567973204415787,0.060741110298088236,1.275835797851548
2022-10-13,0.943435548381372,-0.106060606060606,12.0,35.0,19.0,66.0,0.1818181818181818,0.5303030303030303,0.2878787878787879,0.6285867020487786,-0.1060606060606061,4.204692619390966,0.12666098023820885,-0.4222879501916283,1.2542660198547155
2022-10-14,0.9532938053210576,-0.0416666666666666,12.0,22.0,14.0,48.0,0.25,0.4583333333333333,0.2916666666666667,0.6548056637247403,-0.041666666666666685,3.8918202981106265,0.2438152394961373,-0.21517311564930178,1.0248306200753463
2022-10-15,0.996163010597229,0.0,2.0,0.0,2.0,4.0,0.5,0.0,0.5,0.6973141074180602,0.0,1.6094379124341003,0.43375583648263527,-0.08115763447485524,-0.6488850763600583
2022-10-16,0.908225689615522,-0.2857142857142857,2.0,1.0,4.0,7.0,0.2857142857142857,0.1428571428571428,0.5714285714285714,0.5500436970165796,-0.2857142857142857,2.0794415416798357,-0.22429294723464718,-1.000120933956774,-0.3042222115452213
2022-10-17,0.9279425109134,0.1568627450980392,17.0,25.0,9.0,51.0,0.3333333333333333,0.4901960784313725,0.1764705882352941,0.6966185811687917,0.1568627450980392,3.9512437185814275,0.43064801461178664,0.42337123582894337,1.0684069779205634
2022-10-18,0.9390841921170552,-0.0714285714285714,11.0,17.0,14.0,42.0,0.2619047619047619,0.4047619047619047,0.3333333333333333,0.6359303630533671,-0.0714285714285714,3.7612001156935624,0.15947468109588578,-0.31089845934533483,0.9290442825384422
2022-10-19,0.9289016949407982,-0.1818181818181818,14.0,26.0,26.0,66.0,0.2121212121212121,0.3939393939393939,0.3939393939393939,0.5956857319131041,-0.18181818181818182,4.204692619390966,-0.02035051597394251,-0.6659524614178945,1.2542660198547155
2022-10-20,0.9359385015671712,-0.2280701754385964,7.0,30.0,20.0,57.0,0.1228070175438596,0.5263157894736842,0.3508771929824561,0.5867358984654408,-0.22807017543859653,4.060443010546419,-0.06034108161881075,-0.8147160577455099,1.148484957030652
2022-10-21,0.930569724738598,-0.3,9.0,10.0,21.0,40.0,0.225,0.25,0.525,0.5613988073170186,-0.30000000000000004,3.713572066704308,-0.1735548763498773,-1.0460690989308703,0.8941177015745426
2022-10-22,0.9286802013715107,-0.3333333333333333,1.0,2.0,3.0,6.0,0.1666666666666666,0.3333333333333333,0.5,0.5500761409600575,-0.33333333333333337,1.9459101490553132,-0.22414797787191898,-1.1532814838704275,-0.40214339653381637
2022-10-23,0.9880387187004088,0.3333333333333333,3.0,2.0,1.0,6.0,0.5,0.3333333333333333,0.1666666666666666,0.7916271030902862,0.33333333333333337,1.9459101490553132,0.8551748569202783,0.9909662149207168,-0.40214339653381637
2022-10-24,0.929788302434118,0.0350877192982456,15.0,29.0,13.0,57.0,0.2631578947368421,0.5087719298245614,0.2280701754385964,0.6613781274933563,0.035087719298245695,4.060443010546419,0.2731829976029636,0.03169750756678418,1.148484957030652
2022-10-25,0.9464824398358664,0.1527777777777778,20.0,43.0,9.0,72.0,0.2777777777777778,0.5972222222222222,0.125,0.7083710412184399,0.1527777777777778,4.290459441148391,0.4831615644842542,0.410232463164782,1.317160509713053
2022-10-26,0.9570700845248262,0.0704225352112676,25.0,26.0,20.0,71.0,0.352112676056338,0.3661971830985915,0.2816901408450704,0.6910758197307586,0.07042253521126762,4.276666119016055,0.4058812782878409,0.14534740412984312,1.3070455964961614
2022-10-27,0.8990812962469847,-0.0652173913043478,12.0,19.0,15.0,46.0,0.2608695652173913,0.4130434782608695,0.3260869565217391,0.609791689981585,-0.06521739130434778,3.8501476017100584,0.04267917563094665,-0.2909209963131192,0.9942712157808973
2022-10-28,0.9442586887765814,-0.0555555555555555,18.0,15.0,21.0,54.0,0.3333333333333333,0.2777777777777778,0.3888888888888889,0.6443144154769403,-0.05555555555555558,4.007333185232471,0.19693716581982879,-0.2598449427074506,1.109538482145135
2022-10-29,0.9974931819098336,0.4285714285714285,4.0,2.0,1.0,7.0,0.5714285714285714,0.2857142857142857,0.1428571428571428,0.826816655908312,0.4285714285714286,2.0794415416798357,1.0124124334866036,1.297287314748023,-0.3042222115452213
2022-10-30,0.9115565021832784,0.0,1.0,4.0,1.0,6.0,0.1666666666666666,0.6666666666666666,0.1666666666666666,0.6380895515282948,0.0,1.9459101490553132,0.1691225889537446,-0.08115763447485524,-0.40214339653381637
2022-10-31,0.9410438074005976,0.1111111111111111,19.0,22.0,13.0,54.0,0.3518518518518518,0.4074074074074074,0.2407407407407407,0.6920639985137516,0.1111111111111111,4.007333185232471,0.4102967602877281,0.27621698199033545,1.109538482145135
2022-11-01,0.9479280726114908,0.04,18.0,42.0,15.0,75.0,0.24,0.56,0.2,0.6755496508280435,0.03999999999999998,4.330733340286331,0.3365056546688954,0.04749722745261334,1.3466941485839323
2022-11-02,0.9615755833330608,0.0238095238095238,24.0,38.0,22.0,84.0,0.2857142857142857,0.4523809523809524,0.2619047619047619,0.6802457654759997,0.02380952380952378,4.442651256490317,0.3574893167898872,-0.00457735951802876,1.4287657480838687
2022-11-03,0.96115065852801,-0.1733333333333333,13.0,36.0,26.0,75.0,0.1733333333333333,0.48,0.3466666666666667,0.620805460969607,-0.17333333333333337,4.330733340286331,0.09189203911825941,-0.6386620361605527,1.3466941485839323
2022-11-04,0.9148726838827134,-0.03,23.0,51.0,26.0,100.0,0.23,0.51,0.26,0.6314108787178994,-0.03,4.61512051684126,0.1392802566906287,-0.17764878092045672,1.555240833947456
2022-11-05,0.941454814030574,0.1153846153846153,6.0,17.0,3.0,26.0,0.2307692307692307,0.6538461538461539,0.1153846153846153,0.6936337544367863,0.1153846153846154,3.295836866004329,0.417310905037308,0.28996215954668897,0.5877842989190949
2022-11-06,0.9274717807769776,-0.2285714285714285,2.0,23.0,10.0,35.0,0.0571428571428571,0.6571428571428571,0.2857142857142857,0.5806588179724558,-0.2285714285714286,3.58351893845611,-0.08749531725962237,-0.8163282740603904,0.7987471959635755
2022-11-07,0.9264712944263364,-0.0975609756097561,16.0,42.0,24.0,82.0,0.1951219512195122,0.5121951219512195,0.2926829268292683,0.6192616134155086,-0.09756097560975607,4.418840607796598,0.08499366080553657,-0.3949499806394128,1.4113049331428293
2022-11-08,0.9460178278805164,-0.3820224719101123,11.0,33.0,45.0,89.0,0.1235955056179775,0.3707865168539326,0.5056179775280899,0.5476057379433277,-0.3820224719101124,4.499809670330265,-0.23518648653105043,-1.3098838438944997,1.4706811322139102
2022-11-09,0.932281455519248,-0.3877551020408163,14.0,32.0,52.0,98.0,0.1428571428571428,0.3265306122448979,0.5306122448979592,0.5362704882512287,-0.3877551020408164,4.59511985013459,-0.28583581420442833,-1.328322112343174,1.5405739534035965
2022-11-10,0.9213260712998884,-0.2592592592592592,23.0,34.0,51.0,108.0,0.2129629629629629,0.3148148148148148,0.4722222222222222,0.5671504721321441,-0.2592592592592593,4.6913478822291435,-0.14785469648601549,-0.9150317395603004,1.6111398536508528
2022-11-11,0.9352404032785868,-0.1030927835051546,27.0,33.0,37.0,97.0,0.2783505154639175,0.3402061855670103,0.3814432989690721,0.6237404472434643,-0.1030927835051546,4.584967478670572,0.10500644643520496,-0.41274233016420725,1.5331290206079327
2022-11-12,0.8825054280459881,-0.125,4.0,6.0,6.0,16.0,0.25,0.375,0.375,0.5802537996321916,-0.125,2.833213344056216,-0.0893050618340244,-0.4832040779981947,0.24853341130094786
2022-11-13,0.918194544315338,-0.3,2.0,10.0,8.0,20.0,0.1,0.5,0.4,0.5527361810207366,-0.30000000000000004,3.044522437723423,-0.21226211348275087,-1.0460690989308703,0.403490507486875
2022-11-14,0.9168757617983044,-0.3846153846153846,16.0,40.0,61.0,117.0,0.1367521367521367,0.3418803418803419,0.5213675213675214,0.5264284178741978,-0.3846153846153847,4.770684624465665,-0.3298131645982313,-1.3182236145466695,1.6693190402843652
2022-11-15,0.9158741461379188,0.0571428571428571,24.0,26.0,20.0,70.0,0.3428571428571428,0.3714285714285714,0.2857142857142857,0.6582547594394003,0.057142857142857106,4.2626798770413155,0.2592268434549302,0.10263502542152841,1.2967892113811286
2022-11-16,0.93938937577708,-0.396551724137931,8.0,19.0,31.0,58.0,0.1379310344827586,0.3275862068965517,0.5344827586206896,0.5386070458025767,-0.39655172413793105,4.07753744390572,-0.2753953676099065,-1.356615317376484,1.161020639751779
2022-11-17,0.9645552877066792,-0.3188405797101449,12.0,23.0,34.0,69.0,0.1739130434782608,0.3333333333333333,0.4927536231884058,0.5795365274816319,-0.318840579710145,4.248495242049359,-0.09251005097599367,-1.1066674034619244,1.2863873407816906
2022-11-18,0.9573496989905834,0.0833333333333333,16.0,20.0,12.0,48.0,0.3333333333333333,0.4166666666666667,0.25,0.6951447892934084,0.08333333333333331,3.8918202981106265,0.4240626662827875,0.1868733278740377,1.0248306200753463
2022-11-19,0.9497562885284424,-0.4,1.0,7.0,7.0,15.0,0.0666666666666666,0.4666666666666667,0.4666666666666667,0.5448294019699097,-0.4000000000000001,2.772588722239781,-0.2475919962700242,-1.367706253749542,0.20407618898736474
2022-11-20,0.9487220644950868,-0.4444444444444444,0.0,5.0,4.0,9.0,0.0,0.5555555555555556,0.4444444444444444,0.5307721118132274,-0.4444444444444444,2.302585092994046,-0.3104042249094899,-1.5106561003356178,-0.14058667582747214
2022-11-21,0.9588504943155474,-0.4516129032258064,4.0,26.0,32.0,62.0,0.064516129032258,0.4193548387096774,0.5161290322580645,0.5357114750531412,-0.4516129032258065,4.143134726391533,-0.2883336544296341,-1.5337125272043401,1.209124411507566
2022-11-22,0.9464355474337935,-0.21875,13.0,24.0,27.0,64.0,0.203125,0.375,0.421875,0.5968798832036554,-0.21875,4.174387269895637,-0.015014686446616375,-0.7847389106406993,1.2320425136383117
2022-11-23,0.9383612601987776,0.0483870967741935,15.0,35.0,12.0,62.0,0.2419354838709677,0.5645161290322581,0.1935483870967742,0.6713690111714024,0.048387096774193505,4.143134726391533,0.31782529088289685,0.07447324688901798,1.209124411507566
2022-11-24,0.9309033919125796,-0.0625,5.0,20.0,7.0,32.0,0.15625,0.625,0.21875,0.6328823743388057,-0.0625,3.4965075614664802,0.1458553446593723,-0.28218085623652495,0.7349400493829054
2022-11-25,0.9298159931645248,0.0303030303030303,7.0,20.0,6.0,33.0,0.2121212121212121,0.6060606060606061,0.1818181818181818,0.6599621043060764,0.030303030303030304,3.5263605246161616,0.2668557772634209,0.01630817001565131,0.7568318118335339
2022-11-26,0.8793693610600063,-0.4285714285714285,1.0,2.0,4.0,7.0,0.1428571428571428,0.2857142857142857,0.5714285714285714,0.48698712417057577,-0.4285714285714286,2.0794415416798357,-0.5060488067693192,-1.4596025836977338,-0.3042222115452213
2022-11-27,0.9906771845287748,0.0,1.0,7.0,1.0,9.0,0.1111111111111111,0.7777777777777778,0.1111111111111111,0.6934740291701423,0.0,2.302585092994046,0.4165972041848594,-0.08115763447485524,-0.14058667582747214
2022-11-28,0.9107221934879036,-0.1403508771929824,12.0,25.0,20.0,57.0,0.2105263157894736,0.4385964912280701,0.3508771929824561,0.5954002722836378,-0.14035087719298253,4.060443010546419,-0.021626036028912308,-0.5325782026414121,1.148484957030652
2022-11-29,0.955577014522119,0.0454545454545454,14.0,18.0,12.0,44.0,0.3181818181818182,0.4090909090909091,0.2727272727272727,0.6825402738018469,0.04545454545454547,3.8066624897703196,0.3677418747133474,0.06504107226090462,0.9623827316813243
2022-11-30,0.9477790500968696,-0.140625,13.0,29.0,22.0,64.0,0.203125,0.453125,0.34375,0.6212578350678086,-0.140625,4.174387269895637,0.0939133835573444,-0.5334598834386122,1.2320425136383117
2022-12-01,0.9060451169224346,0.0,7.0,20.0,7.0,34.0,0.2058823529411764,0.5882352941176471,0.2058823529411764,0.6342315818457042,0.0,3.5553480614894135,0.15188401230874182,-0.08115763447485524,0.7780889402491042
2022-12-02,0.9364095091819764,-0.2,7.0,18.0,15.0,40.0,0.175,0.45,0.375,0.5954866564273835,-0.2,3.713572066704308,-0.02124004551955357,-0.7244319441121985,0.8941177015745426
2022-12-03,0.9229498356580734,0.125,3.0,3.0,2.0,8.0,0.375,0.375,0.25,0.6835648849606514,0.125,2.1972245773362196,0.3723201475992337,0.32088880904848427,-0.2178496051015963
2022-12-04,0.917050451040268,-0.25,0.0,3.0,1.0,4.0,0.0,0.75,0.25,0.5669353157281877,-0.25,1.6094379124341003,-0.14881608044323086,-0.8852505215215343,-0.6488850763600583
2022-12-05,0.9357324726176712,0.1132075471698113,16.0,27.0,10.0,53.0,0.3018867924528302,0.5094339622641509,0.1886792452830188,0.6889749949833132,0.11320754716981138,3.9889840465642745,0.39649415723554743,0.28295989928213167,1.096082699451681
2022-12-06,0.939939999809632,-0.25,4.0,31.0,17.0,52.0,0.0769230769230769,0.5961538461538461,0.3269230769230769,0.5829579998667425,-0.25,3.970291913552122,-0.07722187641732715,-0.8852505215215343,1.082375392289378
2022-12-07,0.9460013534711756,-0.108695652173913,7.0,27.0,12.0,46.0,0.1521739130434782,0.5869565217391305,0.2608695652173913,0.629592251777649,-0.10869565217391311,3.8501476017100584,0.13115408088379327,-0.4307632375386289,0.9942712157808973
2022-12-08,0.9047276603209006,0.1891891891891892,13.0,18.0,6.0,37.0,0.3513513513513513,0.4864864864864865,0.1621621621621621,0.6900661189813871,0.18918918918918923,3.6375861597263857,0.4013696296258254,0.5273450908577668,0.8383957480513464
2022-12-09,0.947290396079039,-0.0512820512820512,7.0,23.0,9.0,39.0,0.1794871794871795,0.5897435897435898,0.2307692307692307,0.6477186618707119,-0.05128205128205121,3.6888794541139363,0.21214836943356438,-0.24609976515109683,0.8760101252376995
2022-12-10,0.9882408976554872,-1.0,0.0,0.0,1.0,1.0,0.0,0.0,1.0,0.391768628358841,-1.0,0.6931471805599453,-0.9315138759945983,-3.297529182661571,-1.320819012610393
2022-12-11,0.9263939062754312,0.4444444444444444,4.0,5.0,0.0,9.0,0.4444444444444444,0.5555555555555556,0.0,0.7818090677261351,0.4444444444444444,2.302585092994046,0.8113049022412635,1.3483408313859073,-0.14058667582747214
2022-12-12,0.938758378991714,-0.0576923076923076,14.0,21.0,17.0,52.0,0.2692307692307692,0.4038461538461538,0.3269230769230769,0.6398231729865075,-0.05769230769230771,3.970291913552122,0.17686893452915933,-0.2667175314856273,1.082375392289378
2022-12-13,0.9363340552647909,-0.0266666666666666,20.0,33.0,22.0,75.0,0.2666666666666666,0.44,0.2933333333333333,0.6474338386853535,-0.026666666666666672,4.330733340286331,0.21087569320356944,-0.166927542426501,1.3466941485839323
2022-12-14,0.9205575656082672,-0.1694915254237288,13.0,23.0,23.0,59.0,0.2203389830508474,0.3898305084745763,0.3898305084745763,0.5935428382986684,-0.1694915254237289,4.0943445622221,-0.02992561346141991,-0.6263053545065023,1.1733456287258048
2022-12-15,0.9487944158415,-0.0416666666666666,11.0,24.0,13.0,48.0,0.2291666666666666,0.5,0.2708333333333333,0.65165609108905,-0.04166666666666671,3.8918202981106265,0.22974199534277964,-0.21517311564930186,1.0248306200753463
2022-12-16,0.9369809335850656,-0.2978723404255319,10.0,13.0,24.0,47.0,0.2127659574468085,0.2765957446808511,0.5106382978723404,0.5665249513818863,-0.2978723404255319,3.871201010907891,-0.1506497125912529,-1.0392257552113238,1.0097100930080563
2022-12-17,0.7915454268455505,-0.2,1.0,2.0,2.0,5.0,0.2,0.4,0.4,0.49408179879188535,-0.2,1.791759469228055,-0.47434765245939875,-0.7244319441121985,-0.5151851085897018
2022-12-18,0.93405020236969,0.3333333333333333,2.0,4.0,0.0,6.0,0.3333333333333333,0.6666666666666666,0.0,0.753835141658783,0.3333333333333333,1.9459101490553132,0.6863089307203394,0.9909662149207167,-0.40214339653381637
2022-12-19,0.8918530453335155,-0.0681818181818181,14.0,13.0,17.0,44.0,0.3181818181818182,0.2954545454545454,0.3863636363636363,0.6038425862789154,-0.06818181818181812,3.8066624897703196,0.01609677903765028,-0.30045569457849475,0.9623827316813243
2022-12-20,0.9257589948177336,-0.1,11.0,23.0,16.0,50.0,0.22,0.46,0.32,0.6180312963724135,-0.1,3.9318256327243257,0.07949623174569868,-0.40279478929352686,1.054167315321639
2022-12-21,0.9365804541110992,-0.06,11.0,25.0,14.0,50.0,0.22,0.5,0.28,0.6376063178777694,-0.060000000000000026,3.9318256327243257,0.1669633546913249,-0.27413992736605824,1.054167315321639
2022-12-22,0.9458184896730908,-0.2549019607843137,6.0,26.0,19.0,51.0,0.1176470588235294,0.5098039215686274,0.3725490196078431,0.5856023545358694,-0.2549019607843137,3.9512437185814275,-0.06540609910678465,-0.901017048718528,1.0684069779205634
2022-12-23,0.9873049755891165,0.0416666666666666,7.0,11.0,6.0,24.0,0.2916666666666667,0.4583333333333333,0.25,0.7036134829123815,0.041666666666666685,3.2188758248682006,0.4619033534951558,0.05285784669959132,0.5313472604228624
2022-12-24,0.8915397199717435,-0.4545454545454545,2.0,2.0,7.0,11.0,0.1818181818181818,0.1818181818181818,0.6363636363636364,0.48771416761658404,-0.4545454545454546,2.4849066497880004,-0.5028001565207656,-1.5431447018324536,-0.006886708057115773
2022-12-25,0.967963026629554,0.2222222222222222,2.0,7.0,0.0,9.0,0.2222222222222222,0.7777777777777778,0.0,0.7442407853073544,0.2222222222222222,2.302585092994046,0.6434384415949537,0.633591598455526,-0.14058667582747214
2022-12-26,0.908468527926339,-0.0555555555555555,5.0,7.0,6.0,18.0,0.2777777777777778,0.3888888888888889,0.3333333333333333,0.6192613028817707,-0.055555555555555525,2.9444389791664403,0.08499227324677355,-0.25984494270745045,0.33009734751876035
2022-12-27,0.9176579602062702,-0.15625,7.0,13.0,12.0,32.0,0.21875,0.40625,0.375,0.5954855721443891,-0.15625,3.4965075614664802,-0.021244890424268092,-0.5837156888790296,0.7349400493829054
2022-12-28,0.9800976530501716,-0.2368421052631578,6.0,17.0,15.0,38.0,0.1578947368421052,0.4473684210526316,0.3947368421052631,0.6150157255561727,-0.2368421052631579,3.6635616461296463,0.06602174829426495,-0.8429298432559197,0.8574440808760825
2022-12-29,0.9283896592947152,-0.2564102564102564,6.0,17.0,16.0,39.0,0.1538461538461538,0.4358974358974359,0.4102564102564102,0.5729496845832237,-0.2564102564102564,3.6888794541139363,-0.12194205938839595,-0.9058682878560644,0.8760101252376995
2022-12-30,0.961934568360448,-0.21875,8.0,9.0,15.0,32.0,0.25,0.28125,0.46875,0.6077291978523135,-0.21875,3.4965075614664802,0.03346333632287677,-0.7847389106406993,0.7349400493829054
2022-12-31,0.964489425931658,-0.7142857142857143,0.0,2.0,5.0,7.0,0.0,0.2857142857142857,0.7142857142857143,0.4608568838664463,-0.7142857142857143,2.0794415416798357,-0.6228066320751406,-2.3785658831796526,-0.3042222115452213
2023-01-01,0.9939095973968506,-1.0,0.0,0.0,2.0,2.0,0.0,0.0,1.0,0.3957367181777954,-1.0,1.0986122886681098,-0.9137832492385151,-3.297529182661571,-1.0234835091222876
2023-01-02,0.949733463200656,-0.1818181818181818,3.0,3.0,5.0,11.0,0.2727272727272727,0.2727272727272727,0.4545454545454545,0.6102679696950046,-0.18181818181818177,2.4849066497880004,0.044807337596888215,-0.6659524614178943,-0.006886708057115773
2023-01-03,0.9309396708712858,0.088235294117647,12.0,13.0,9.0,34.0,0.3529411764705882,0.3823529411764705,0.2647058823529412,0.6781283578451942,0.08823529411764702,3.5553480614894135,0.348028098393831,0.20263985507103138,0.7780889402491042
2023-01-04,0.9266051650047302,-0.119047619047619,10.0,17.0,15.0,42.0,0.238095238095238,0.4047619047619047,0.3571428571428571,0.6129093297890255,-0.1190476190476191,3.7612001156935624,0.05660973423916917,-0.46405900925898824,0.9290442825384422
2023-01-05,0.9195632906187148,-0.2857142857142857,7.0,16.0,19.0,42.0,0.1666666666666666,0.3809523809523809,0.4523809523809524,0.5579800177188146,-0.2857142857142858,3.7612001156935624,-0.18883106340436023,-1.0001209339567745,0.9290442825384422
2023-01-06,0.9352896737329888,-0.2424242424242424,5.0,15.0,13.0,33.0,0.1515151515151515,0.4545454545454545,0.3939393939393939,0.5819754988858193,-0.24242424242424243,3.5263605246161616,-0.08161198827846035,-0.8608840703989077,0.7568318118335339
2023-01-07,0.9508461952209472,0.0,3.0,1.0,3.0,7.0,0.4285714285714285,0.1428571428571428,0.4285714285714285,0.665592336654663,0.0,2.0794415416798357,0.29201336009987017,-0.08115763447485524,-0.3042222115452213
2023-01-08,0.96287473042806,-0.3333333333333333,0.0,4.0,2.0,6.0,0.0,0.6666666666666666,0.3333333333333333,0.574012311299642,-0.3333333333333333,1.9459101490553132,-0.11719392148086732,-1.1532814838704273,-0.40214339653381637
2023-01-09,0.9337469553336118,0.0512820512820512,9.0,23.0,7.0,39.0,0.2307692307692307,0.5897435897435898,0.1794871794871795,0.6690074841181436,0.05128205128205121,3.6888794541139363,0.3072732729936552,0.08378449620138638,0.8760101252376995
2023-01-10,0.911163505970263,0.1372549019607843,17.0,24.0,10.0,51.0,0.3333333333333333,0.4705882352941176,0.196078431372549,0.6789909247674193,0.13725490196078433,3.9512437185814275,0.3518823085674673,0.36030512704096856,1.0684069779205634
2023-01-11,0.9583460931875268,0.1224489795918367,15.0,25.0,9.0,49.0,0.3061224489795918,0.5102040816326531,0.1836734693877551,0.7075769591088198,0.12244897959183668,3.912023005428146,0.47961336518894016,0.3126837795888241,1.0396456609554483
2023-01-12,0.959460106988748,0.0333333333333333,20.0,22.0,18.0,60.0,0.3333333333333333,0.3666666666666666,0.3,0.6816220748921236,0.033333333333333326,4.110873864173311,0.36363908397550143,0.026054750464701938,1.1854668895191234
2023-01-13,0.9343956065448848,0.25,20.0,15.0,9.0,44.0,0.4545454545454545,0.3409090909090909,0.2045454545454545,0.7290769245814193,0.24999999999999997,3.8066624897703196,0.5756817206083219,0.7229352525718237,0.9623827316813243
2023-01-14,0.9470480510166712,0.7142857142857143,11.0,2.0,1.0,14.0,0.7857142857142857,0.1428571428571428,0.0714285714285714,0.8772193499973842,0.7142857142857143,2.70805020110221,1.2376269314361168,2.216250614229942,0.15674882766063303
2023-01-15,0.9819253285725912,0.1666666666666666,2.0,3.0,1.0,6.0,0.3333333333333333,0.5,0.1666666666666666,0.7373477300008138,0.1666666666666667,1.9459101490553132,0.6126381834290444,0.45490429022293094,-0.40214339653381637
2023-01-16,0.9527289722416852,0.3783783783783784,20.0,11.0,6.0,37.0,0.5405405405405406,0.2972972972972973,0.1621621621621621,0.780423794082693,0.3783783783783785,3.6375861597263857,0.8051150801738326,1.135847816190389,0.8383957480513464
2023-01-17,0.933313331566751,0.1875,28.0,20.0,16.0,64.0,0.4375,0.3125,0.25,0.7095693320967257,0.1875,4.174387269895637,0.48851589094294906,0.521912030810154,1.2320425136383117
2023-01-18,0.927661431214166,-0.0634920634920634,18.0,23.0,22.0,63.0,0.2857142857142857,0.365079365079365,0.3492063492063492,0.6303153828022972,-0.06349206349206349,4.1588830833596715,0.13438524924912004,-0.28537170102639275,1.2206729900525364
2023-01-19,0.9372963847652558,-0.064516129032258,15.0,28.0,19.0,62.0,0.2419354838709677,0.4516129032258064,0.3064516129032258,0.6367526306260016,-0.06451612903225812,4.143134726391533,0.16314882157384866,-0.2886654762933532,1.209124411507566
2023-01-20,0.9402732175329456,0.0,11.0,24.0,11.0,46.0,0.2391304347826087,0.5217391304347826,0.2391304347826087,0.6581912522730619,0.0,3.8501476017100584,0.2589430742072423,-0.08115763447485524,0.9942712157808973
2023-01-21,0.9453706603783828,0.1538461538461538,6.0,3.0,4.0,13.0,0.4615384615384615,0.2307692307692307,0.3076923076923077,0.707913308418714,0.1538461538461538,2.6390573296152584,0.48111627574426935,0.41366875755387017,0.10615500399876947
2023-01-22,0.9673377349972724,-0.125,3.0,1.0,4.0,8.0,0.375,0.125,0.5,0.6396364144980906,-0.125,2.1972245773362196,0.17603444105680077,-0.4832040779981947,-0.2178496051015963
2023-01-23,0.9015515821951406,0.1111111111111111,21.0,18.0,15.0,54.0,0.3888888888888889,0.3333333333333333,0.2777777777777778,0.6644194408699318,0.1111111111111111,4.007333185232471,0.2867725066082189,0.27621698199033545,1.109538482145135
2023-01-24,0.9455030012775112,0.2837837837837837,28.0,39.0,7.0,74.0,0.3783783783783784,0.527027027027027,0.0945945945945946,0.746987236029393,0.28378378378378377,4.31748811353631,0.6557104149822077,0.8315964535240776,1.3369811644435536
2023-01-25,0.938963310285048,0.0909090909090909,18.0,24.0,13.0,55.0,0.3272727272727272,0.4363636363636363,0.2363636363636363,0.6845470444722608,0.09090909090909091,4.02535169073515,0.3767087336720843,0.21123977899666443,1.1227518050639418
2023-01-26,0.9147614680585407,0.0476190476190476,9.0,26.0,7.0,42.0,0.2142857142857142,0.6190476190476191,0.1666666666666666,0.6546187419266927,0.04761904761904759,3.7612001156935624,0.24298001630690239,0.0720029154387978,0.9290442825384422
2023-01-27,0.97260320186615,0.3,17.0,18.0,5.0,40.0,0.425,0.45,0.125,0.770822241306305,0.3,3.713572066704308,0.7622124352428183,0.8837538299811595,0.8941177015745426
2023-01-28,0.8776557842890421,0.3333333333333333,1.0,2.0,0.0,3.0,0.3333333333333333,0.6666666666666666,0.0,0.7143590490023294,0.3333333333333333,1.3862943611198906,0.5099177962916893,0.9909662149207167,-0.8125206120778071
2023-01-29,0.9113312562306722,0.0,2.0,2.0,2.0,6.0,0.3333333333333333,0.3333333333333333,0.3333333333333333,0.6379318793614706,0.0,1.9459101490553132,0.1684180619729212,-0.08115763447485524,-0.40214339653381637
2023-01-30,0.9640757938226064,0.1388888888888889,14.0,13.0,9.0,36.0,0.3888888888888889,0.3611111111111111,0.25,0.7165197223424911,0.1388888888888889,3.6109179126442243,0.5195723389769962,0.36556063610663314,0.8188394002553128
2023-01-31,0.9555306184676384,0.2419354838709677,26.0,25.0,11.0,62.0,0.4193548387096774,0.4032258064516129,0.1774193548387097,0.7414520780886371,0.2419354838709677,4.143134726391533,0.6309776533862582,0.6969967723445114,1.209124411507566
2023-02-01,0.9030942922830582,0.14,22.0,13.0,15.0,50.0,0.44,0.26,0.3,0.6741660045981407,0.14,3.9318256327243257,0.33032310437790086,0.3691343822712851,1.054167315321639
2023-02-02,0.91679285308148,0.3191489361702128,20.0,22.0,5.0,47.0,0.425531914893617,0.4680851063829787,0.1063829787234042,0.7374996780080997,0.31914893617021284,3.871201010907891,0.6133171331319085,0.9453439234570755,1.0097100930080563
2023-02-03,0.867010561483247,0.0,10.0,22.0,10.0,42.0,0.238095238095238,0.5238095238095238,0.238095238095238,0.6069073930382728,0.0,3.7612001156935624,0.0297912635904234,-0.08115763447485524,0.9290442825384422
2023-02-04,0.9975242018699646,0.5,1.0,1.0,0.0,2.0,0.5,0.5,0.0,0.8482669413089752,0.5,1.0986122886681098,1.1082588033026075,1.5270281396185026,-1.0234835091222876
2023-02-05,0.8887093833514622,0.0,2.0,3.0,2.0,7.0,0.2857142857142857,0.4285714285714285,0.2857142857142857,0.6220965683460236,0.0,2.0794415416798357,0.0976610977932721,-0.08115763447485524,-0.3042222115452213
2023-02-06,0.9436127518085724,-0.0638297872340425,7.0,30.0,10.0,47.0,0.1489361702127659,0.6382978723404256,0.2127659574468085,0.6413799900957879,-0.06382978723404262,3.871201010907891,0.18382526474131416,-0.28645794606124153,1.0097100930080563
2023-02-07,0.9436592619184038,0.1126760563380281,20.0,39.0,12.0,71.0,0.2816901408450704,0.5492957746478874,0.1690140845070422,0.694364300244291,0.11267605633802819,4.276666119016055,0.4205752048974608,0.28125042729266214,1.3070455964961614
2023-02-08,0.9279710613844688,0.1578947368421052,18.0,30.0,9.0,57.0,0.3157894736842105,0.5263157894736842,0.1578947368421052,0.6969481640217596,0.1578947368421053,4.060443010546419,0.4321206905888438,0.4266905047125211,1.148484957030652
2023-02-09,0.9106709590324988,0.1923076923076923,20.0,22.0,10.0,52.0,0.3846153846153846,0.4230769230769231,0.1923076923076923,0.6951619790150568,0.1923076923076923,3.970291913552122,0.42413947516375927,0.5373753555610516,1.082375392289378
2023-02-10,0.9393428790569306,-0.28,6.0,24.0,20.0,50.0,0.12,0.48,0.4,0.5735400153398514,-0.28,3.9318256327243257,-0.11930428282940649,-0.9817416679671359,1.054167315321639
2023-02-11,0.94418409040996,-0.5714285714285714,1.0,1.0,5.0,7.0,0.1428571428571428,0.1428571428571428,0.7142857142857143,0.4895002918584006,-0.5714285714285715,2.0794415416798357,-0.4948192126115909,-1.9190842334386933,-0.3042222115452213
2023-02-12,0.9995194524526596,0.0,1.0,2.0,1.0,4.0,0.25,0.5,0.25,0.6996636167168617,0.0,1.6094379124341003,0.4442541554062664,-0.08115763447485524,-0.6488850763600583
2023-02-13,0.9519210381385608,-0.1282051282051282,9.0,16.0,14.0,39.0,0.2307692307692307,0.4102564102564102,0.358974358974359,0.6278831882354541,-0.12820512820512828,3.6888794541139363,0.1235174675127097,-0.49351296116546006,0.8760101252376995
2023-02-14,0.9413672705491384,0.0333333333333333,7.0,17.0,6.0,30.0,0.2333333333333333,0.5666666666666667,0.2,0.6689570893843968,0.0333333333333333,3.4339872044851463,0.30704809406492517,0.026054750464701848,0.6890926473511084
2023-02-15,0.9544504983084542,0.0857142857142857,9.0,20.0,6.0,35.0,0.2571428571428571,0.5714285714285714,0.1714285714285714,0.6938296345302036,0.08571428571428572,3.58351893845611,0.41818615660261765,0.1945313553697204,0.7987471959635755
2023-02-16,0.9222150694350808,0.1836734693877551,20.0,18.0,11.0,49.0,0.4081632653061224,0.3673469387755102,0.2244897959183673,0.700652589420883,0.1836734693877551,3.912023005428146,0.4486731848856891,0.509604486620664,1.0396456609554483
2023-02-17,0.956708325073123,-0.03125,9.0,13.0,10.0,32.0,0.28125,0.40625,0.3125,0.660320827551186,-0.03125,3.4965075614664802,0.2684586613355981,-0.18166924535569012,0.7349400493829054
2023-02-18,0.9289622902870178,-0.375,2.0,1.0,5.0,8.0,0.25,0.125,0.625,0.5377736032009124,-0.375,2.1972245773362196,-0.27911944150111256,-1.2872969650448738,-0.2178496051015963
2023-02-19,0.8791064023971558,-0.6666666666666666,0.0,1.0,2.0,3.0,0.0,0.3333333333333333,0.6666666666666666,0.41537448167800906,-0.6666666666666666,1.3862943611198906,-0.8260357760630527,-2.225405333265999,-0.8125206120778071
2023-02-20,0.9252452021059784,-0.0434782608695652,5.0,12.0,6.0,23.0,0.217391304347826,0.5217391304347826,0.2608695652173913,0.6346281632133153,-0.0434782608695653,3.1780538303479458,0.1536560579348115,-0.22099987570036486,0.5014116924754702
2023-02-21,0.9540200382471083,0.3409090909090909,21.0,17.0,6.0,44.0,0.4772727272727273,0.3863636363636363,0.1363636363636363,0.7700867540457031,0.340909090909091,3.8066624897703196,0.7589260554740709,1.0153326660433437,0.9623827316813243
2023-02-22,0.946419712375192,0.088235294117647,12.0,13.0,9.0,34.0,0.3529411764705882,0.3823529411764705,0.2647058823529412,0.6889643868979285,0.08823529411764702,3.5553480614894135,0.396446757098168,0.20263985507103138,0.7780889402491042
2023-02-23,0.9438451449076336,0.0666666666666666,13.0,22.0,10.0,45.0,0.2888888888888888,0.4888888888888889,0.2222222222222222,0.6806916014353435,0.0666666666666666,3.828641396489095,0.35948144684495936,0.13326713540425894,0.9785002943634425
2023-02-24,0.9344505597563352,0.0,7.0,20.0,7.0,34.0,0.2058823529411764,0.5882352941176471,0.2058823529411764,0.6541153918294346,0.0,3.5553480614894135,0.24073089566969025,-0.08115763447485524,0.7780889402491042
2023-02-25,0.9397791028022766,0.4,2.0,3.0,0.0,5.0,0.4,0.6,0.0,0.7778453719615935,0.4,1.791759469228055,0.7935939094507136,1.2053909847998312,-0.5151851085897018
2023-02-26,0.9990894397099812,-0.6666666666666666,0.0,1.0,2.0,3.0,0.0,0.3333333333333333,0.6666666666666666,0.4993626077969868,-0.6666666666666666,1.3862943611198906,-0.45075139891887517,-2.225405333265999,-0.8125206120778071
2023-02-27,0.933168044090271,0.36,11.0,12.0,2.0,25.0,0.44,0.48,0.08,0.7612176308631896,0.36,3.258096538021482,0.7192961277310765,1.0767361228723624,0.5601085773879774
2023-02-28,0.9404662268502372,0.1428571428571428,11.0,18.0,6.0,35.0,0.3142857142857143,0.5142857142857142,0.1714285714285714,0.7011835016523088,0.14285714285714288,3.58351893845611,0.4510454614835333,0.37832401526610426,0.7987471959635755
2023-03-01,0.9927254698493264,0.0606060606060606,11.0,13.0,9.0,33.0,0.3333333333333333,0.3939393939393939,0.2727272727272727,0.7130896470763466,0.06060606060606061,3.5263605246161616,0.5042457241411187,0.11377397450615785,0.7568318118335339
2023-03-02,0.9428890666791372,0.0714285714285714,22.0,16.0,18.0,56.0,0.3928571428571428,0.2857142857142857,0.3214285714285714,0.6814509181039674,0.0714285714285714,4.04305126783455,0.3628743036237385,0.14858319039562437,1.135731251539452
2023-03-03,0.8797338521757792,0.0,16.0,11.0,16.0,43.0,0.3720930232558139,0.2558139534883721,0.3720930232558139,0.6158136965230454,0.0,3.784189633918261,0.06958732418123909,-0.08115763447485524,0.9459029464273858
2023-03-04,0.9085241556167604,0.0,1.0,1.0,1.0,3.0,0.3333333333333333,0.3333333333333333,0.3333333333333333,0.6359669089317322,0.0,1.3862943611198906,0.15963797914566016,-0.08115763447485524,-0.8125206120778071
2023-03-05,0.9845241109530132,-0.3333333333333333,0.0,2.0,1.0,3.0,0.0,0.6666666666666666,0.3333333333333333,0.5891668776671092,-0.3333333333333333,1.3862943611198906,-0.049478730501985285,-1.1532814838704273,-0.8125206120778071
2023-03-06,0.9333595349030062,-0.1818181818181818,9.0,18.0,17.0,44.0,0.2045454545454545,0.4090909090909091,0.3863636363636363,0.5988062198866497,-0.1818181818181818,3.8066624897703196,-0.006407230897204283,-0.6659524614178944,0.9623827316813243
2023-03-07,0.925637599494722,-0.074074074074074,7.0,36.0,11.0,54.0,0.1296296296296296,0.6666666666666666,0.2037037037037037,0.6257240974240832,-0.0740740740740741,4.007333185232471,0.11386999604519289,-0.3194073787849824,1.109538482145135
2023-03-08,0.9565114598525198,-0.0263157894736842,5.0,27.0,6.0,38.0,0.131578947368421,0.7105263157894737,0.1578947368421052,0.6616632850546585,-0.02631578947368421,3.6635616461296463,0.2744571679259168,-0.1657989910060846,0.8574440808760825
2023-03-09,0.9541811058015536,-0.1818181818181818,16.0,22.0,28.0,66.0,0.2424242424242424,0.3333333333333333,0.4242424242424242,0.6133813195156329,-0.1818181818181818,4.204692619390966,0.05871872724512579,-0.6659524614178944,1.2542660198547155
2023-03-10,0.9502477986471992,-0.2857142857142857,10.0,15.0,24.0,49.0,0.2040816326530612,0.3061224489795918,0.4897959183673469,0.5794591733387536,-0.2857142857142857,3.912023005428146,-0.09285569270740292,-1.000120933956774,1.0396456609554483
2023-03-11,0.950179722574022,-0.2222222222222222,1.0,5.0,3.0,9.0,0.1111111111111111,0.5555555555555556,0.3333333333333333,0.5984591391351487,-0.2222222222222222,2.302585092994046,-0.007958092782862717,-0.7959068674052365,-0.14058667582747214
2023-03-12,0.8188657015562057,0.0,0.0,4.0,0.0,4.0,0.0,1.0,0.0,0.573205991089344,0.0,1.6094379124341003,-0.12079680431542175,-0.08115763447485524,-0.6488850763600583
2023-03-13,0.9338306416699916,0.0493827160493827,24.0,37.0,20.0,81.0,0.2962962962962963,0.4567901234567901,0.2469135802469135,0.6684962639838089,0.04938271604938277,4.406719247264253,0.30498898664792135,0.07767552839856301,1.4024161021071286
2023-03-14,0.9574530503402152,0.2916666666666667,22.0,18.0,8.0,48.0,0.4583333333333333,0.375,0.1666666666666666,0.7577171352381507,0.29166666666666674,3.8918202981106265,0.7036548534100172,0.8569507337462704,1.0248306200753463
2023-03-15,0.9090960110936848,0.0952380952380952,14.0,18.0,10.0,42.0,0.3333333333333333,0.4285714285714285,0.238095238095238,0.6649386363370079,0.09523809523809532,3.7612001156935624,0.2890924291553862,0.22516346535245133,0.9290442825384422
2023-03-16,0.9254963882267476,0.03125,10.0,13.0,9.0,32.0,0.3125,0.40625,0.28125,0.6572224717587233,0.03125,3.4965075614664802,0.2546142695450459,0.019353976405979637,0.7349400493829054
2023-03-17,0.9501953231982696,-0.0512820512820512,13.0,11.0,15.0,39.0,0.3333333333333333,0.282051282051282,0.3846153846153846,0.6497521108541734,-0.051282051282051266,3.6888794541139363,0.2212344351725685,-0.24609976515109702,0.8760101252376995
2023-03-18,0.9921950101852416,-1.0,0.0,0.0,1.0,1.0,0.0,0.0,1.0,0.3945365071296691,-1.0,0.6931471805599453,-0.9191461555974397,-3.297529182661571,-1.320819012610393
2023-03-19,0.9905154194150652,0.0,3.0,1.0,3.0,7.0,0.4285714285714285,0.1428571428571428,0.4285714285714285,0.6933607935905456,0.0,2.0794415416798357,0.4160912333301302,-0.08115763447485524,-0.3042222115452213
2023-03-20,0.9353881038851656,0.1016949152542373,22.0,21.0,16.0,59.0,0.3728813559322034,0.3559322033898305,0.2711864406779661,0.685280147295887,0.1016949152542373,4.0943445622221,0.37998445905447326,0.24593099754413286,1.1733456287258048
2023-03-21,0.9510372974434678,0.1632653061224489,19.0,19.0,11.0,49.0,0.3877551020408163,0.3877551020408163,0.2244897959183673,0.7147057000471622,0.16326530612244902,3.912023005428146,0.5114667381178488,0.44396425094338426,1.0396456609554483
2023-03-22,0.919333553314209,-0.0181818181818181,16.0,22.0,17.0,55.0,0.2909090909090909,0.4,0.3090909090909091,0.6380789418654008,-0.018181818181818188,4.02535169073515,0.16907518176757583,-0.1396371171691592,1.1227518050639418
2023-03-23,0.9306820862823062,-0.2407407407407407,10.0,21.0,23.0,54.0,0.1851851851851851,0.3888888888888889,0.4259259259259259,0.5792552381753922,-0.24074074074074078,4.007333185232471,-0.09376693676411031,-0.8554693034827685,1.109538482145135
2023-03-24,0.9538306136216436,-0.0178571428571428,13.0,29.0,14.0,56.0,0.2321428571428571,0.5178571428571429,0.25,0.6623242866780076,-0.017857142857142905,4.04305126783455,0.27741072331490624,-0.13859284069247532,1.135731251539452
2023-03-25,0.9732160449028016,0.2,2.0,2.0,1.0,5.0,0.4,0.4,0.2,0.741251231431961,0.2,1.791759469228055,0.630080209712549,0.562116675162488,-0.5151851085897018
2023-03-26,0.9563176572322846,-0.4,1.0,4.0,5.0,10.0,0.1,0.4,0.5,0.5494223600625991,-0.4,2.3978952727983707,-0.2270692688713617,-1.3677062537495417,-0.07069385463778585
2023-03-27,0.940661821514368,0.046875,18.0,31.0,15.0,64.0,0.28125,0.484375,0.234375,0.6725257750600575,0.046875,4.174387269895637,0.32299406217851856,0.06960978184639707,1.2320425136383117
2023-03-28,0.9491395981147372,-0.1724137931034483,12.0,24.0,22.0,58.0,0.2068965517241379,0.4137931034482758,0.3793103448275862,0.6126735807492816,-0.1724137931034483,4.07753744390572,0.05555633615028587,-0.6357044531277373,1.161020639751779
2023-03-29,0.9241738470934204,0.1525423728813559,22.0,24.0,13.0,59.0,0.3728813559322034,0.4067796610169492,0.2203389830508474,0.692684404829801,0.152542372881356,4.0943445622221,0.4130689235523912,0.4094753135536271,1.1733456287258048
2023-03-30,0.9445623787848846,0.108695652173913,17.0,17.0,12.0,46.0,0.3695652173913043,0.3695652173913043,0.2608695652173913,0.6938023608015931,0.10869565217391303,3.8501476017100584,0.4180642893253372,0.26844796858891823,0.9942712157808973
2023-03-31,0.9218790133794148,0.3333333333333333,23.0,22.0,6.0,51.0,0.4509803921568627,0.4313725490196078,0.1176470588235294,0.7453153093655903,0.3333333333333333,3.9512437185814275,0.6482397404279608,0.9909662149207167,1.0684069779205634
2023-04-01,0.950990617275238,0.0,3.0,3.0,3.0,9.0,0.3333333333333333,0.3333333333333333,0.3333333333333333,0.6656934320926666,0.0,2.302585092994046,0.2924650851262098,-0.08115763447485524,-0.14058667582747214
2023-04-02,0.917276456952095,-0.25,0.0,3.0,1.0,4.0,0.0,0.75,0.25,0.5670935198664665,-0.25,1.6094379124341003,-0.14810917645287994,-0.8852505215215343,-0.6488850763600583
2023-04-03,0.954940062502156,0.0652173913043478,16.0,17.0,13.0,46.0,0.3478260869565217,0.3695652173913043,0.2826086956521739,0.6880232611428135,0.06521739130434778,3.8501476017100584,0.3922415222733985,0.12860572736340872,0.9942712157808973
2023-04-04,0.9405643854822432,0.0793650793650793,16.0,36.0,11.0,63.0,0.2539682539682539,0.5714285714285714,0.1746031746031746,0.6822045936470941,0.0793650793650793,4.1588830833596715,0.3662419541457946,0.17410994871456648,1.2206729900525364
2023-04-05,0.9421724532589768,-0.0606060606060606,19.0,24.0,23.0,66.0,0.2878787878787879,0.3636363636363636,0.3484848484848485,0.6413388990994655,-0.06060606060606061,4.204692619390966,0.18364165772835078,-0.2760892434558683,1.2542660198547155
2023-04-06,0.9567534882913936,0.0,11.0,22.0,11.0,44.0,0.25,0.5,0.25,0.6697274418039755,0.0,3.8066624897703196,0.3104902619203379,-0.08115763447485524,0.9623827316813243
2023-04-07,0.9670396071893198,-0.037037037037037,6.0,14.0,7.0,27.0,0.2222222222222222,0.5185185185185185,0.2592592592592592,0.6658166139214128,-0.03703703703703698,3.332204510175204,0.2930154988336307,-0.20028250662991862,0.6144534045313554
2023-04-08,0.993598371744156,-0.25,0.0,3.0,1.0,4.0,0.0,0.75,0.25,0.6205188602209092,-0.25,1.6094379124341003,0.09061142019705927,-0.8852505215215343,-0.6488850763600583
2023-04-09,0.9341935316721598,0.0,0.0,6.0,0.0,6.0,0.0,1.0,0.0,0.6539354721705118,0.0,1.9459101490553132,0.23992696015814952,-0.08115763447485524,-0.40214339653381637
2023-04-10,0.9455525736014048,-0.0666666666666666,5.0,18.0,7.0,30.0,0.1666666666666666,0.6,0.2333333333333333,0.6418868015209833,-0.06666666666666671,3.4339872044851463,0.18608985163975936,-0.29558240435396976,0.6890926473511084
2023-04-11,0.9486605288034462,0.3373493975903614,39.0,33.0,11.0,83.0,0.4698795180722891,0.3975903614457831,0.1325301204819277,0.7652671894395208,0.3373493975903614,4.430816798843313,0.7373907815619578,1.0038833697327114,1.4200873085520467
2023-04-12,0.9277180560429892,0.0133333333333333,20.0,36.0,19.0,75.0,0.2666666666666666,0.48,0.2533333333333333,0.6534026392300923,0.013333333333333308,4.330733340286331,0.2375461012509754,-0.03827268049903244,1.3466941485839323
2023-04-13,0.9437292589430224,0.1403508771929824,17.0,31.0,9.0,57.0,0.2982456140350877,0.543859649122807,0.1578947368421052,0.7027157444180104,0.1403508771929825,4.060443010546419,0.4578919860880402,0.37026293369170155,1.148484957030652
2023-04-14,0.9519286751747132,0.2222222222222222,13.0,18.0,5.0,36.0,0.3611111111111111,0.5,0.1388888888888889,0.7330167392889659,0.2222222222222222,3.6109179126442243,0.5932860056055916,0.633591598455526,0.8188394002553128
2023-04-15,0.9518776791436332,0.0,2.0,3.0,2.0,7.0,0.2857142857142857,0.4285714285714285,0.2857142857142857,0.6663143754005432,0.0,2.0794415416798357,0.29523964783294504,-0.08115763447485524,-0.3042222115452213
2023-04-16,0.9691909948984782,0.3333333333333333,2.0,4.0,0.0,6.0,0.3333333333333333,0.6666666666666666,0.0,0.7784336964289347,0.3333333333333333,1.9459101490553132,0.796222721301713,0.9909662149207167,-0.40214339653381637
2023-04-17,0.956876395746719,0.1860465116279069,15.0,21.0,7.0,43.0,0.3488372093023256,0.4883720930232558,0.1627906976744186,0.7256274305110753,0.186046511627907,3.784189633918261,0.5602683366757201,0.5172370721645339,0.9459029464273858
2023-04-18,0.9598780217624846,0.1428571428571428,12.0,24.0,6.0,42.0,0.2857142857142857,0.5714285714285714,0.1428571428571428,0.714771758090882,0.1428571428571429,3.7612001156935624,0.5117619054580231,0.3783240152661044,0.9290442825384422
2023-04-19,0.956935145353016,-0.1842105263157894,6.0,19.0,13.0,38.0,0.1578947368421052,0.5,0.3421052631578947,0.6145914438523744,-0.1842105263157895,3.6635616461296463,0.06412592917909571,-0.6736471301934609,0.8574440808760825
2023-04-20,0.9746833741664886,-0.0294117647058823,5.0,23.0,6.0,34.0,0.1470588235294117,0.6764705882352942,0.1764705882352941,0.6734548325047773,-0.029411764705882415,3.5553480614894135,0.3271453721384399,-0.17575679765681768,0.7780889402491042
2023-04-21,0.9325917649269104,-0.18,7.0,27.0,16.0,50.0,0.14,0.54,0.32,0.5988142354488372,-0.18,3.9318256327243257,-0.006371414938425647,-0.6601045131484641,1.054167315321639
2023-04-22,0.9562937716643016,-0.5,0.0,3.0,3.0,6.0,0.0,0.5,0.5,0.5194056401650111,-0.5,1.9459101490553132,-0.3611930617360794,-1.6893434085682133,-0.40214339653381637
2023-04-23,0.999978502591451,-0.3333333333333333,0.0,2.0,1.0,3.0,0.0,0.6666666666666666,0.3333333333333333,0.5999849518140157,-0.3333333333333333,1.3862943611198906,-0.0011402997532133,-1.1532814838704273,-0.8125206120778071
2023-04-24,0.9440025050531734,-0.0454545454545454,11.0,20.0,13.0,44.0,0.25,0.4545454545454545,0.2954545454545454,0.6471653899008577,-0.045454545454545414,3.8066624897703196,0.2096761827544148,-0.2273563412106149,0.9623827316813243
2023-04-25,0.953035059363343,-0.0930232558139534,11.0,17.0,15.0,43.0,0.2558139534883721,0.3953488372093023,0.3488372093023256,0.639217564810154,-0.09302325581395349,3.784189633918261,0.17416289383318911,-0.38035498779454974,0.9459029464273858
2023-04-26,0.9549943481882414,0.0,12.0,24.0,12.0,48.0,0.25,0.5,0.25,0.668496043731769,0.0,3.8918202981106265,0.3049880024951197,-0.08115763447485524,1.0248306200753463
2023-04-27,0.923220510284106,-0.0833333333333333,16.0,34.0,22.0,72.0,0.2222222222222222,0.4722222222222222,0.3055555555555556,0.6212543571988741,-0.08333333333333337,4.290459441148391,0.09389784338592747,-0.3491885968237483,1.317160509713053
2023-04-28,0.95434935113131,0.1016949152542373,17.0,31.0,11.0,59.0,0.288135593220339,0.5254237288135594,0.1864406779661017,0.6985530203681881,0.1016949152542373,4.0943445622221,0.43929167465773594,0.24593099754413286,1.1733456287258048
2023-04-29,0.9429815345340304,0.1111111111111111,3.0,4.0,2.0,9.0,0.3333333333333333,0.4444444444444444,0.2222222222222222,0.6934204075071546,0.1111111111111111,2.302585092994046,0.41635760635924207,0.27621698199033545,-0.14058667582747214
2023-04-30,0.9156255636896404,0.1428571428571428,2.0,4.0,1.0,7.0,0.2857142857142857,0.5714285714285714,0.1428571428571428,0.6837950374398911,0.1428571428571429,2.0794415416798357,0.3733485385612766,0.3783240152661044,-0.3042222115452213
2023-05-01,0.9583175344900652,-0.0303030303030303,7.0,18.0,8.0,33.0,0.2121212121212121,0.5454545454545454,0.2424242424242424,0.6617313650521366,-0.030303030303030304,3.5263605246161616,0.2747613699676832,-0.17862343896536179,0.7568318118335339
2023-05-02,0.9575217420404608,0.2954545454545454,17.0,23.0,4.0,44.0,0.3863636363636363,0.5227272727272727,0.0909090909090909,0.7589015830646861,0.2954545454545454,3.8066624897703196,0.7089473249221385,0.8691339593075834,0.9623827316813243
2023-05-03,0.924314237634341,0.2333333333333333,22.0,30.0,8.0,60.0,0.3666666666666666,0.5,0.1333333333333333,0.7170199663440385,0.23333333333333328,4.110873864173311,0.5218075806381198,0.6693290601020451,1.1854668895191234
2023-05-04,0.9340288245677948,0.28,21.0,22.0,7.0,50.0,0.42,0.44,0.14,0.7378201771974563,0.27999999999999997,3.9318256327243257,0.614749220549629,0.8194263990174251,1.054167315321639
2023-05-05,0.9501468539237976,0.2708333333333333,20.0,21.0,7.0,48.0,0.4166666666666667,0.4375,0.1458333333333333,0.7463527977466582,0.27083333333333337,3.8918202981106265,0.6528755526418424,0.7899429931590471,1.0248306200753463
2023-05-06,0.8741170493039218,0.0,4.0,3.0,4.0,11.0,0.3636363636363636,0.2727272727272727,0.3636363636363636,0.6118819345127452,0.0,2.4849066497880004,0.0520190210734353,-0.08115763447485524,-0.006886708057115773
2023-05-07,0.9019662983277263,0.1176470588235294,4.0,11.0,2.0,17.0,0.2352941176470588,0.6470588235294118,0.1176470588235294,0.6666705264764672,0.1176470588235294,2.8903717578961645,0.29683103867440797,0.29723901825299365,0.2904487954309894
2023-05-08,0.937426076995002,0.0,16.0,22.0,16.0,54.0,0.2962962962962963,0.4074074074074074,0.2962962962962963,0.6561982538965013,0.0,4.007333185232471,0.25003775402737133,-0.08115763447485524,1.109538482145135
2023-05-09,0.925451823309356,0.0392156862745098,13.0,27.0,11.0,51.0,0.2549019607843137,0.5294117647058824,0.2156862745098039,0.659580982198902,0.0392156862745098,3.9512437185814275,0.2651528082936861,0.04497458310109441,1.0684069779205634
2023-05-10,0.9329652608709132,-0.1702127659574468,8.0,23.0,16.0,47.0,0.1702127659574468,0.4893617021276595,0.3404255319148936,0.6020118528224052,-0.1702127659574468,3.871201010907891,0.007916507650595352,-0.6286251320385515,1.0097100930080563
2023-05-11,0.9404538220829434,0.0222222222222222,13.0,20.0,12.0,45.0,0.2888888888888888,0.4444444444444444,0.2666666666666666,0.664984342124727,0.0222222222222222,3.828641396489095,0.2892966564535611,-0.00968271118181718,0.9785002943634425
2023-05-12,0.9547436982393264,0.0,9.0,18.0,9.0,36.0,0.25,0.5,0.25,0.6683205887675284,0.0,3.6109179126442243,0.3042040165912243,-0.08115763447485524,0.8188394002553128
2023-05-13,0.9130125999450684,0.0,4.0,2.0,4.0,10.0,0.4,0.2,0.4,0.6391088199615479,0.0,2.3978952727983707,0.17367698892421454,-0.08115763447485524,-0.07069385463778585
2023-05-14,0.9986979166666666,0.0,0.0,3.0,0.0,3.0,0.0,1.0,0.0,0.6990885416666666,0.0,1.3862943611198906,0.4416845459626895,-0.08115763447485524,-0.8125206120778071
2023-05-15,0.9556784956228166,0.1428571428571428,13.0,22.0,7.0,42.0,0.3095238095238095,0.5238095238095238,0.1666666666666666,0.7118320897931144,0.14285714285714288,3.7612001156935624,0.4986265774406391,0.37832401526610426,0.9290442825384422
2023-05-16,0.9351320664087932,0.1372549019607843,14.0,30.0,7.0,51.0,0.2745098039215686,0.5882352941176471,0.1372549019607843,0.6957689170743905,0.1372549019607843,3.9512437185814275,0.42685145817954245,0.3603051270409685,1.0684069779205634
2023-05-17,0.9220885997233184,0.0869565217391304,10.0,30.0,6.0,46.0,0.217391304347826,0.6521739130434783,0.1304347826086956,0.6715489763280619,0.0869565217391304,3.8501476017100584,0.3186294296921013,0.19852684797616343,0.9942712157808973
2023-05-18,0.948003093401591,0.2666666666666666,19.0,19.0,7.0,45.0,0.4222222222222222,0.4222222222222222,0.1555555555555555,0.7436021653811136,0.2666666666666667,3.828641396489095,0.6405848944052993,0.7765414450416026,0.9785002943634425
2023-05-19,0.9058569698798948,-0.024390243902439,9.0,22.0,10.0,41.0,0.2195121951219512,0.5365853658536586,0.2439024390243902,0.6267828057451946,-0.02439024390243902,3.7376696182833684,0.11860062537609169,-0.15960572101599463,0.911788908019461
2023-05-20,0.9046289920806884,0.0,1.0,5.0,1.0,7.0,0.1428571428571428,0.7142857142857143,0.1428571428571428,0.6332402944564818,0.0,2.0794415416798357,0.1474546401150081,-0.08115763447485524,-0.3042222115452213
2023-05-21,0.9688842977796284,-0.2857142857142857,0.0,5.0,2.0,7.0,0.0,0.7142857142857143,0.2857142857142857,0.592504722731454,-0.2857142857142857,2.0794415416798357,-0.03456422813290115,-1.000120933956774,-0.3042222115452213
2023-05-22,0.959910354098758,0.0,11.0,15.0,11.0,37.0,0.2972972972972973,0.4054054054054054,0.2972972972972973,0.6719372478691306,0.0,3.6375861597263857,0.32036434449715784,-0.08115763447485524,0.8383957480513464
2023-05-23,0.9504037979172496,0.2439024390243902,16.0,19.0,6.0,41.0,0.3902439024390244,0.4634146341463415,0.1463414634146341,0.7384533902493917,0.2439024390243903,3.7376696182833684,0.6175786081878115,0.7033232309365391,0.911788908019461
2023-05-24,0.9385574879694958,-0.0204081632653061,10.0,28.0,11.0,49.0,0.2040816326530612,0.5714285714285714,0.2244897959183673,0.6508677925990553,-0.02040816326530609,3.912023005428146,0.22621963901109668,-0.14679787015213505,1.0396456609554483
2023-05-25,0.9345173173480564,-0.0185185185185185,14.0,25.0,15.0,54.0,0.2592592592592592,0.4629629629629629,0.2777777777777778,0.6486065665880839,-0.0185185185185186,4.007333185232471,0.21611579654761012,-0.14072007055238728,1.109538482145135
2023-05-26,0.942339345028526,0.0,9.0,20.0,9.0,38.0,0.2368421052631578,0.5263157894736842,0.2368421052631578,0.6596375415199681,0.0,3.6635616461296463,0.26540553246505183,-0.08115763447485524,0.8574440808760825
2023-05-27,0.942161387205124,-0.1,1.0,7.0,2.0,10.0,0.1,0.7,0.2,0.6295129710435867,-0.1,2.3978952727983707,0.13079983055964692,-0.40279478929352686,-0.07069385463778585
2023-05-28,0.928037092089653,0.25,2.0,1.0,1.0,4.0,0.5,0.25,0.25,0.7246259644627571,0.25,1.6094379124341003,0.555793483151286,0.7229352525718238,-0.6488850763600583
2023-05-29,0.901391677558422,0.1666666666666666,7.0,14.0,3.0,24.0,0.2916666666666667,0.5833333333333334,0.125,0.6809741742908952,0.16666666666666669,3.2188758248682006,0.36074406792003105,0.45490429022293083,0.5313472604228624
2023-05-30,0.9282453087243168,0.0454545454545454,10.0,26.0,8.0,44.0,0.2272727272727272,0.5909090909090909,0.1818181818181818,0.6634080797433853,0.045454545454545414,3.8066624897703196,0.28225343887826215,0.06504107226090446,0.9623827316813243
2023-05-31,0.9464934279279013,-0.1707317073170731,6.0,22.0,13.0,41.0,0.1463414634146341,0.5365853658536586,0.3170731707317073,0.611325887354409,-0.1707317073170732,3.7376696182833684,0.04953443401188574,-0.6302942402628312,0.911788908019461
2023-06-01,0.9216430729085748,0.2727272727272727,15.0,26.0,3.0,44.0,0.3409090909090909,0.5909090909090909,0.0681818181818181,0.7269683328541842,0.2727272727272728,3.8066624897703196,0.566259894338668,0.796034605939704,0.9623827316813243
2023-06-02,0.950694264509739,0.1538461538461538,14.0,17.0,8.0,39.0,0.358974358974359,0.4358974358974359,0.2051282051282051,0.7116398313106634,0.15384615384615388,3.6888794541139363,0.4977675083296664,0.41366875755387045,0.8760101252376995
2023-06-03,0.9472168343407767,0.5714285714285714,4.0,3.0,0.0,7.0,0.5714285714285714,0.4285714285714285,0.0,0.8344803554671151,0.5714285714285714,2.0794415416798357,1.046656163504717,1.7567689644889823,-0.3042222115452213
2023-06-04,0.9262056946754456,0.0,0.0,2.0,0.0,2.0,0.0,1.0,0.0,0.6483439862728119,0.0,1.0986122886681098,0.21494250819578292,-0.08115763447485524,-1.0234835091222876
2023-06-05,0.925198425326431,-0.4385964912280701,6.0,20.0,31.0,57.0,0.1052631578947368,0.3508771929824561,0.543859649122807,0.5160599503600807,-0.43859649122807026,4.060443010546419,-0.3761426167813043,-1.491846909995345,1.148484957030652
2023-06-06,0.9503714911273268,-0.180327868852459,13.0,24.0,24.0,61.0,0.2131147540983606,0.3934426229508196,0.3934426229508196,0.611161683133391,-0.18032786885245902,4.127134385045092,0.048800719835171494,-0.6611590611970499,1.1973910478836944
2023-06-07,0.9330090048178188,-0.1132075471698113,12.0,23.0,18.0,53.0,0.2264150943396226,0.4339622641509434,0.3396226415094339,0.6191440392215297,-0.1132075471698113,3.9889840465642745,0.08446830370811695,-0.4452751682318419,1.096082699451681
2023-06-08,0.916055819680614,0.0,10.0,11.0,10.0,31.0,0.3225806451612903,0.3548387096774194,0.3225806451612903,0.6412390737764297,0.0,3.4657359027997265,0.18319560796024875,-0.08115763447485524,0.7123745895199507
2023-06-09,0.9358638569160744,-0.2222222222222222,3.0,15.0,9.0,27.0,0.1111111111111111,0.5555555555555556,0.3333333333333333,0.5884380331745854,-0.2222222222222222,3.332204510175204,-0.05273542837168493,-0.7959068674052365,0.6144534045313554
2023-06-10,0.9843822598457336,-0.2,1.0,2.0,2.0,5.0,0.2,0.4,0.4,0.6290675818920135,-0.2,1.791759469228055,0.1288096969769766,-0.7244319441121985,-0.5151851085897018
2023-06-11,0.9602016508579254,-0.3333333333333333,1.0,2.0,3.0,6.0,0.1666666666666666,0.3333333333333333,0.5,0.5721411556005478,-0.33333333333333337,1.9459101490553132,-0.12555481168669952,-1.1532814838704275,-0.40214339653381637
2023-06-12,0.9742406630516052,-0.04,7.0,10.0,8.0,25.0,0.28,0.4,0.32,0.6699684641361235,-0.03999999999999998,3.258096538021482,0.311567222676313,-0.2098124964023238,0.5601085773879774
2023-06-13,0.9452904156948392,0.1052631578947368,10.0,22.0,6.0,38.0,0.2631578947368421,0.5789473684210527,0.1578947368421052,0.6932822383548084,0.10526315789473689,3.6635616461296463,0.41574022475216427,0.25740779165006245,0.8574440808760825
2023-06-14,0.8833565984453474,-0.1142857142857142,5.0,21.0,9.0,35.0,0.1428571428571428,0.6,0.2571428571428571,0.5840639046260289,-0.11428571428571432,3.58351893845611,-0.07228035911068253,-0.4487429542676229,0.7987471959635755
2023-06-15,0.975400852660338,-0.0416666666666666,10.0,26.0,12.0,48.0,0.2083333333333333,0.5416666666666666,0.25,0.6702805968622366,-0.04166666666666671,3.8918202981106265,0.31296192620309154,-0.21517311564930186,1.0248306200753463
2023-06-16,0.9480898292625652,0.088235294117647,9.0,19.0,6.0,34.0,0.2647058823529412,0.5588235294117647,0.1764705882352941,0.6901334687190898,0.08823529411764708,3.5553480614894135,0.4016705686458095,0.20263985507103155,0.7780889402491042
2023-06-17,0.9733023842175802,0.0,1.0,1.0,1.0,3.0,0.3333333333333333,0.3333333333333333,0.3333333333333333,0.6813116689523061,0.0,1.3862943611198906,0.36225209625272226,-0.08115763447485524,-0.8125206120778071
2023-06-18,0.8305889964103699,0.0,1.0,1.0,1.0,3.0,0.3333333333333333,0.3333333333333333,0.3333333333333333,0.5814122974872589,0.0,1.3862943611198906,-0.0841285426514688,-0.08115763447485524,-0.8125206120778071
2023-06-19,0.9051988803678088,0.0,4.0,10.0,4.0,18.0,0.2222222222222222,0.5555555555555556,0.2222222222222222,0.6336392162574661,0.0,2.9444389791664403,0.14923714350601794,-0.08115763447485524,0.33009734751876035
2023-06-20,0.940889526245206,0.2790697674418604,17.0,21.0,5.0,43.0,0.3953488372093023,0.4883720930232558,0.1162790697674418,0.7423435986042023,0.2790697674418605,3.784189633918261,0.6349612369814105,0.8164344254842284,0.9459029464273858
2023-06-21,0.9380876879761184,0.1884057971014492,23.0,36.0,10.0,69.0,0.3333333333333333,0.5217391304347826,0.144927536231884,0.7131831207137176,0.1884057971014493,4.248495242049359,0.5046633926545283,0.5248254108356856,1.2863873407816906
2023-06-22,0.9674844663394124,0.3157894736842105,17.0,16.0,5.0,38.0,0.4473684210526316,0.4210526315789473,0.131578947368421,0.7719759685428518,0.3157894736842106,3.6635616461296463,0.7673676378573927,0.9345386438998974,0.8574440808760825
2023-06-23,0.9037105688026972,0.0571428571428571,12.0,13.0,10.0,35.0,0.3428571428571428,0.3714285714285714,0.2857142857142857,0.6497402553047451,0.057142857142857106,3.58351893845611,0.2211814609881392,0.10263502542152841,0.7987471959635755
2023-06-24,0.8927051186561584,-0.8,0.0,1.0,4.0,5.0,0.0,0.2,0.8,0.3848935830593109,-0.8,1.791759469228055,-0.9622336599961749,-2.6542548730242284,-0.5151851085897018
2023-06-25,0.9388267278671264,0.4,2.0,3.0,0.0,5.0,0.4,0.6,0.0,0.7771787095069884,0.4,1.791759469228055,0.7906150597537044,1.2053909847998312,-0.5151851085897018
2023-06-26,0.9448497593402864,0.3478260869565217,21.0,20.0,5.0,46.0,0.4565217391304347,0.4347826086956521,0.108695652173913,0.7657426576251569,0.34782608695652173,3.8501476017100584,0.7395153173760509,1.0375802953292197,0.9942712157808973
2023-06-27,0.9703875046509964,0.2115384615384615,19.0,25.0,8.0,52.0,0.3653846153846153,0.4807692307692308,0.1538461538461538,0.7427327917172359,0.2115384615384615,3.970291913552122,0.6367002696490369,0.5992286545646422,1.082375392289378
2023-06-28,0.9345609125765888,0.2727272727272727,19.0,18.0,7.0,44.0,0.4318181818181818,0.4090909090909091,0.1590909090909091,0.7360108206217939,0.2727272727272727,3.8066624897703196,0.6066644675386227,0.7960346059397037,0.9623827316813243
2023-06-29,0.94566928695988,0.1621621621621621,11.0,21.0,5.0,37.0,0.2972972972972973,0.5675675675675675,0.1351351351351351,0.7106171495205645,0.16216216216216223,3.6375861597263857,0.49319785644732445,0.4404161300959638,0.8383957480513464
2023-06-30,0.9313657865291688,0.3414634146341463,18.0,19.0,4.0,41.0,0.4390243902439024,0.4634146341463415,0.0975609756097561,0.754395074960662,0.3414634146341463,3.7376696182833684,0.6888108822478719,1.0171155771010965,0.911788908019461
2023-07-01,0.9845922787984211,0.5,3.0,3.0,0.0,6.0,0.5,0.5,0.0,0.8392145951588947,0.5,1.9459101490553132,1.0678101798648856,1.5270281396185026,-0.40214339653381637
2023-07-02,0.9890323976675668,0.0,0.0,6.0,0.0,6.0,0.0,1.0,0.0,0.6923226783672967,0.0,1.9459101490553132,0.41145262019559053,-0.08115763447485524,-0.40214339653381637
2023-07-03,0.9121558666229248,0.1612903225806451,11.0,14.0,6.0,31.0,0.3548387096774194,0.4516129032258064,0.1935483870967742,0.6868962034102408,0.16129032258064518,3.4657359027997265,0.387205487077484,0.43761197007138936,0.7123745895199507
2023-07-04,0.9748854003846644,0.5625,10.0,5.0,1.0,16.0,0.625,0.3125,0.0625,0.851169780269265,0.5625,2.833213344056216,1.1212295666890773,1.7280513613801725,0.24853341130094786
2023-07-05,0.9462242177346858,0.1951219512195122,15.0,19.0,7.0,41.0,0.3658536585365853,0.4634146341463415,0.1707317073170731,0.7208935377801338,0.1951219512195122,3.7376696182833684,0.5391158706416279,0.5464270578542602,0.911788908019461
2023-07-06,0.9091018012591772,0.2448979591836734,20.0,21.0,8.0,49.0,0.4081632653061224,0.4285714285714285,0.1632653061224489,0.709840648636526,0.2448979591836735,3.912023005428146,0.48972821539109335,0.7065251936525039,1.0396456609554483
2023-07-07,0.9457516247226346,0.1935483870967742,10.0,17.0,4.0,31.0,0.3225806451612903,0.5483870967741935,0.1290322580645161,0.7200906534348765,0.19354838709677422,3.4657359027997265,0.5355283402923756,0.5413658909806383,0.7123745895199507
2023-07-08,0.892596549457974,-0.2222222222222222,1.0,5.0,3.0,9.0,0.1111111111111111,0.5555555555555556,0.3333333333333333,0.558150917953915,-0.2222222222222222,2.302585092994046,-0.1880674294093284,-0.7959068674052365,-0.14058667582747214
2023-07-09,0.929963399966558,-0.1666666666666666,1.0,3.0,2.0,6.0,0.1666666666666666,0.5,0.3333333333333333,0.6009743799765906,-0.1666666666666667,1.9459101490553132,0.0032807648529293164,-0.6172195591726414,-0.40214339653381637
2023-07-10,0.9606443117273614,0.0212765957446808,9.0,30.0,8.0,47.0,0.1914893617021276,0.6382978723404256,0.1702127659574468,0.6788339969325572,0.0212765957446808,3.871201010907891,0.3511811074872172,-0.012724197279393364,1.0097100930080563
2023-07-11,0.9070111542213254,0.1463414634146341,13.0,21.0,7.0,41.0,0.3170731707317073,0.5121951219512195,0.1707317073170731,0.678810246979318,0.14634146341463422,3.7376696182833684,0.351074985505213,0.3895308847719815,0.911788908019461
2023-07-12,0.9197254374969838,0.1395348837209302,13.0,23.0,7.0,43.0,0.3023255813953488,0.5348837209302325,0.1627906976744186,0.6856682713641676,0.13953488372093023,3.784189633918261,0.38171871490646125,0.3676383955046865,0.9459029464273858
2023-07-13,0.9460265392606908,0.2272727272727272,16.0,22.0,6.0,44.0,0.3636363636363636,0.5,0.1363636363636363,0.7304003956643016,0.2272727272727273,3.8066624897703196,0.5815953901227986,0.6498358992039439,0.9623827316813243
2023-07-14,0.9437681913375856,0.2,12.0,12.0,6.0,30.0,0.4,0.4,0.2,0.7206377339363099,0.2,3.4339872044851463,0.5379728616159887,0.562116675162488,0.6890926473511084
2023-07-15,0.956888462815966,-0.1428571428571428,1.0,4.0,2.0,7.0,0.1428571428571428,0.5714285714285714,0.2857142857142857,0.6269647811140333,-0.1428571428571429,2.0794415416798357,0.1194137464219579,-0.5406392842158148,-0.3042222115452213
2023-07-16,0.8966655731201172,-0.3333333333333333,0.0,4.0,2.0,6.0,0.0,0.6666666666666666,0.3333333333333333,0.527665901184082,-0.3333333333333333,1.9459101490553132,-0.3242837144886014,-1.1532814838704273,-0.40214339653381637
2023-07-17,0.9847349024588062,0.0967741935483871,8.0,18.0,5.0,31.0,0.2580645161290322,0.5806451612903226,0.1612903225806451,0.7183466897856805,0.0967741935483871,3.4657359027997265,0.5277357826762731,0.23010412825289148,0.7123745895199507
2023-07-18,0.8986345048873655,-0.064516129032258,9.0,11.0,11.0,31.0,0.2903225806451613,0.3548387096774194,0.3548387096774194,0.6096893147114785,-0.06451612903225806,3.4657359027997265,0.042221731927268205,-0.28866547629335304,0.7123745895199507
2023-07-19,0.9441568412714534,0.25,12.0,21.0,3.0,36.0,0.3333333333333333,0.5833333333333334,0.0833333333333333,0.7359097888900172,0.25,3.6109179126442243,0.6062130271709939,0.7229352525718238,0.8188394002553128
2023-07-20,0.9316675201539072,0.0,8.0,15.0,8.0,31.0,0.2580645161290322,0.4838709677419355,0.2580645161290322,0.652167264107735,0.0,3.4657359027997265,0.2320260711615251,-0.08115763447485524,0.7123745895199507
2023-07-21,0.9348773143508218,-0.0909090909090909,4.0,12.0,6.0,22.0,0.1818181818181818,0.5454545454545454,0.2727272727272727,0.627141392772848,-0.09090909090909091,3.1354942159291497,0.12020290078743057,-0.37355504794637484,0.4702018938308565
2023-07-22,0.9998628894488016,-0.3333333333333333,0.0,2.0,1.0,3.0,0.0,0.6666666666666666,0.3333333333333333,0.5999040226141611,-0.3333333333333333,1.3862943611198906,-0.0015019159216366816,-1.1532814838704273,-0.8125206120778071
2023-07-23,0.9148746728897096,0.5,2.0,2.0,0.0,4.0,0.5,0.5,0.0,0.7904122710227967,0.5,1.6094379124341003,0.8497466194199352,1.5270281396185026,-0.6488850763600583
2023-07-24,0.967975927516818,0.0625,10.0,14.0,8.0,32.0,0.3125,0.4375,0.25,0.6963331492617726,0.0625,3.4965075614664802,0.4293726184291048,0.11986558728681451,0.7349400493829054
2023-07-25,0.9369760367178148,0.2258064516129032,12.0,14.0,5.0,31.0,0.3870967741935484,0.4516129032258064,0.1612903225806451,0.7236251611863413,0.22580645161290328,3.4657359027997265,0.5513215910923838,0.6451198118898873,0.7123745895199507
2023-07-26,0.9570967644453048,0.2,15.0,18.0,7.0,40.0,0.375,0.45,0.175,0.7299677351117133,0.2,3.713572066704308,0.5796621317743157,0.562116675162488,0.8941177015745426
2023-07-27,0.9419479370117188,0.0833333333333333,10.0,19.0,7.0,36.0,0.2777777777777778,0.5277777777777778,0.1944444444444444,0.6843635559082031,0.0833333333333334,3.6109179126442243,0.3758888512118193,0.18687332787403796,0.8188394002553128
2023-07-28,0.8951726598399026,-0.1071428571428571,7.0,11.0,10.0,28.0,0.25,0.3928571428571428,0.3571428571428571,0.5944780047450746,-0.1071428571428571,3.367295829986474,-0.02574700663230057,-0.42576887178057465,0.6401865564980662
2023-07-29,0.9611998895804088,0.1666666666666666,2.0,3.0,1.0,6.0,0.3333333333333333,0.5,0.1666666666666666,0.722839922706286,0.1666666666666667,1.9459101490553132,0.5478129078116099,0.45490429022293094,-0.40214339653381637
2023-07-30,0.991788923740387,0.0,0.0,1.0,0.0,1.0,0.0,1.0,0.0,0.6942522466182708,0.0,0.6931471805599453,0.4200745153691796,-0.08115763447485524,-1.320819012610393
2023-07-31,0.9390153884887696,0.0,9.0,17.0,9.0,35.0,0.2571428571428571,0.4857142857142857,0.2571428571428571,0.6573107719421387,0.0,3.58351893845611,0.25500882149978094,-0.08115763447485524,0.7987471959635755
2023-08-01,0.9447500518390112,0.0285714285714285,11.0,14.0,10.0,35.0,0.3142857142857143,0.4,0.2857142857142857,0.6698964648587363,0.02857142857142858,3.58351893845611,0.3112455081052459,0.010738695473336678,0.7987471959635755
2023-08-02,0.9633269741180096,0.0,12.0,23.0,12.0,47.0,0.2553191489361702,0.4893617021276595,0.2553191489361702,0.6743288818826066,0.0,3.871201010907891,0.33105088940033545,-0.08115763447485524,1.0097100930080563
2023-08-03,0.954517370178586,-0.1666666666666666,8.0,19.0,15.0,42.0,0.1904761904761904,0.4523809523809524,0.3571428571428571,0.6181621591250102,-0.16666666666666669,3.7612001156935624,0.08008096614648814,-0.6172195591726413,0.9290442825384422
2023-08-04,0.9693727132045862,-0.0909090909090909,9.0,12.0,12.0,33.0,0.2727272727272727,0.3636363636363636,0.3636363636363636,0.651288171970483,-0.09090909090909088,3.5263605246161616,0.22809802132369952,-0.3735550479463748,0.7568318118335339
2023-08-05,0.9114789590239524,-0.25,1.0,4.0,3.0,8.0,0.125,0.5,0.375,0.5630352713167667,-0.25,2.1972245773362196,-0.16624265971589358,-0.8852505215215343,-0.2178496051015963
2023-08-06,0.8772058486938477,0.0,0.0,3.0,0.0,3.0,0.0,1.0,0.0,0.6140440940856933,0.0,1.3862943611198906,0.061680204696828354,-0.08115763447485524,-0.8125206120778071
2023-08-07,0.9545446778788712,0.0,7.0,19.0,7.0,33.0,0.2121212121212121,0.5757575757575758,0.2121212121212121,0.6681812745152098,0.0,3.5263605246161616,0.3035815183307603,-0.08115763447485524,0.7568318118335339
2023-08-08,0.9486137423664333,0.03125,8.0,17.0,7.0,32.0,0.25,0.53125,0.21875,0.6734046196565032,0.03125,3.4965075614664802,0.32692100592907253,0.019353976405979637,0.7349400493829054
2023-08-09,0.9378361913465684,0.1612903225806451,10.0,16.0,5.0,31.0,0.3225806451612903,0.5161290322580645,0.1612903225806451,0.7048724307167913,0.1612903225806452,3.4657359027997265,0.4675287134652744,0.43761197007138947,0.7123745895199507
2023-08-10,0.8932946907437366,-0.0434782608695652,7.0,8.0,8.0,23.0,0.3043478260869565,0.3478260869565217,0.3478260869565217,0.612262805259746,-0.04347826086956519,3.1780538303479458,0.05372086688980868,-0.2209998757003645,0.5014116924754702
2023-08-11,0.9196600779410332,0.1935483870967742,9.0,19.0,3.0,31.0,0.2903225806451613,0.6129032258064516,0.0967741935483871,0.7018265706877556,0.19354838709677422,3.4657359027997265,0.45391888864020624,0.5413658909806383,0.7123745895199507
2023-08-12,0.8976259827613831,0.0,1.0,0.0,1.0,2.0,0.5,0.0,0.5,0.6283381879329681,0.0,1.0986122886681098,0.12555054392449275,-0.08115763447485524,-1.0234835091222876
2023-08-13,0.9972180128097534,0.0,0.0,2.0,0.0,2.0,0.0,1.0,0.0,0.6980526089668273,0.0,1.0986122886681098,0.43705568500356146,-0.08115763447485524,-1.0234835091222876
2023-08-14,0.9377952790260315,-0.28,4.0,10.0,11.0,25.0,0.16,0.4,0.44,0.5724566953182221,-0.28,3.258096538021482,-0.12414488469006794,-0.9817416679671359,0.5601085773879774
2023-08-15,0.9593025714159013,-0.1,4.0,10.0,6.0,20.0,0.2,0.5,0.3,0.6415117999911308,-0.09999999999999998,3.044522437723423,0.18441423126266654,-0.40279478929352674,0.403490507486875
2023-08-16,0.9554632224819876,-0.2272727272727272,4.0,9.0,9.0,22.0,0.1818181818181818,0.4090909090909091,0.4090909090909091,0.6006424375555731,-0.22727272727272732,3.1354942159291497,0.0017975456114043505,-0.8121511681536545,0.4702018938308565
2023-08-17,0.9215974926948548,-0.45,2.0,7.0,11.0,20.0,0.1,0.35,0.55,0.5101182448863983,-0.45000000000000007,3.044522437723423,-0.4026919558474747,-1.5285248311588777,0.403490507486875
2023-08-18,0.9722567899473782,-0.7241379310344828,1.0,6.0,22.0,29.0,0.0344827586206896,0.2068965517241379,0.7586206896551724,0.4633383736528198,-0.7241379310344828,3.4011973816621555,-0.6117185843724262,-2.41025427281696,0.665047228193219
2023-08-19,0.98770006497701,-0.3333333333333333,1.0,0.0,2.0,3.0,0.3333333333333333,0.0,0.6666666666666666,0.591390045483907,-0.3333333333333333,1.3862943611198906,-0.03954494357319929,-1.1532814838704273,-0.8125206120778071
2023-08-20,0.0,0.0,,,,0.0,0.0,0.0,0.0,0.0,0.0,0.0,-2.682054725899988,-0.08115763447485524,-1.829117413142979
2023-08-21,0.8998274984567062,0.1304347826086956,10.0,6.0,7.0,23.0,0.4347826086956521,0.2608695652173913,0.3043478260869565,0.669009683702303,0.13043478260869562,3.1780538303479458,0.30728310140166204,0.33836908920167286,0.5014116924754702
2023-08-22,0.9638441247599464,-0.2142857142857142,2.0,7.0,5.0,14.0,0.1428571428571428,0.5,0.3571428571428571,0.6104051730462482,-0.2142857142857143,2.70805020110221,0.04542040371221735,-0.7703801090862944,0.15674882766063303
2023-08-23,0.971273384988308,-0.25,5.0,14.0,13.0,32.0,0.15625,0.4375,0.40625,0.6048913694918155,-0.25,3.4965075614664802,0.02078305997996985,-0.8852505215215343,0.7349400493829054
2023-08-24,0.9344428144395353,0.0625,11.0,12.0,9.0,32.0,0.34375,0.375,0.28125,0.6728599701076747,0.0625,3.4965075614664802,0.3244873468377337,0.11986558728681451,0.7349400493829054
2023-08-25,0.9387038081884383,0.0,5.0,10.0,5.0,20.0,0.25,0.5,0.25,0.6570926657319068,0.0,3.044522437723423,0.2540342569149943,-0.08115763447485524,0.403490507486875
2023-08-26,0.964541792869568,0.6666666666666666,2.0,1.0,0.0,3.0,0.6666666666666666,0.3333333333333333,0.0,0.8751792550086975,0.6666666666666666,1.3862943611198906,1.2285111693335113,2.0630900643162886,-0.8125206120778071
2023-08-27,0.4835792481899261,0.5,1.0,1.0,0.0,2.0,0.5,0.5,0.0,0.4885054737329483,0.5,1.0986122886681098,-0.4992643612038245,1.5270281396185026,-1.0234835091222876
2023-08-28,0.8785017799763453,0.1904761904761904,8.0,9.0,4.0,21.0,0.3809523809523809,0.4285714285714285,0.1904761904761904,0.6720941031262988,0.19047619047619047,3.091042453358316,0.3210652212782969,0.5314845651797573,0.43760454589480013
2023-08-29,0.9267833186130896,0.0980392156862745,18.0,20.0,13.0,51.0,0.3529411764705882,0.392156862745098,0.2549019607843137,0.678160087735045,0.0980392156862745,3.9512437185814275,0.34816987714875447,0.23417290946501884,1.0684069779205634
2023-08-30,0.9002005327492952,0.34375,14.0,15.0,3.0,32.0,0.4375,0.46875,0.09375,0.7332653729245067,0.34375,3.4965075614664802,0.5943969759696502,1.0244700852143283,0.7349400493829054
2023-08-31,0.9542601369321346,0.1875,11.0,16.0,5.0,32.0,0.34375,0.5,0.15625,0.7242320958524943,0.1875,3.4965075614664802,0.5540335589464082,0.521912030810154,0.7349400493829054
2023-09-01,0.936853383978208,-0.2222222222222222,7.0,14.0,15.0,36.0,0.1944444444444444,0.3888888888888889,0.4166666666666667,0.5891307021180789,-0.2222222222222223,3.6109179126442243,-0.04964037380816442,-0.7959068674052368,0.8188394002553128
2023-09-02,0.9889384210109712,0.25,1.0,3.0,0.0,4.0,0.25,0.75,0.0,0.7672568947076798,0.25,1.6094379124341003,0.7462813871364143,0.7229352525718238,-0.6488850763600583
2023-09-03,0.9994862377643584,0.0,0.0,4.0,0.0,4.0,0.0,1.0,0.0,0.6996403664350509,0.0,1.6094379124341003,0.44415026610749286,-0.08115763447485524,-0.6488850763600583
2023-09-04,0.9581652922289712,0.1428571428571428,4.0,8.0,2.0,14.0,0.2857142857142857,0.5714285714285714,0.1428571428571428,0.7135728474174226,0.1428571428571429,2.70805020110221,0.506404809566833,0.3783240152661044,0.15674882766063303
2023-09-05,0.8784331207474073,-0.0833333333333333,5.0,12.0,7.0,24.0,0.2083333333333333,0.5,0.2916666666666667,0.589903184523185,-0.0833333333333334,3.2188758248682006,-0.046188688532505365,-0.3491885968237484,0.5313472604228624
2023-09-06,0.949569288889567,-0.3333333333333333,5.0,10.0,15.0,30.0,0.1666666666666666,0.3333333333333333,0.5,0.5646985022226969,-0.33333333333333337,3.4339872044851463,-0.15881084044069324,-1.1532814838704275,0.6890926473511084
2023-09-07,0.9432149303370508,0.0689655172413793,9.0,13.0,7.0,29.0,0.3103448275862069,0.4482758620689655,0.2413793103448276,0.6809401064083493,0.06896551724137931,3.4011973816621555,0.3605918423058562,0.1406610929862976,0.665047228193219
2023-09-08,0.9138858405252298,0.0,5.0,14.0,5.0,24.0,0.2083333333333333,0.5833333333333334,0.2083333333333333,0.6397200883676608,0.0,3.2188758248682006,0.17640832124053546,-0.08115763447485524,0.5313472604228624
2023-09-09,0.9999275207519532,-0.5,0.0,1.0,1.0,2.0,0.0,0.5,0.5,0.5499492645263672,-0.5,1.0986122886681098,-0.22471490019287074,-1.6893434085682133,-1.0234835091222876
2023-09-10,0.9999690055847168,0.0,0.0,1.0,0.0,1.0,0.0,1.0,0.0,0.6999783039093017,0.0,0.6931471805599453,0.4456602730620264,-0.08115763447485524,-1.320819012610393
2023-09-11,0.9253740628560384,0.0,4.0,7.0,4.0,15.0,0.2666666666666666,0.4666666666666667,0.2666666666666666,0.6477618439992269,0.0,2.772588722239781,0.21234132025830998,-0.08115763447485524,0.20407618898736474
2023-09-12,0.9504663579993776,-0.25,4.0,19.0,13.0,36.0,0.1111111111111111,0.5277777777777778,0.3611111111111111,0.5903264505995643,-0.25,3.6109179126442243,-0.044297407548152236,-0.8852505215215343,0.8188394002553128
2023-09-13,0.9582338957559496,0.0952380952380952,8.0,7.0,6.0,21.0,0.3809523809523809,0.3333333333333333,0.2857142857142857,0.6993351556005933,0.09523809523809518,3.091042453358316,0.44278649168841844,0.22516346535245088,0.43760454589480013
2023-09-14,0.9381052739918232,0.5625,10.0,5.0,1.0,16.0,0.625,0.3125,0.0625,0.8254236917942761,0.5625,2.833213344056216,1.0061882480680646,1.7280513613801725,0.24853341130094786
2023-09-15,0.977081859813017,0.3529411764705882,8.0,7.0,2.0,17.0,0.4705882352941176,0.4117647058823529,0.1176470588235294,0.7898396548102883,0.3529411764705882,2.8903717578961645,0.8471879968076217,1.0540323237086915,0.2904487954309894
2023-09-16,0.999992609024048,-1.0,0.0,0.0,1.0,1.0,0.0,0.0,1.0,0.39999482631683353,-1.0,0.6931471805599453,-0.8947567328175182,-3.297529182661571,-1.320819012610393
2023-09-17,0.9302477538585664,0.0,1.0,4.0,1.0,6.0,0.1666666666666666,0.6666666666666666,0.1666666666666666,0.6511734277009964,0.0,1.9459101490553132,0.2275853091857461,-0.08115763447485524,-0.40214339653381637
2023-09-18,0.9640825247764588,0.24,11.0,9.0,5.0,25.0,0.44,0.36,0.2,0.746857767343521,0.24,3.258096538021482,0.6551319096936352,0.6907715370899566,0.5601085773879774
2023-09-19,0.9416759038964908,0.25,11.0,8.0,5.0,24.0,0.4583333333333333,0.3333333333333333,0.2083333333333333,0.7341731327275435,0.25,3.2188758248682006,0.5984531216181029,0.7229352525718238,0.5313472604228624
2023-09-20,0.9457324276099334,0.054054054054054,12.0,15.0,10.0,37.0,0.3243243243243243,0.4054054054054054,0.2702702702702703,0.6782289155431694,0.054054054054054,3.6375861597263857,0.3484774206349086,0.09270028704875086,0.8383957480513464
2023-09-21,0.9531790771905112,-0.1176470588235294,8.0,14.0,12.0,34.0,0.2352941176470588,0.4117647058823529,0.3529411764705882,0.631931236386299,-0.11764705882352941,3.5553480614894135,0.14160537230519687,-0.45955428720270414,0.7780889402491042
2023-09-22,0.9696083554515132,-0.1851851851851851,6.0,10.0,11.0,27.0,0.2222222222222222,0.3703703703703703,0.4074074074074074,0.6231702932605037,-0.18518518518518517,3.332204510175204,0.10245882581001613,-0.6767819952501729,0.6144534045313554
2023-09-23,0.7991194526354471,-0.6666666666666666,0.0,1.0,2.0,3.0,0.0,0.3333333333333333,0.6666666666666666,0.359383616844813,-0.6666666666666666,1.3862943611198906,-1.0762199128650032,-2.225405333265999,-0.8125206120778071
2023-09-24,0.6894866526126862,0.5,1.0,1.0,0.0,2.0,0.5,0.5,0.0,0.6326406568288803,0.5,1.0986122886681098,0.14477527763860445,1.5270281396185026,-1.0234835091222876
2023-09-25,0.959599630190776,-0.0769230769230769,7.0,10.0,9.0,26.0,0.2692307692307692,0.3846153846153846,0.3461538461538461,0.64864281805662,-0.07692307692307687,3.295836866004329,0.2162777790851283,-0.3285708304892178,0.5877842989190949
2023-09-26,0.8944384952386221,-0.125,6.0,9.0,9.0,24.0,0.25,0.375,0.375,0.5886069466670354,-0.125,3.2188758248682006,-0.05198067174435486,-0.4832040779981947,0.5313472604228624
2023-09-27,0.8855703444707961,-0.4285714285714285,1.0,10.0,10.0,21.0,0.0476190476190476,0.4761904761904761,0.4761904761904761,0.49132781255812863,-0.4285714285714285,3.091042453358316,-0.48665329679458647,-1.4596025836977333,0.43760454589480013
2023-09-28,0.9605577780919916,0.0,8.0,18.0,8.0,34.0,0.2352941176470588,0.5294117647058824,0.2352941176470588,0.6723904446643941,0.0,3.5553480614894135,0.32238936499580895,-0.08115763447485524,0.7780889402491042
2023-09-29,0.9227440512698628,0.0434782608695652,6.0,12.0,5.0,23.0,0.2608695652173913,0.5217391304347826,0.217391304347826,0.6589643141497735,0.0434782608695653,3.1780538303479458,0.26239734873748555,0.058684606750654414,0.5014116924754702
2023-09-30,0.8612117320299149,0.25,4.0,2.0,2.0,8.0,0.5,0.25,0.25,0.6778482124209403,0.25,2.1972245773362196,0.3467763238167677,0.7229352525718238,-0.2178496051015963
2023-10-01,0.0,0.0,,,,0.0,0.0,0.0,0.0,0.0,0.0,0.0,-2.682054725899988,-0.08115763447485524,-1.829117413142979
2023-10-02,0.9103399217128754,0.21875,11.0,17.0,4.0,32.0,0.34375,0.53125,0.125,0.7028629451990127,0.21875,3.4965075614664802,0.4585497237465197,0.622423641690989,0.7349400493829054
2023-10-03,0.9541194072136512,0.0,8.0,10.0,8.0,26.0,0.3076923076923077,0.3846153846153846,0.3076923076923077,0.6678835850495558,0.0,3.295836866004329,0.30225135166479505,-0.08115763447485524,0.5877842989190949
2023-10-04,0.9416985236681424,0.1153846153846153,9.0,11.0,6.0,26.0,0.3461538461538461,0.4230769230769231,0.2307692307692307,0.6938043511830843,0.11538461538461539,3.295836866004329,0.4180731829524808,0.28996215954668897,0.5877842989190949
2023-10-05,0.8967932707497052,-0.1071428571428571,7.0,11.0,10.0,28.0,0.25,0.3928571428571428,0.3571428571428571,0.5956124323819364,-0.1071428571428571,3.367295829986474,-0.020678040472587474,-0.42576887178057465,0.6401865564980662
2023-10-06,0.9739192058058346,-0.0588235294117647,5.0,6.0,6.0,17.0,0.2941176470588235,0.3529411764705882,0.3529411764705882,0.6640963852405547,-0.05882352941176472,2.8903717578961645,0.2853289962424566,-0.2703559608387797,0.2904487954309894
2023-10-07,0.952671229839325,0.6,3.0,2.0,0.0,5.0,0.6,0.4,0.0,0.8468698608875274,0.6,1.791759469228055,1.1020162249762304,1.8486652944371742,-0.5151851085897018
2023-10-08,0.91087606549263,0.5,1.0,1.0,0.0,2.0,0.5,0.5,0.0,0.7876132458448409,0.5,1.0986122886681098,0.8372397274453252,1.5270281396185026,-1.0234835091222876
2023-10-09,0.9167442790099553,0.0,4.0,6.0,4.0,14.0,0.2857142857142857,0.4285714285714285,0.2857142857142857,0.6417209953069687,0.0,2.70805020110221,0.18534897927328975,-0.08115763447485524,0.15674882766063303
2023-10-10,0.9480003657795134,-0.3333333333333333,5.0,4.0,12.0,21.0,0.238095238095238,0.1904761904761904,0.5714285714285714,0.5636002560456593,-0.33333333333333337,3.091042453358316,-0.16371813688301012,-1.1532814838704275,0.43760454589480013
2023-10-11,0.9766184297891763,0.1923076923076923,10.0,11.0,5.0,26.0,0.3846153846153846,0.4230769230769231,0.1923076923076923,0.7413252085447312,0.1923076923076923,3.295836866004329,0.6304107618509492,0.5373753555610516,0.5877842989190949
2023-10-12,0.9324372548323412,0.1153846153846153,10.0,9.0,7.0,26.0,0.3846153846153846,0.3461538461538461,0.2692307692307692,0.6873214629980234,0.11538461538461536,3.295836866004329,0.3891056756743757,0.28996215954668886,0.5877842989190949
2023-10-13,0.9261868972527352,-0.1578947368421052,3.0,10.0,6.0,19.0,0.1578947368421052,0.5263157894736842,0.3157894736842105,0.6009624070242829,-0.1578947368421053,2.995732273553991,0.0032272660768879456,-0.5890057736622316,0.36771172470511354
2023-10-14,0.9849692583084106,0.25,2.0,1.0,1.0,4.0,0.5,0.25,0.25,0.7644784808158873,0.25,1.6094379124341003,0.7338665926289982,0.7229352525718238,-0.6488850763600583
2023-10-15,0.9984512329101562,0.0,0.0,1.0,0.0,1.0,0.0,1.0,0.0,0.6989158630371093,0.0,0.6931471805599453,0.4409129655627683,-0.08115763447485524,-1.320819012610393
2023-10-16,0.9320719670958636,0.2682926829268293,17.0,18.0,6.0,41.0,0.4146341463414634,0.4390243902439024,0.1463414634146341,0.7329381818451532,0.2682926829268293,3.7376696182833684,0.5929349871612759,0.7817713174776784,0.911788908019461
2023-10-17,0.9395080120475204,-0.1481481481481481,6.0,11.0,10.0,27.0,0.2222222222222222,0.4074074074074074,0.3703703703703703,0.6132111639888199,-0.14814814814814808,3.332204510175204,0.057958420832202706,-0.5576571230951093,0.6144534045313554
2023-10-18,0.8808292627334595,0.2,4.0,4.0,2.0,10.0,0.4,0.4,0.2,0.6765804839134215,0.2,2.3978952727983707,0.34111172900656633,0.562116675162488,-0.07069385463778585
2023-10-19,0.9406203508377076,0.0,4.0,7.0,4.0,15.0,0.2666666666666666,0.4666666666666667,0.2666666666666666,0.6584342455863953,0.0,2.772588722239781,0.26002884190392067,-0.08115763447485524,0.20407618898736474
2023-10-20,0.9517775157402302,-0.1034482758620689,8.0,10.0,11.0,29.0,0.2758620689655172,0.3448275862068966,0.3793103448275862,0.6352097782595404,-0.103448275862069,3.4011973816621555,0.15625489006080834,-0.4138857256665846,0.665047228193219
2023-10-21,0.9258421858151754,-0.3333333333333333,0.0,2.0,1.0,3.0,0.0,0.6666666666666666,0.3333333333333333,0.5480895300706228,-0.3333333333333333,1.3862943611198906,-0.23302475682532986,-1.1532814838704273,-0.8125206120778071
2023-10-22,0.8977647622426351,-0.6666666666666666,0.0,1.0,2.0,3.0,0.0,0.3333333333333333,0.6666666666666666,0.42843533356984465,-0.6666666666666666,1.3862943611198906,-0.7676759352891753,-2.225405333265999,-0.8125206120778071
2023-10-23,0.9478918881643386,0.0,6.0,9.0,6.0,21.0,0.2857142857142857,0.4285714285714285,0.2857142857142857,0.663524321715037,0.0,3.091042453358316,0.28277284320295787,-0.08115763447485524,0.43760454589480013
2023-10-24,0.9692244397269356,0.2592592592592592,24.0,20.0,10.0,54.0,0.4444444444444444,0.3703703703703703,0.1851851851851851,0.7562348855866327,0.2592592592592593,4.007333185232471,0.6970317131764311,0.7527164706105898,1.109538482145135
2023-10-25,0.96874081662723,0.1666666666666666,19.0,11.0,12.0,42.0,0.4523809523809524,0.2619047619047619,0.2857142857142857,0.7281185716390609,0.16666666666666669,3.7612001156935624,0.5713995094949587,0.45490429022293083,0.9290442825384422
2023-10-26,0.9356100130081176,0.24,11.0,9.0,5.0,25.0,0.44,0.36,0.2,0.7269270091056823,0.24,3.258096538021482,0.566075247318495,0.6907715370899566,0.5601085773879774
2023-10-27,0.9267059383185012,0.2608695652173913,10.0,9.0,4.0,23.0,0.4347826086956521,0.391304347826087,0.1739130434782608,0.7269550263881682,0.2608695652173913,3.1780538303479458,0.5662004370196214,0.7578958128782011,0.5014116924754702
2023-10-28,0.9737848440806072,0.1666666666666666,2.0,3.0,1.0,6.0,0.3333333333333333,0.5,0.1666666666666666,0.7316493908564249,0.1666666666666667,1.9459101490553132,0.5871762788078023,0.45490429022293094,-0.40214339653381637
2023-10-29,0.9983376264572142,0.3333333333333333,1.0,2.0,0.0,3.0,0.3333333333333333,0.6666666666666666,0.0,0.7988363385200499,0.3333333333333333,1.3862943611198906,0.887387903608711,0.9909662149207167,-0.8125206120778071
2023-10-30,0.9639027258929084,0.0588235294117647,6.0,6.0,5.0,17.0,0.3529411764705882,0.3529411764705882,0.2941176470588235,0.6923789669485653,0.05882352941176472,2.8903717578961645,0.4117041346195675,0.10804069188906927,0.2904487954309894
2023-10-31,0.9112291106810936,0.4230769230769231,13.0,11.0,2.0,26.0,0.5,0.4230769230769231,0.0769230769230769,0.7647834543998424,0.42307692307692313,3.295836866004329,0.7352293069409938,1.2796149436041402,0.5877842989190949
2023-11-01,0.9210717578728994,0.0,2.0,8.0,2.0,12.0,0.1666666666666666,0.6666666666666666,0.1666666666666666,0.6447502305110295,0.0,2.5649493574615367,0.1988845193467611,-0.08115763447485524,0.05181017685539133
2023-11-02,0.9490546030657632,0.1666666666666666,12.0,25.0,5.0,42.0,0.2857142857142857,0.5952380952380952,0.119047619047619,0.7143382221460342,0.16666666666666669,3.7612001156935624,0.5098247355918761,0.45490429022293083,0.9290442825384422
2023-11-03,0.9060374171503128,0.032258064516129,9.0,14.0,8.0,31.0,0.2903225806451613,0.4516129032258064,0.2580645161290322,0.6439036113600576,0.032258064516129115,3.4657359027997265,0.1951015686436968,0.02259628643439393,0.7123745895199507
2023-11-04,0.7902325987815857,-0.5,0.0,1.0,1.0,2.0,0.0,0.5,0.5,0.40316281914710994,-0.5,1.0986122886681098,-0.8806011816575446,-1.6893434085682133,-1.0234835091222876
2023-11-05,0.9580968419710796,0.0,0.0,3.0,0.0,3.0,0.0,1.0,0.0,0.6706677893797557,0.0,1.3862943611198906,0.31469201960422527,-0.08115763447485524,-0.8125206120778071
2023-11-06,0.9394196808338166,0.5,11.0,8.0,1.0,20.0,0.55,0.4,0.05,0.8075937765836716,0.5,3.044522437723423,0.926518788424849,1.5270281396185026,0.403490507486875
2023-11-07,0.9632451761336552,0.1904761904761904,6.0,13.0,2.0,21.0,0.2857142857142857,0.6190476190476191,0.0952380952380952,0.7314144804364158,0.1904761904761905,3.091042453358316,0.5861266279258084,0.5314845651797574,0.43760454589480013
2023-11-08,0.941231678832661,0.2272727272727272,8.0,11.0,3.0,22.0,0.3636363636363636,0.5,0.1363636363636363,0.7270439933646808,0.2272727272727273,3.1354942159291497,0.5665979684078041,0.6498358992039439,0.4702018938308565
2023-11-09,0.93339071671168,0.3888888888888889,16.0,18.0,2.0,36.0,0.4444444444444444,0.5,0.0555555555555555,0.7700401683648426,0.38888888888888895,3.6109179126442243,0.7587178965469288,1.1696535231533123,0.8188394002553128
2023-11-10,0.908896028995514,0.064516129032258,10.0,13.0,8.0,31.0,0.3225806451612903,0.4193548387096774,0.2580645161290322,0.6555820590065371,0.06451612903225812,3.4657359027997265,0.24728440868957843,0.12635020734364275,0.7123745895199507
2023-11-11,0.9931059181690216,0.75,9.0,3.0,0.0,12.0,0.75,0.25,0.0,0.9201741427183151,0.75,2.5649493574615367,1.4295619510220499,2.3311210266651816,0.05181017685539133
2023-11-12,0.9998852014541626,0.0,0.0,1.0,0.0,1.0,0.0,1.0,0.0,0.6999196410179138,0.0,0.6931471805599453,0.4453981495015507,-0.08115763447485524,-1.320819012610393
2023-11-13,0.9186564707756042,0.24,10.0,11.0,4.0,25.0,0.4,0.44,0.16,0.7150595295429228,0.24000000000000002,3.258096538021482,0.5130477554362217,0.6907715370899566,0.5601085773879774
2023-11-14,0.9310561885004458,0.1739130434782608,8.0,11.0,4.0,23.0,0.3478260869565217,0.4782608695652174,0.1739130434782608,0.7039132449937903,0.17391304347826086,3.1780538303479458,0.46324278123585316,0.47821133042718234,0.5014116924754702
2023-11-15,0.9510347247123718,0.5555555555555556,17.0,8.0,2.0,27.0,0.6296296296296297,0.2962962962962963,0.074074074074074,0.8323909739653269,0.5555555555555557,3.332204510175204,1.0373201743387679,1.7057154478510985,0.6144534045313554
2023-11-16,0.9537557505425952,0.1904761904761904,9.0,7.0,5.0,21.0,0.4285714285714285,0.3333333333333333,0.238095238095238,0.7247718825226738,0.1904761904761905,3.091042453358316,0.5564454892235771,0.5314845651797574,0.43760454589480013
2023-11-17,0.9288470092273894,-0.0476190476190476,4.0,12.0,5.0,21.0,0.1904761904761904,0.5714285714285714,0.238095238095238,0.6359071921734583,-0.04761904761904759,3.091042453358316,0.15937114658885118,-0.23431818438850827,0.43760454589480013
2023-11-18,0.9799353182315826,0.5,2.0,2.0,0.0,4.0,0.5,0.5,0.0,0.8359547227621078,0.5,1.6094379124341003,1.0532440829827545,1.5270281396185026,-0.6488850763600583
2023-11-19,0.8518400192260742,0.0,0.0,1.0,0.0,1.0,0.0,1.0,0.0,0.5962880134582519,0.0,0.6931471805599453,-0.017659339673425777,-0.08115763447485524,-1.320819012610393
2023-11-20,0.935640106598536,0.2222222222222222,8.0,6.0,4.0,18.0,0.4444444444444444,0.3333333333333333,0.2222222222222222,0.7216147412856418,0.2222222222222222,2.9444389791664403,0.542338426267829,0.633591598455526,0.33009734751876035
2023-11-21,0.9171339750289916,-0.05,4.0,11.0,5.0,20.0,0.2,0.55,0.25,0.6269937825202941,-0.04999999999999999,3.044522437723423,0.11954333348608032,-0.24197621188419097,0.403490507486875
2023-11-22,0.9244424775242804,0.0,5.0,6.0,5.0,16.0,0.3125,0.375,0.3125,0.6471097342669963,0.0,2.833213344056216,0.20942749653109471,-0.08115763447485524,0.24853341130094786
2023-11-23,0.9553814259442416,0.1818181818181818,9.0,8.0,5.0,22.0,0.4090909090909091,0.3636363636363636,0.2272727272727272,0.7233124527064236,0.1818181818181819,3.1354942159291497,0.5499243149232813,0.5036371924681844,0.4702018938308565
2023-11-24,0.9253515154123306,0.625,12.0,2.0,2.0,16.0,0.75,0.125,0.125,0.8352460607886314,0.625,2.833213344056216,1.0500775667189541,1.929074583141842,0.24853341130094786
2023-11-25,0.98033344745636,0.3333333333333333,1.0,2.0,0.0,3.0,0.3333333333333333,0.6666666666666666,0.0,0.786233413219452,0.3333333333333333,1.3862943611198906,0.8310742174939689,0.9909662149207167,-0.8125206120778071
2023-11-26,0.9999759793281554,1.0,2.0,0.0,0.0,2.0,1.0,0.0,0.0,0.9999831855297088,1.0,1.0986122886681098,1.786172918619042,3.1352139137118606,-1.0234835091222876
2023-11-27,0.9084999296400282,0.5555555555555556,11.0,6.0,1.0,18.0,0.6111111111111112,0.3333333333333333,0.0555555555555555,0.8026166174146864,0.5555555555555557,2.9444389791664403,0.904279334290177,1.7057154478510985,0.33009734751876035
2023-11-28,0.9392983809113502,0.35,10.0,7.0,3.0,20.0,0.5,0.35,0.15,0.762508866637945,0.35,3.044522437723423,0.7250657601287432,1.0445724073904952,0.403490507486875
2023-11-29,0.9149089121457302,0.1818181818181818,13.0,13.0,7.0,33.0,0.3939393939393939,0.3939393939393939,0.2121212121212121,0.6949816930474657,0.18181818181818182,3.5263605246161616,0.42333390287417844,0.5036371924681841,0.7568318118335339
2023-11-30,0.8753670072555542,0.2,10.0,10.0,5.0,25.0,0.4,0.4,0.2,0.672756905078888,0.2,3.258096538021482,0.32402682108342895,0.562116675162488,0.5601085773879774
2023-12-01,0.9711376627286276,0.4545454545454545,19.0,10.0,4.0,33.0,0.5757575757575758,0.303030303030303,0.1212121212121212,0.8161600002736756,0.4545454545454546,3.5263605246161616,0.9647952695244132,1.380829432882743,0.7568318118335339
2023-12-02,0.8565649390220642,-0.3333333333333333,0.0,2.0,1.0,3.0,0.0,0.6666666666666666,0.3333333333333333,0.49959545731544497,-0.3333333333333333,1.3862943611198906,-0.44971095676900397,-1.1532814838704273,-0.8125206120778071
2023-12-03,0.9814404944578806,0.1666666666666666,2.0,3.0,1.0,6.0,0.3333333333333333,0.5,0.1666666666666666,0.7370083461205164,0.1666666666666667,1.9459101490553132,0.6111217134943567,0.45490429022293094,-0.40214339653381637
2023-12-04,0.964511686708869,0.5121951219512195,27.0,8.0,6.0,41.0,0.6585365853658537,0.1951219512195122,0.1463414634146341,0.8288167172815741,0.5121951219512195,3.7376696182833684,1.021349313274248,1.5662521828890725,0.911788908019461
2023-12-05,0.9421910072366396,0.0,6.0,12.0,6.0,24.0,0.25,0.5,0.25,0.6595337050656477,0.0,3.2188758248682006,0.2649415597478929,-0.08115763447485524,0.5313472604228624
2023-12-06,0.898269423706965,-0.3863636363636363,6.0,15.0,23.0,44.0,0.1363636363636363,0.3409090909090909,0.5227272727272727,0.5128795056857847,-0.3863636363636364,3.8066624897703196,-0.39035380655048524,-1.323846641728814,0.9623827316813243
2023-12-07,0.9302815034471708,0.1379310344827586,10.0,13.0,6.0,29.0,0.3448275862068966,0.4482758620689655,0.2068965517241379,0.6925763627578471,0.13793103448275867,3.4011973816621555,0.41258615886228306,0.3624798204474506,0.665047228193219
2023-12-08,0.9263024717569353,0.2,9.0,6.0,5.0,20.0,0.45,0.3,0.25,0.7084117302298547,0.2,3.044522437723423,0.4833433753069388,0.562116675162488,0.403490507486875
2023-12-09,0.949031094710032,0.3333333333333333,1.0,2.0,0.0,3.0,0.3333333333333333,0.6666666666666666,0.0,0.7643217662970223,0.3333333333333333,1.3862943611198906,0.7331663447092103,0.9909662149207167,-0.8125206120778071
2023-12-10,0.9995013475418092,1.0,1.0,0.0,0.0,1.0,1.0,0.0,0.0,0.9996509432792664,1.0,0.6931471805599453,1.7846883596488654,3.1352139137118606,-1.320819012610393
2023-12-11,0.949702836573124,0.15625,14.0,9.0,9.0,32.0,0.4375,0.28125,0.28125,0.7116669856011868,0.15625,3.4965075614664802,0.4978888419214102,0.42140041992931915,0.7349400493829054
2023-12-12,0.8545496221631765,0.1875,11.0,16.0,5.0,32.0,0.34375,0.5,0.15625,0.6544347355142236,0.1875,3.4965075614664802,0.24215781994314298,0.521912030810154,0.7349400493829054
2023-12-13,0.9692799531180284,0.3103448275862069,13.0,12.0,4.0,29.0,0.4482758620689655,0.4137931034482758,0.1379310344827586,0.7715994154584819,0.31034482758620696,3.4011973816621555,0.7656850846649415,0.9170266391003327,0.665047228193219
2023-12-14,0.9730454385280608,0.3214285714285714,12.0,13.0,3.0,28.0,0.4285714285714285,0.4642857142857143,0.1071428571428571,0.7775603783982139,0.3214285714285714,3.367295829986474,0.7923204719201332,0.9526760774423033,0.6401865564980662
2023-12-15,0.9363817616745278,0.1111111111111111,12.0,6.0,9.0,27.0,0.4444444444444444,0.2222222222222222,0.3333333333333333,0.6888005665055027,0.1111111111111111,3.332204510175204,0.3957147579838178,0.27621698199033545,0.6144534045313554
2023-12-16,0.9552879333496094,0.5,1.0,1.0,0.0,2.0,0.5,0.5,0.0,0.8187015533447265,0.5,1.0986122886681098,0.976151698168827,1.5270281396185026,-1.0234835091222876
2023-12-17,0.8693131407101949,0.0,2.0,2.0,2.0,6.0,0.3333333333333333,0.3333333333333333,0.3333333333333333,0.6085191984971364,0.0,1.9459101490553132,0.03699329839770488,-0.08115763447485524,-0.40214339653381637
2023-12-18,0.8948478815348252,0.1739130434782608,7.0,13.0,3.0,23.0,0.3043478260869565,0.5652173913043478,0.1304347826086956,0.6785674301178559,0.1739130434782609,3.1780538303479458,0.3499900062489212,0.47821133042718245,0.5014116924754702
2023-12-19,0.9315251084891232,0.5454545454545454,19.0,13.0,1.0,33.0,0.5757575757575758,0.3939393939393939,0.0303030303030303,0.8157039395787498,0.5454545454545455,3.5263605246161616,0.9627574522549489,1.6732268463542628,0.7568318118335339
2023-12-20,0.962981798030712,0.4444444444444444,14.0,11.0,2.0,27.0,0.5185185185185185,0.4074074074074074,0.074074074074074,0.8074205919548317,0.4444444444444445,3.332204510175204,0.9257449470669284,1.3483408313859075,0.6144534045313554
2023-12-21,0.9393460854240084,0.0434782608695652,9.0,6.0,8.0,23.0,0.391304347826087,0.2608695652173913,0.3478260869565217,0.6705857380576755,0.0434782608695653,3.1780538303479458,0.31432538945394556,0.058684606750654414,0.5014116924754702
2023-12-22,0.94379878282547,0.24,11.0,9.0,5.0,25.0,0.44,0.36,0.2,0.7326591479778289,0.24,3.258096538021482,0.5916881793571276,0.6907715370899566,0.5601085773879774
2023-12-23,0.925289535522461,-0.2,2.0,4.0,4.0,10.0,0.2,0.4,0.4,0.5877026748657226,-0.2,2.3978952727983707,-0.05602123194501921,-0.7244319441121985,-0.07069385463778585
2023-12-24,0.8788303375244141,0.6,3.0,2.0,0.0,5.0,0.6,0.4,0.0,0.7951812362670898,0.6,1.791759469228055,0.8710558000628212,1.8486652944371742,-0.5151851085897018
2023-12-25,0.9385616779327391,0.1666666666666666,3.0,1.0,2.0,6.0,0.5,0.1666666666666666,0.3333333333333333,0.7069931745529173,0.16666666666666669,1.9459101490553132,0.477004839036828,0.45490429022293083,-0.40214339653381637
2023-12-26,0.9589939415454865,0.2916666666666667,13.0,5.0,6.0,24.0,0.5416666666666666,0.2083333333333333,0.25,0.7587957590818405,0.29166666666666663,3.2188758248682006,0.7084744713257518,0.8569507337462701,0.5313472604228624
2023-12-27,0.9279120572515436,0.2972972972972973,19.0,10.0,8.0,37.0,0.5135135135135135,0.2702702702702703,0.2162162162162162,0.7387276292652696,0.29729729729729726,3.6375861597263857,0.618803991143928,0.8750609339049791,0.8383957480513464
2023-12-28,0.9038258994880476,0.2368421052631578,16.0,15.0,7.0,38.0,0.4210526315789473,0.3947368421052631,0.1842105263157894,0.7037307612205806,0.23684210526315788,3.6635616461296463,0.4624273884853246,0.6806145743062091,0.8574440808760825
2023-12-29,0.9213301009602016,0.4444444444444444,15.0,9.0,3.0,27.0,0.5555555555555556,0.3333333333333333,0.1111111111111111,0.7782644040054744,0.4444444444444445,3.332204510175204,0.7954662714958972,1.3483408313859075,0.6144534045313554
2023-12-30,0.9969151020050048,0.6666666666666666,4.0,2.0,0.0,6.0,0.6666666666666666,0.3333333333333333,0.0,0.8978405714035033,0.6666666666666666,1.9459101490553132,1.3297687923032677,2.0630900643162886,-0.40214339653381637
2023-12-31,0.9311872497200966,0.875,7.0,1.0,0.0,8.0,0.875,0.125,0.0,0.9143310748040676,0.875,2.1972245773362196,1.4034533544365855,2.7331674701885214,-0.2178496051015963
2024-01-01,0.9931677103042602,-0.2,0.0,4.0,1.0,5.0,0.0,0.8,0.2,0.6352173972129822,-0.2,1.791759469228055,0.15628893385162768,-0.7244319441121985,-0.5151851085897018
2024-01-02,0.9694009671608608,0.3888888888888889,19.0,12.0,5.0,36.0,0.5277777777777778,0.3333333333333333,0.1388888888888889,0.7952473436792692,0.3888888888888889,3.6109179126442243,0.8713511879962204,1.169653523153312,0.8188394002553128
2024-01-03,0.9713956659490413,-0.2954545454545454,8.0,15.0,21.0,44.0,0.1818181818181818,0.3409090909090909,0.4772727272727273,0.5913406025279652,-0.2954545454545455,3.8066624897703196,-0.0397658696705204,-1.0314492282572945,0.9623827316813243
2024-01-04,0.9325484988235292,0.238095238095238,18.0,16.0,8.0,42.0,0.4285714285714285,0.3809523809523809,0.1904761904761904,0.7242125206050418,0.23809523809523808,3.7612001156935624,0.5539460908138625,0.6846451150934104,0.9290442825384422
2024-01-05,0.9424597967502684,-0.0930232558139534,10.0,19.0,14.0,43.0,0.2325581395348837,0.4418604651162791,0.3255813953488372,0.6318148809810017,-0.09302325581395349,3.784189633918261,0.14108546112462714,-0.38035498779454974,0.9459029464273858
2024-01-06,0.9450965722401936,0.6666666666666666,6.0,3.0,0.0,9.0,0.6666666666666666,0.3333333333333333,0.0,0.8615676005681354,0.6666666666666666,2.302585092994046,1.167690176001766,2.0630900643162886,-0.14058667582747214
2024-01-07,0.980660742521286,0.1,3.0,5.0,2.0,10.0,0.3,0.5,0.2,0.7164625197649002,0.09999999999999998,2.3978952727983707,0.5193167405407144,0.2404795203438163,-0.07069385463778585
2024-01-08,0.926760657036558,0.2127659574468085,16.0,25.0,6.0,47.0,0.3404255319148936,0.5319148936170213,0.1276595744680851,0.7125622471596331,0.2127659574468085,3.871201010907891,0.5018891416288559,0.6031767374797652,1.0097100930080563
2024-01-09,0.9011018765600104,-0.0526315789473684,26.0,38.0,31.0,95.0,0.2736842105263158,0.4,0.3263157894736842,0.6149818399077966,-0.05263157894736842,4.564348191467836,0.0658703369575373,-0.2504403475373139,1.518008493540642
2024-01-10,0.9342090131775024,-0.0376344086021505,46.0,87.0,53.0,186.0,0.2473118279569892,0.4677419354838709,0.2849462365591398,0.6426559866436066,-0.037634408602150615,5.231108616854587,0.18952680365894495,-0.20220387553564587,2.006956969806141
2024-01-11,0.9330858990203502,0.1116279069767441,60.0,119.0,36.0,215.0,0.2790697674418604,0.5534883720930233,0.1674418604651162,0.6866485014072684,0.11162790697674421,5.375278407684165,0.38609867952981725,0.27787918950877827,2.112679500516853
2024-01-12,0.9320490687665804,0.056338028169014,22.0,31.0,18.0,71.0,0.3098591549295774,0.4366197183098591,0.2535211267605634,0.6693357565873105,0.05633802816901401,4.276666119016055,0.30874009377913575,0.10004639640890317,1.3070455964961614
2024-01-13,0.9704338780471256,-0.1428571428571428,3.0,6.0,5.0,14.0,0.2142857142857142,0.4285714285714285,0.3571428571428571,0.6364465717758451,-0.1428571428571429,2.70805020110221,0.16178125796387174,-0.5406392842158148,0.15674882766063303
2024-01-14,0.9844729999701182,0.5,3.0,3.0,0.0,6.0,0.5,0.5,0.0,0.8391310999790828,0.5,1.9459101490553132,1.0674370981210939,1.5270281396185026,-0.40214339653381637
2024-01-15,0.9454539436282534,-0.0909090909090909,6.0,18.0,9.0,33.0,0.1818181818181818,0.5454545454545454,0.2727272727272727,0.6345450332670501,-0.09090909090909091,3.5263605246161616,0.15328460816509112,-0.37355504794637484,0.7568318118335339
2024-01-16,0.9478710270395466,0.0588235294117647,21.0,12.0,18.0,51.0,0.4117647058823529,0.2352941176470588,0.3529411764705882,0.6811567777512121,0.05882352941176472,3.9512437185814275,0.36155999546879314,0.10804069188906927,1.0684069779205634
2024-01-17,0.9064078517988616,0.0392156862745098,13.0,27.0,11.0,51.0,0.2549019607843137,0.5294117647058824,0.2156862745098039,0.646250202141556,0.0392156862745098,3.9512437185814275,0.20558684674835892,0.04497458310109441,1.0684069779205634
2024-01-18,0.9626296484470368,-0.2,22.0,36.0,42.0,100.0,0.22,0.36,0.42,0.6138407539129258,-0.19999999999999998,4.61512051684126,0.0607716192382443,-0.7244319441121984,1.555240833947456
2024-01-19,0.9338409203816864,-0.2205882352941176,26.0,54.0,56.0,136.0,0.1911764705882352,0.3970588235294117,0.4117647058823529,0.5875121736789451,-0.22058823529411772,4.919980925828125,-0.056872448926854495,-0.7906513583395722,1.7788009415548363
2024-01-20,0.9442635035514833,0.08,6.0,15.0,4.0,25.0,0.24,0.6,0.16,0.6849844524860382,0.07999999999999999,3.258096538021482,0.37866320511458085,0.176152089380082,0.5601085773879774
2024-01-21,0.8237947455861352,0.2272727272727272,7.0,13.0,2.0,22.0,0.3181818181818182,0.5909090909090909,0.0909090909090909,0.6448381400921127,0.2272727272727273,3.1354942159291497,0.19927732597201037,0.6498358992039439,0.4702018938308565
2024-01-22,0.9423030670580824,-0.08130081300813,17.0,79.0,27.0,123.0,0.1382113821138211,0.6422764227642277,0.2195121951219512,0.6352219030382186,-0.08130081300813008,4.820281565605037,0.1563090672430425,-0.3426512562786533,1.7056894484162803
2024-01-23,0.9397788356332218,-0.0352941176470588,20.0,42.0,23.0,85.0,0.2352941176470588,0.4941176470588235,0.2705882352941176,0.6472569496491376,-0.03529411764705878,4.454347296253507,0.21008529943188448,-0.19467663029320978,1.4373426830710279
